Feature 1,Feature 2,Correlation,Abs_Correlation,label_abs_corr_feat1,label_abs_corr_feat2, Feature 1 Missing , Feature 2 Missing 
loan_amnt,funded_amnt,99.97%,99.97%,2.68%,2.68%, - , - 
funded_amnt,funded_amnt_inv,99.93%,99.93%,2.68%,2.64%, - , - 
open_acc,num_sats,99.90%,99.90%,1.78%,1.84%, 0.00 , 2.77 
loan_amnt,funded_amnt_inv,99.90%,99.90%,2.68%,2.64%, - , - 
num_actv_rev_tl,num_rev_tl_bal_gt_0,98.24%,98.24%,5.07%,5.06%, 3.33 , 3.33 
int_rate,sub_grade,97.66%,97.66%,19.85%,22.50%, - , - 
grade,sub_grade,97.42%,97.42%,22.19%,22.50%, - , - 
tot_cur_bal,tot_hi_cred_lim,96.97%,96.97%,5.24%,6.20%, 3.33 , 3.33 
int_rate,grade,95.29%,95.29%,19.85%,22.19%, - , - 
total_bal_il,total_il_high_credit_limit,95.19%,95.19%,0.20%,1.21%, 40.42 , 3.33 
funded_amnt,installment,94.74%,94.74%,2.68%,3.00%, - , - 
loan_amnt,installment,94.71%,94.71%,2.68%,3.00%, - , - 
funded_amnt_inv,installment,94.65%,94.65%,2.64%,3.00%, - , - 
total_bal_il,total_bal_ex_mort,89.14%,89.14%,0.20%,1.03%, 40.42 , 2.36 
mths_since_recent_bc_dlq,mths_since_recent_revol_delinq,88.65%,88.65%,0.31%,0.67%, 76.74 , 66.98 
total_bal_ex_mort,total_il_high_credit_limit,87.42%,87.42%,1.03%,1.21%, 2.36 , 3.33 
revol_util,bc_util,86.78%,86.78%,6.95%,7.59%, 0.08 , 3.46 
mths_since_last_delinq,mths_since_recent_revol_delinq,86.62%,86.62%,1.30%,0.67%, 50.89 , 66.98 
open_rv_24m,acc_open_past_24mths,85.14%,85.14%,6.91%,8.87%, 40.42 , 2.36 
open_rv_12m,num_tl_op_past_12m,84.73%,84.73%,5.27%,7.72%, 40.42 , 3.33 
bc_open_to_buy,total_bc_limit,84.65%,84.65%,8.08%,7.27%, 3.40 , 2.36 
bc_util,percent_bc_gt_75,84.62%,84.62%,7.59%,7.83%, 3.46 , 3.43 
num_bc_tl,num_rev_accts,83.97%,83.97%,1.56%,2.22%, 3.33 , 3.33 
num_actv_bc_tl,num_bc_sats,83.87%,83.87%,2.34%,0.43%, 3.33 , 2.77 
open_acc,num_op_rev_tl,83.73%,83.73%,1.78%,2.36%, 0.00 , 3.33 
num_op_rev_tl,num_sats,83.66%,83.66%,2.36%,1.84%, 3.33 , 2.77 
tot_cur_bal,avg_cur_bal,83.41%,83.41%,5.24%,5.62%, 3.33 , 3.33 
num_actv_bc_tl,num_actv_rev_tl,82.00%,82.00%,2.34%,5.07%, 3.33 , 3.33 
num_actv_bc_tl,num_rev_tl_bal_gt_0,81.33%,81.33%,2.34%,5.06%, 3.33 , 3.33 
revol_bal,total_rev_hi_lim,80.98%,80.98%,1.79%,5.74%, - , 3.33 
num_op_rev_tl,num_rev_tl_bal_gt_0,80.35%,80.35%,2.36%,5.06%, 3.33 , 3.33 
num_actv_rev_tl,num_op_rev_tl,79.98%,79.98%,5.07%,2.36%, 3.33 , 3.33 
total_rev_hi_lim,total_bc_limit,79.57%,79.57%,5.74%,7.27%, 3.33 , 2.36 
num_op_rev_tl,num_rev_accts,79.27%,79.27%,2.36%,2.22%, 3.33 , 3.33 
avg_cur_bal,tot_hi_cred_lim,78.93%,78.93%,5.62%,6.20%, 3.33 , 3.33 
open_rv_12m,open_rv_24m,78.22%,78.22%,5.27%,6.91%, 40.42 , 40.42 
mths_since_last_delinq,mths_since_recent_bc_dlq,76.75%,76.75%,1.30%,0.31%, 50.89 , 76.74 
acc_open_past_24mths,num_tl_op_past_12m,76.68%,76.68%,8.87%,7.72%, 2.36 , 3.33 
total_acc,num_rev_accts,76.47%,76.47%,1.58%,2.22%, 0.00 , 3.33 
num_bc_sats,num_op_rev_tl,76.17%,76.17%,0.43%,2.36%, 2.77 , 3.33 
open_il_12m,open_il_24m,74.70%,74.70%,6.05%,6.07%, 40.42 , 40.42 
num_bc_sats,num_bc_tl,74.50%,74.50%,0.43%,1.56%, 2.77 , 3.33 
revol_util,percent_bc_gt_75,73.85%,73.85%,6.95%,7.83%, 0.08 , 3.43 
pub_rec,tax_liens,72.86%,72.86%,2.88%,1.36%, 0.00 , 0.00 
open_acc_6m,num_tl_op_past_12m,72.86%,72.86%,6.07%,7.72%, 40.42 , 3.33 
open_acc,total_acc,71.59%,71.59%,1.78%,1.58%, 0.00 , 0.00 
total_acc,num_sats,71.36%,71.36%,1.58%,1.84%, 0.00 , 2.77 
mths_since_last_delinq,mths_since_last_major_derog,70.56%,70.56%,1.30%,1.14%, 50.89 , 73.98 
total_acc,num_il_tl,68.89%,68.89%,1.58%,1.03%, 0.00 , 3.33 
num_actv_rev_tl,num_bc_sats,68.00%,68.00%,5.07%,0.43%, 3.33 , 2.77 
open_acc,num_rev_tl_bal_gt_0,67.44%,67.44%,1.78%,5.06%, 0.00 , 3.33 
num_rev_tl_bal_gt_0,num_sats,67.38%,67.38%,5.06%,1.84%, 3.33 , 2.77 
open_acc,num_actv_rev_tl,67.27%,67.27%,1.78%,5.07%, 0.00 , 3.33 
open_rv_24m,num_tl_op_past_12m,67.04%,67.04%,6.91%,7.72%, 40.42 , 3.33 
num_actv_rev_tl,num_sats,66.95%,66.95%,5.07%,1.84%, 3.33 , 2.77 
num_actv_bc_tl,num_op_rev_tl,66.91%,66.91%,2.34%,2.36%, 3.33 , 3.33 
open_acc,num_rev_accts,66.85%,66.85%,1.78%,2.22%, 0.00 , 3.33 
revol_util,all_util,66.68%,66.68%,6.95%,7.38%, 0.08 , 40.43 
open_rv_12m,acc_open_past_24mths,66.58%,66.58%,5.27%,8.87%, 40.42 , 2.36 
num_rev_accts,num_sats,66.35%,66.35%,2.22%,1.84%, 3.33 , 2.77 
delinq_2yrs,num_tl_90g_dpd_24m,66.01%,66.01%,1.91%,1.22%, 0.00 , 3.33 
num_bc_sats,num_rev_tl_bal_gt_0,66.01%,66.01%,0.43%,5.06%, 2.77 , 3.33 
total_rev_hi_lim,bc_open_to_buy,65.21%,65.21%,5.74%,8.08%, 3.33 , 3.40 
num_bc_tl,num_op_rev_tl,64.86%,64.86%,1.56%,2.36%, 3.33 , 3.33 
open_act_il,num_il_tl,64.53%,64.53%,0.89%,1.03%, 40.42 , 3.33 
open_acc,num_bc_sats,63.98%,63.98%,1.78%,0.43%, 0.00 , 2.77 
num_bc_sats,num_sats,63.72%,63.72%,0.43%,1.84%, 2.77 , 2.77 
pub_rec,pub_rec_bankruptcies,63.32%,63.32%,2.88%,2.17%, 0.00 , 0.07 
total_acc,num_bc_tl,62.82%,62.82%,1.58%,1.56%, 0.00 , 3.33 
open_acc_6m,open_rv_12m,62.55%,62.55%,6.07%,5.27%, 40.42 , 40.42 
mo_sin_rcnt_rev_tl_op,mths_since_recent_bc,62.04%,62.04%,5.12%,4.36%, 3.33 , 3.34 
num_bc_sats,total_bc_limit,61.83%,61.83%,0.43%,7.27%, 2.77 , 2.36 
all_util,bc_util,60.85%,60.85%,7.38%,7.59%, 40.43 , 3.46 
mo_sin_rcnt_rev_tl_op,mo_sin_rcnt_tl,60.83%,60.83%,5.12%,5.35%, 3.33 , 3.33 
num_actv_bc_tl,num_bc_tl,60.66%,60.66%,2.34%,1.56%, 3.33 , 3.33 
num_bc_sats,num_rev_accts,59.39%,59.39%,0.43%,2.22%, 2.77 , 3.33 
num_actv_rev_tl,num_rev_accts,59.25%,59.25%,5.07%,2.22%, 3.33 , 3.33 
mths_since_last_major_derog,mths_since_recent_bc_dlq,59.11%,59.11%,1.14%,0.31%, 73.98 , 76.74 
num_rev_accts,num_rev_tl_bal_gt_0,58.95%,58.95%,2.22%,5.06%, 3.33 , 3.33 
num_il_tl,total_il_high_credit_limit,58.27%,58.27%,1.03%,1.21%, 3.33 , 3.33 
total_bal_il,num_il_tl,57.73%,57.73%,0.20%,1.03%, 40.42 , 3.33 
num_accts_ever_120_pd,pct_tl_nvr_dlq,-57.70%,57.70%,0.85%,0.37%, 3.33 , 3.33 
total_acc,num_op_rev_tl,57.21%,57.21%,1.58%,2.36%, 0.00 , 3.33 
mths_since_last_major_derog,mths_since_recent_revol_delinq,56.94%,56.94%,1.14%,0.67%, 73.98 , 66.98 
inq_last_6mths,mths_since_recent_inq,-56.86%,56.86%,7.88%,5.32%, 0.00 , 13.08 
open_il_24m,acc_open_past_24mths,56.85%,56.85%,6.07%,8.87%, 40.42 , 2.36 
open_rv_24m,num_op_rev_tl,56.82%,56.82%,6.91%,2.36%, 40.42 , 3.33 
max_bal_bc,total_bc_limit,56.22%,56.22%,3.23%,7.27%, 40.42 , 2.36 
open_acc_6m,acc_open_past_24mths,56.19%,56.19%,6.07%,8.87%, 40.42 , 2.36 
open_acc,num_actv_bc_tl,56.00%,56.00%,1.78%,2.34%, 0.00 , 3.33 
num_actv_bc_tl,num_sats,55.92%,55.92%,2.34%,1.84%, 3.33 , 2.77 
inq_fi,inq_last_12m,55.69%,55.69%,3.68%,6.37%, 40.42 , 40.42 
il_util,all_util,55.51%,55.51%,5.89%,7.38%, 48.95 , 40.43 
open_il_12m,num_tl_op_past_12m,55.41%,55.41%,6.05%,7.72%, 40.42 , 3.33 
open_act_il,total_il_high_credit_limit,55.31%,55.31%,0.89%,1.21%, 40.42 , 3.33 
delinq_2yrs,mths_since_last_delinq,-55.04%,55.04%,1.91%,1.30%, 0.00 , 50.89 
open_act_il,total_bal_il,55.03%,55.03%,0.89%,0.20%, 40.42 , 40.42 
revol_bal,max_bal_bc,54.54%,54.54%,1.79%,3.23%, - , 40.42 
open_acc,num_bc_tl,54.24%,54.24%,1.78%,1.56%, 0.00 , 3.33 
tot_cur_bal,mort_acc,54.04%,54.04%,5.24%,3.24%, 3.33 , 2.36 
mort_acc,tot_hi_cred_lim,54.04%,54.04%,3.24%,6.20%, 2.36 , 3.33 
num_bc_tl,num_sats,53.91%,53.91%,1.56%,1.84%, 3.33 , 2.77 
bc_open_to_buy,bc_util,-53.90%,53.90%,8.08%,7.59%, 3.40 , 3.46 
tot_cur_bal,total_bal_ex_mort,53.28%,53.28%,5.24%,1.03%, 3.33 , 2.36 
inq_last_12m,mths_since_recent_inq,-52.84%,52.84%,6.37%,5.32%, 40.42 , 13.08 
purpose,title,52.84%,52.84%,1.37%,2.77%, - , 1.05 
revol_bal,total_bal_ex_mort,52.38%,52.38%,1.79%,1.03%, - , 2.36 
open_act_il,num_sats,51.79%,51.79%,0.89%,1.84%, 40.42 , 2.77 
tot_hi_cred_lim,total_bal_ex_mort,51.62%,51.62%,6.20%,1.03%, 3.33 , 2.36 
open_acc,open_act_il,51.62%,51.62%,1.78%,0.89%, 0.00 , 40.42 
num_bc_tl,total_bc_limit,50.95%,50.95%,1.56%,7.27%, 3.33 , 2.36 
num_actv_rev_tl,num_bc_tl,50.74%,50.74%,5.07%,1.56%, 3.33 , 3.33 
num_il_tl,total_bal_ex_mort,50.74%,50.74%,1.03%,1.03%, 3.33 , 2.36 
num_bc_tl,num_rev_tl_bal_gt_0,50.68%,50.68%,1.56%,5.06%, 3.33 , 3.33 
all_util,percent_bc_gt_75,50.51%,50.51%,7.38%,7.83%, 40.43 , 3.43 
mo_sin_rcnt_tl,num_tl_op_past_12m,-50.13%,50.13%,5.35%,7.72%, 3.33 , 3.33 
home_ownership,tot_cur_bal,-50.12%,50.12%,5.05%,5.24%, - , 3.33 
home_ownership,mort_acc,-49.99%,49.99%,5.05%,3.24%, - , 2.36 
home_ownership,tot_hi_cred_lim,-49.93%,49.93%,5.05%,6.20%, - , 3.33 
total_rev_hi_lim,tot_hi_cred_lim,49.84%,49.84%,5.74%,6.20%, 3.33 , 3.33 
delinq_2yrs,mths_since_recent_revol_delinq,-49.74%,49.74%,1.91%,0.67%, 0.00 , 66.98 
total_rev_hi_lim,num_bc_sats,49.68%,49.68%,5.74%,0.43%, 3.33 , 2.77 
bc_open_to_buy,num_bc_sats,49.53%,49.53%,8.08%,0.43%, 3.40 , 2.77 
open_acc,acc_open_past_24mths,49.27%,49.27%,1.78%,8.87%, 0.00 , 2.36 
acc_open_past_24mths,num_sats,49.14%,49.14%,8.87%,1.84%, 2.36 , 2.77 
num_actv_bc_tl,total_bc_limit,48.75%,48.75%,2.34%,7.27%, 3.33 , 2.36 
open_acc_6m,mo_sin_rcnt_tl,-48.70%,48.70%,6.07%,5.35%, 40.42 , 3.33 
open_acc_6m,open_rv_24m,48.69%,48.69%,6.07%,6.91%, 40.42 , 40.42 
open_il_24m,mths_since_rcnt_il,-48.48%,48.48%,6.07%,3.24%, 40.42 , 42.30 
revol_util,bc_open_to_buy,-47.96%,47.96%,6.95%,8.08%, 0.08 , 3.40 
inq_last_6mths,inq_last_12m,47.75%,47.75%,7.88%,6.37%, 0.00 , 40.42 
max_bal_bc,total_rev_hi_lim,47.62%,47.62%,3.23%,5.74%, 40.42 , 3.33 
open_rv_24m,num_rev_accts,47.09%,47.09%,6.91%,2.22%, 40.42 , 3.33 
open_act_il,total_bal_ex_mort,46.97%,46.97%,0.89%,1.03%, 40.42 , 2.36 
num_actv_bc_tl,num_rev_accts,46.96%,46.96%,2.34%,2.22%, 3.33 , 3.33 
revol_bal,total_bc_limit,46.86%,46.86%,1.79%,7.27%, - , 2.36 
total_rev_hi_lim,num_op_rev_tl,46.83%,46.83%,5.74%,2.36%, 3.33 , 3.33 
acc_open_past_24mths,num_op_rev_tl,46.80%,46.80%,8.87%,2.36%, 2.36 , 3.33 
mths_since_last_major_derog,num_tl_90g_dpd_24m,-46.75%,46.75%,1.14%,1.22%, 73.98 , 3.33 
delinq_2yrs,mths_since_recent_bc_dlq,-46.69%,46.69%,1.91%,0.31%, 0.00 , 76.74 
avg_cur_bal,mort_acc,46.66%,46.66%,5.62%,3.24%, 3.33 , 2.36 
all_util,bc_open_to_buy,-46.56%,46.56%,7.38%,8.08%, 40.43 , 3.40 
open_rv_24m,mo_sin_rcnt_rev_tl_op,-46.43%,46.43%,6.91%,5.12%, 40.42 , 3.33 
open_rv_12m,mo_sin_rcnt_rev_tl_op,-46.30%,46.30%,5.27%,5.12%, 40.42 , 3.33 
inq_last_12m,num_tl_op_past_12m,46.23%,46.23%,6.37%,7.72%, 40.42 , 3.33 
open_il_24m,num_il_tl,46.08%,46.08%,6.07%,1.03%, 40.42 , 3.33 
open_acc,open_rv_24m,45.89%,45.89%,1.78%,6.91%, 0.00 , 40.42 
revol_bal,tot_hi_cred_lim,45.70%,45.70%,1.79%,6.20%, - , 3.33 
open_rv_24m,num_sats,45.70%,45.70%,6.91%,1.84%, 40.42 , 2.77 
acc_open_past_24mths,mo_sin_rcnt_tl,-45.41%,45.41%,8.87%,5.35%, 2.36 , 3.33 
home_ownership,avg_cur_bal,-45.17%,45.17%,5.05%,5.62%, - , 3.33 
total_rev_hi_lim,total_bal_ex_mort,44.92%,44.92%,5.74%,1.03%, 3.33 , 2.36 
delinq_2yrs,pct_tl_nvr_dlq,-44.19%,44.19%,1.91%,0.37%, 0.00 , 3.33 
open_rv_12m,num_op_rev_tl,44.17%,44.17%,5.27%,2.36%, 40.42 , 3.33 
open_rv_24m,num_actv_rev_tl,44.04%,44.04%,6.91%,5.07%, 40.42 , 3.33 
revol_bal,tot_cur_bal,44.03%,44.03%,1.79%,5.24%, - , 3.33 
open_il_12m,mths_since_rcnt_il,-43.78%,43.78%,6.05%,3.24%, 40.42 , 42.30 
num_op_rev_tl,total_bc_limit,43.63%,43.63%,2.36%,7.27%, 3.33 , 2.36 
bc_open_to_buy,percent_bc_gt_75,-43.62%,43.62%,8.08%,7.83%, 3.40 , 3.43 
delinq_2yrs,mths_since_last_major_derog,-43.50%,43.50%,1.91%,1.14%, 0.00 , 73.98 
open_il_12m,acc_open_past_24mths,43.38%,43.38%,6.05%,8.87%, 40.42 , 2.36 
total_acc,acc_open_past_24mths,43.20%,43.20%,1.58%,8.87%, 0.00 , 2.36 
open_rv_24m,num_rev_tl_bal_gt_0,43.13%,43.13%,6.91%,5.06%, 40.42 , 3.33 
total_acc,total_bal_ex_mort,43.09%,43.09%,1.58%,1.03%, 0.00 , 2.36 
tot_cur_bal,total_il_high_credit_limit,42.93%,42.93%,5.24%,1.21%, 3.33 , 3.33 
bc_open_to_buy,num_bc_tl,42.84%,42.84%,8.08%,1.56%, 3.40 , 3.33 
open_il_24m,num_tl_op_past_12m,42.75%,42.75%,6.07%,7.72%, 40.42 , 3.33 
total_rev_hi_lim,num_bc_tl,42.71%,42.71%,5.74%,1.56%, 3.33 , 3.33 
inq_last_6mths,open_acc_6m,42.52%,42.52%,7.88%,6.07%, 0.00 , 40.42 
tot_hi_cred_lim,total_il_high_credit_limit,42.47%,42.47%,6.20%,1.21%, 3.33 , 3.33 
total_acc,total_il_high_credit_limit,42.22%,42.22%,1.58%,1.21%, 0.00 , 3.33 
total_rev_hi_lim,num_sats,41.97%,41.97%,5.74%,1.84%, 3.33 , 2.77 
open_acc,total_rev_hi_lim,41.95%,41.95%,1.78%,5.74%, 0.00 , 3.33 
tot_cur_bal,total_rev_hi_lim,41.85%,41.85%,5.24%,5.74%, 3.33 , 3.33 
total_acc,num_rev_tl_bal_gt_0,41.62%,41.62%,1.58%,5.06%, 0.00 , 3.33 
total_acc,num_actv_rev_tl,41.60%,41.60%,1.58%,5.07%, 0.00 , 3.33 
total_acc,total_bal_il,41.25%,41.25%,1.58%,0.20%, 0.00 , 40.42 
total_rev_hi_lim,num_rev_accts,41.25%,41.25%,5.74%,2.22%, 3.33 , 3.33 
initial_list_status,year_issued,41.23%,41.23%,6.85%,14.60%, - , - 
acc_open_past_24mths,mo_sin_rcnt_rev_tl_op,-41.14%,41.14%,8.87%,5.12%, 2.36 , 3.33 
tot_cur_bal,total_bal_il,41.10%,41.10%,5.24%,0.20%, 3.33 , 40.42 
mo_sin_rcnt_rev_tl_op,num_tl_op_past_12m,-40.95%,40.95%,5.12%,7.72%, 3.33 , 3.33 
total_acc,num_bc_sats,40.92%,40.92%,1.58%,0.43%, 0.00 , 2.77 
open_rv_24m,num_bc_sats,40.52%,40.52%,6.91%,0.43%, 40.42 , 2.77 
inq_last_12m,acc_open_past_24mths,40.45%,40.45%,6.37%,8.87%, 40.42 , 2.36 
tot_hi_cred_lim,total_bc_limit,40.35%,40.35%,6.20%,7.27%, 3.33 , 2.36 
open_rv_12m,mo_sin_rcnt_tl,-40.14%,40.14%,5.27%,5.35%, 40.42 , 3.33 
acc_open_past_24mths,num_rev_accts,39.75%,39.75%,8.87%,2.22%, 2.36 , 3.33 
num_sats,total_bal_ex_mort,39.70%,39.70%,1.84%,1.03%, 2.77 , 2.36 
num_il_tl,num_sats,39.69%,39.69%,1.03%,1.84%, 3.33 , 2.77 
open_acc,total_bal_ex_mort,39.66%,39.66%,1.78%,1.03%, 0.00 , 2.36 
open_acc,num_il_tl,39.62%,39.62%,1.78%,1.03%, 0.00 , 3.33 
total_acc,open_act_il,39.54%,39.54%,1.58%,0.89%, 0.00 , 40.42 
term,sub_grade,39.40%,39.40%,9.11%,22.50%, - , - 
loan_amnt,term,39.16%,39.16%,2.68%,9.11%, - , - 
funded_amnt_inv,term,39.15%,39.15%,2.64%,9.11%, - , - 
funded_amnt,term,39.12%,39.12%,2.68%,9.11%, - , - 
open_rv_24m,mths_since_recent_bc,-39.11%,39.11%,6.91%,4.36%, 40.42 , 3.34 
total_rev_hi_lim,num_actv_bc_tl,38.87%,38.87%,5.74%,2.34%, 3.33 , 3.33 
num_sats,total_bc_limit,38.82%,38.82%,1.84%,7.27%, 2.77 , 2.36 
term,grade,38.74%,38.74%,9.11%,22.19%, - , - 
open_acc,total_bc_limit,38.67%,38.67%,1.78%,7.27%, 0.00 , 2.36 
desc,year_issued,38.49%,38.49%,1.96%,14.60%, 94.16 , - 
open_acc_6m,open_il_12m,38.48%,38.48%,6.07%,6.05%, 40.42 , 40.42 
open_il_24m,inq_fi,38.47%,38.47%,6.07%,3.68%, 40.42 , 40.42 
funded_amnt_inv,max_bal_bc,38.36%,38.36%,2.64%,3.23%, - , 40.42 
loan_amnt,max_bal_bc,38.35%,38.35%,2.68%,3.23%, - , 40.42 
funded_amnt,max_bal_bc,38.35%,38.35%,2.68%,3.23%, - , 40.42 
mo_sin_rcnt_tl,mths_since_recent_bc,38.03%,38.03%,5.35%,4.36%, 3.33 , 3.34 
open_rv_24m,num_bc_tl,37.76%,37.76%,6.91%,1.56%, 40.42 , 3.33 
term,int_rate,37.69%,37.69%,9.11%,19.85%, - , - 
funded_amnt_inv,total_bc_limit,37.68%,37.68%,2.64%,7.27%, - , 2.36 
funded_amnt,total_bc_limit,37.67%,37.67%,2.68%,7.27%, - , 2.36 
loan_amnt,total_bc_limit,37.67%,37.67%,2.68%,7.27%, - , 2.36 
bc_open_to_buy,num_op_rev_tl,37.66%,37.66%,8.08%,2.36%, 3.40 , 3.33 
total_bal_il,tot_hi_cred_lim,37.55%,37.55%,0.20%,6.20%, 40.42 , 3.33 
annual_inc,tot_hi_cred_lim,37.54%,37.54%,3.54%,6.20%, - , 3.33 
num_rev_accts,total_bc_limit,37.49%,37.49%,2.22%,7.27%, 3.33 , 2.36 
open_il_24m,total_il_high_credit_limit,37.48%,37.48%,6.07%,1.21%, 40.42 , 3.33 
open_acc,num_tl_op_past_12m,37.22%,37.22%,1.78%,7.72%, 0.00 , 3.33 
num_sats,num_tl_op_past_12m,37.05%,37.05%,1.84%,7.72%, 2.77 , 3.33 
open_rv_12m,num_rev_accts,37.00%,37.00%,5.27%,2.22%, 40.42 , 3.33 
total_acc,mort_acc,36.90%,36.90%,1.58%,3.24%, 0.00 , 2.36 
open_il_24m,total_bal_il,36.60%,36.60%,6.07%,0.20%, 40.42 , 40.42 
num_sats,total_il_high_credit_limit,36.52%,36.52%,1.84%,1.21%, 2.77 , 3.33 
open_rv_24m,mo_sin_rcnt_tl,-36.49%,36.49%,6.91%,5.35%, 40.42 , 3.33 
open_acc,total_il_high_credit_limit,36.45%,36.45%,1.78%,1.21%, 0.00 , 3.33 
installment,max_bal_bc,36.42%,36.42%,3.00%,3.23%, - , 40.42 
open_act_il,open_il_24m,36.36%,36.36%,0.89%,6.07%, 40.42 , 40.42 
open_acc_6m,mo_sin_rcnt_rev_tl_op,-36.20%,36.20%,6.07%,5.12%, 40.42 , 3.33 
annual_inc,tot_cur_bal,36.14%,36.14%,3.54%,5.24%, - , 3.33 
total_rev_hi_lim,num_actv_rev_tl,36.12%,36.12%,5.74%,5.07%, 3.33 , 3.33 
open_il_12m,inq_last_12m,36.05%,36.05%,6.05%,6.37%, 40.42 , 40.42 
total_rev_hi_lim,num_rev_tl_bal_gt_0,35.99%,35.99%,5.74%,5.06%, 3.33 , 3.33 
max_bal_bc,tot_hi_cred_lim,35.97%,35.97%,3.23%,6.20%, 40.42 , 3.33 
open_act_il,all_util,35.83%,35.83%,0.89%,7.38%, 40.42 , 40.43 
mo_sin_old_rev_tl_op,num_rev_accts,35.70%,35.70%,3.56%,2.22%, 3.33 , 3.33 
num_op_rev_tl,num_tl_op_past_12m,35.68%,35.68%,2.36%,7.72%, 3.33 , 3.33 
open_acc,open_rv_12m,35.66%,35.66%,1.78%,5.27%, 0.00 , 40.42 
open_rv_12m,mths_since_recent_bc,-35.65%,35.65%,5.27%,4.36%, 40.42 , 3.34 
total_acc,open_il_24m,35.55%,35.55%,1.58%,6.07%, 0.00 , 40.42 
open_rv_12m,num_sats,35.47%,35.47%,5.27%,1.84%, 40.42 , 2.77 
funded_amnt_inv,total_rev_hi_lim,35.04%,35.04%,2.64%,5.74%, - , 3.33 
funded_amnt,total_rev_hi_lim,35.04%,35.04%,2.68%,5.74%, - , 3.33 
loan_amnt,total_rev_hi_lim,35.04%,35.04%,2.68%,5.74%, - , 3.33 
mo_sin_old_il_acct,num_il_tl,34.96%,34.96%,2.12%,1.03%, 6.37 , 3.33 
max_bal_bc,total_bal_ex_mort,34.88%,34.88%,3.23%,1.03%, 40.42 , 2.36 
open_rv_12m,num_actv_rev_tl,34.66%,34.66%,5.27%,5.07%, 40.42 , 3.33 
acc_open_past_24mths,num_actv_rev_tl,34.66%,34.66%,8.87%,5.07%, 2.36 , 3.33 
total_acc,tot_hi_cred_lim,34.52%,34.52%,1.58%,6.20%, 0.00 , 3.33 
tot_cur_bal,max_bal_bc,34.51%,34.51%,5.24%,3.23%, 3.33 , 40.42 
total_bal_il,num_sats,34.23%,34.23%,0.20%,1.84%, 40.42 , 2.77 
mths_since_rcnt_il,mo_sin_rcnt_tl,34.15%,34.15%,3.24%,5.35%, 42.30 , 3.33 
open_acc,total_bal_il,34.12%,34.12%,1.78%,0.20%, 0.00 , 40.42 
total_acc,mo_sin_old_il_acct,34.06%,34.06%,1.58%,2.12%, 0.00 , 6.37 
acc_open_past_24mths,mths_since_recent_bc,-34.04%,34.04%,8.87%,4.36%, 2.36 , 3.34 
installment,total_bc_limit,33.99%,33.99%,3.00%,7.27%, - , 2.36 
acc_open_past_24mths,num_rev_tl_bal_gt_0,33.91%,33.91%,8.87%,5.06%, 2.36 , 3.33 
open_il_12m,num_il_tl,33.78%,33.78%,6.05%,1.03%, 40.42 , 3.33 
open_il_12m,il_util,33.73%,33.73%,6.05%,5.89%, 40.42 , 48.95 
total_acc,total_rev_hi_lim,33.71%,33.71%,1.58%,5.74%, 0.00 , 3.33 
open_rv_12m,num_rev_tl_bal_gt_0,33.58%,33.58%,5.27%,5.06%, 40.42 , 3.33 
total_acc,num_tl_op_past_12m,33.54%,33.54%,1.58%,7.72%, 0.00 , 3.33 
revol_util,max_bal_bc,33.24%,33.24%,6.95%,3.23%, 0.08 , 40.42 
dti,total_il_high_credit_limit,33.15%,33.15%,7.83%,1.21%, - , 3.33 
funded_amnt_inv,tot_hi_cred_lim,33.13%,33.13%,2.64%,6.20%, - , 3.33 
funded_amnt,tot_hi_cred_lim,33.12%,33.12%,2.68%,6.20%, - , 3.33 
loan_amnt,tot_hi_cred_lim,33.12%,33.12%,2.68%,6.20%, - , 3.33 
open_rv_24m,num_actv_bc_tl,32.91%,32.91%,6.91%,2.34%, 40.42 , 3.33 
inq_last_6mths,num_tl_op_past_12m,32.83%,32.83%,7.88%,7.72%, 0.00 , 3.33 
inq_last_6mths,open_rv_12m,32.69%,32.69%,7.88%,5.27%, 0.00 , 40.42 
bc_open_to_buy,num_sats,32.23%,32.23%,8.08%,1.84%, 3.40 , 2.77 
bc_open_to_buy,num_rev_accts,32.05%,32.05%,8.08%,2.22%, 3.40 , 3.33 
total_acc,tot_cur_bal,31.99%,31.99%,1.58%,5.24%, 0.00 , 3.33 
num_accts_ever_120_pd,num_tl_90g_dpd_24m,31.95%,31.95%,0.85%,1.22%, 3.33 , 3.33 
open_acc,bc_open_to_buy,31.94%,31.94%,1.78%,8.08%, 0.00 , 3.40 
installment,total_rev_hi_lim,31.90%,31.90%,3.00%,5.74%, - , 3.33 
open_acc_6m,inq_last_12m,31.88%,31.88%,6.07%,6.37%, 40.42 , 40.42 
open_rv_12m,num_bc_sats,31.87%,31.87%,5.27%,0.43%, 40.42 , 2.77 
mths_since_rcnt_il,il_util,-31.72%,31.72%,3.24%,5.89%, 42.30 , 48.95 
loan_amnt,revol_bal,31.67%,31.67%,2.68%,1.79%, - , - 
funded_amnt,revol_bal,31.66%,31.66%,2.68%,1.79%, - , - 
funded_amnt_inv,revol_bal,31.60%,31.60%,2.64%,1.79%, - , - 
open_il_24m,il_util,31.52%,31.52%,6.07%,5.89%, 40.42 , 48.95 
inq_fi,acc_open_past_24mths,31.52%,31.52%,3.68%,8.87%, 40.42 , 2.36 
tot_cur_bal,total_bc_limit,31.49%,31.49%,5.24%,7.27%, 3.33 , 2.36 
total_bal_il,il_util,31.43%,31.43%,0.20%,5.89%, 40.42 , 48.95 
acc_open_past_24mths,num_bc_sats,31.35%,31.35%,8.87%,0.43%, 2.36 , 2.77 
num_rev_accts,num_tl_op_past_12m,31.26%,31.26%,2.22%,7.72%, 3.33 , 3.33 
total_acc,open_rv_24m,31.22%,31.22%,1.58%,6.91%, 0.00 , 40.42 
total_acc,num_actv_bc_tl,31.10%,31.10%,1.58%,2.34%, 0.00 , 3.33 
mo_sin_old_rev_tl_op,num_bc_tl,30.99%,30.99%,3.56%,1.56%, 3.33 , 3.33 
open_il_12m,mo_sin_rcnt_tl,-30.97%,30.97%,6.05%,5.35%, 40.42 , 3.33 
sub_grade,all_util,30.96%,30.96%,22.50%,7.38%, - , 40.43 
num_actv_rev_tl,total_bc_limit,30.92%,30.92%,5.07%,7.27%, 3.33 , 2.36 
dti,open_acc,30.80%,30.80%,7.83%,1.78%, - , 0.00 
mths_since_recent_bc,num_tl_op_past_12m,-30.79%,30.79%,4.36%,7.72%, 3.34 , 3.33 
revol_bal,num_actv_bc_tl,30.78%,30.78%,1.79%,2.34%, - , 3.33 
funded_amnt_inv,tot_cur_bal,30.77%,30.77%,2.64%,5.24%, - , 3.33 
funded_amnt,tot_cur_bal,30.77%,30.77%,2.68%,5.24%, - , 3.33 
loan_amnt,tot_cur_bal,30.77%,30.77%,2.68%,5.24%, - , 3.33 
num_rev_tl_bal_gt_0,total_bc_limit,30.76%,30.76%,5.06%,7.27%, 3.33 , 2.36 
open_rv_12m,inq_last_12m,30.72%,30.72%,5.27%,6.37%, 40.42 , 40.42 
sub_grade,bc_open_to_buy,-30.69%,30.69%,22.50%,8.08%, - , 3.40 
revol_bal,num_rev_tl_bal_gt_0,30.48%,30.48%,1.79%,5.06%, - , 3.33 
open_il_24m,total_bal_ex_mort,30.47%,30.47%,6.07%,1.03%, 40.42 , 2.36 
revol_bal,num_actv_rev_tl,30.46%,30.46%,1.79%,5.07%, - , 3.33 
open_acc_6m,mths_since_recent_inq,-30.42%,30.42%,6.07%,5.32%, 40.42 , 13.08 
installment,revol_bal,30.39%,30.39%,3.00%,1.79%, - , - 
dti,num_sats,30.34%,30.34%,7.83%,1.84%, - , 2.77 
avg_cur_bal,total_bal_ex_mort,30.29%,30.29%,5.62%,1.03%, 3.33 , 2.36 
total_cu_tl,num_il_tl,30.24%,30.24%,0.93%,1.03%, 40.42 , 3.33 
open_act_il,il_util,30.15%,30.15%,0.89%,5.89%, 40.42 , 48.95 
acc_open_past_24mths,num_bc_tl,30.01%,30.01%,8.87%,1.56%, 2.36 , 3.33 
max_bal_bc,bc_util,29.87%,29.87%,3.23%,7.59%, 40.42 , 3.46 
open_acc_6m,open_il_24m,29.86%,29.86%,6.07%,6.07%, 40.42 , 40.42 
open_il_12m,inq_fi,29.78%,29.78%,6.05%,3.68%, 40.42 , 40.42 
open_rv_12m,num_bc_tl,29.68%,29.68%,5.27%,1.56%, 40.42 , 3.33 
grade,all_util,29.68%,29.68%,22.19%,7.38%, - , 40.43 
installment,tot_hi_cred_lim,29.67%,29.67%,3.00%,6.20%, - , 3.33 
open_il_12m,total_bal_il,29.63%,29.63%,6.05%,0.20%, 40.42 , 40.42 
total_acc,total_bc_limit,29.47%,29.47%,1.58%,7.27%, 0.00 , 2.36 
num_sats,tot_hi_cred_lim,29.43%,29.43%,1.84%,6.20%, 2.77 , 3.33 
open_acc,tot_hi_cred_lim,29.42%,29.42%,1.78%,6.20%, 0.00 , 3.33 
annual_inc,total_bal_ex_mort,29.37%,29.37%,3.54%,1.03%, - , 2.36 
mths_since_recent_inq,num_tl_op_past_12m,-29.28%,29.28%,5.32%,7.72%, 13.08 , 3.33 
open_il_24m,inq_last_12m,29.28%,29.28%,6.07%,6.37%, 40.42 , 40.42 
int_rate,bc_open_to_buy,-29.28%,29.28%,19.85%,8.08%, - , 3.40 
mo_sin_old_rev_tl_op,mort_acc,29.27%,29.27%,3.56%,3.24%, 3.33 , 2.36 
total_acc,total_cu_tl,29.23%,29.23%,1.58%,0.93%, 0.00 , 40.42 
total_bal_ex_mort,total_bc_limit,29.17%,29.17%,1.03%,7.27%, 2.36 , 2.36 
open_rv_24m,inq_last_12m,29.14%,29.14%,6.91%,6.37%, 40.42 , 40.42 
dti,total_bal_ex_mort,29.10%,29.10%,7.83%,1.03%, - , 2.36 
sub_grade,bc_util,29.02%,29.02%,22.50%,7.59%, - , 3.46 
int_rate,all_util,28.99%,28.99%,19.85%,7.38%, - , 40.43 
grade,bc_open_to_buy,-28.97%,28.97%,22.19%,8.08%, - , 3.40 
open_il_24m,mo_sin_rcnt_tl,-28.95%,28.95%,6.07%,5.35%, 40.42 , 3.33 
loan_amnt,annual_inc,28.88%,28.88%,2.68%,3.54%, - , - 
funded_amnt,annual_inc,28.88%,28.88%,2.68%,3.54%, - , - 
funded_amnt_inv,annual_inc,28.86%,28.86%,2.64%,3.54%, - , - 
mths_since_recent_bc,num_bc_sats,-28.85%,28.85%,4.36%,0.43%, 3.34 , 2.77 
inq_last_6mths,open_rv_24m,28.79%,28.79%,7.88%,6.91%, 0.00 , 40.42 
mo_sin_rcnt_rev_tl_op,num_op_rev_tl,-28.63%,28.63%,5.12%,2.36%, 3.33 , 3.33 
total_acc,mo_sin_old_rev_tl_op,28.45%,28.45%,1.58%,3.56%, 0.00 , 3.33 
sub_grade,percent_bc_gt_75,28.44%,28.44%,22.50%,7.83%, - , 3.43 
open_il_12m,total_il_high_credit_limit,28.43%,28.43%,6.05%,1.21%, 40.42 , 3.33 
mths_since_rcnt_il,acc_open_past_24mths,-28.39%,28.39%,3.24%,8.87%, 42.30 , 2.36 
open_acc,open_acc_6m,28.35%,28.35%,1.78%,6.07%, 0.00 , 40.42 
open_acc_6m,num_sats,28.25%,28.25%,6.07%,1.84%, 40.42 , 2.77 
revol_bal,avg_cur_bal,28.21%,28.21%,1.79%,5.62%, - , 3.33 
all_util,total_bal_ex_mort,28.05%,28.05%,7.38%,1.03%, 40.43 , 2.36 
delinq_amnt,num_tl_120dpd_2m,27.96%,27.96%,0.59%,0.22%, 0.00 , 7.13 
total_bal_il,all_util,27.93%,27.93%,0.20%,7.38%, 40.42 , 40.43 
open_acc_6m,num_op_rev_tl,27.91%,27.91%,6.07%,2.36%, 40.42 , 3.33 
grade,bc_util,27.90%,27.90%,22.19%,7.59%, - , 3.46 
installment,annual_inc,27.89%,27.89%,3.00%,3.54%, - , - 
all_util,total_bc_limit,-27.79%,27.79%,7.38%,7.27%, 40.43 , 2.36 
open_il_24m,total_cu_tl,27.78%,27.78%,6.07%,0.93%, 40.42 , 40.42 
inq_last_6mths,acc_open_past_24mths,27.75%,27.75%,7.88%,8.87%, 0.00 , 2.36 
annual_inc,avg_cur_bal,27.74%,27.74%,3.54%,5.62%, - , 3.33 
total_rev_hi_lim,mo_sin_old_rev_tl_op,27.63%,27.63%,5.74%,3.56%, 3.33 , 3.33 
installment,tot_cur_bal,27.61%,27.61%,3.00%,5.24%, - , 3.33 
dti,open_act_il,27.61%,27.61%,7.83%,0.89%, - , 40.42 
funded_amnt_inv,total_bal_ex_mort,27.58%,27.58%,2.64%,1.03%, - , 2.36 
funded_amnt,total_bal_ex_mort,27.57%,27.57%,2.68%,1.03%, - , 2.36 
loan_amnt,total_bal_ex_mort,27.57%,27.57%,2.68%,1.03%, - , 2.36 
sub_grade,revol_util,27.53%,27.53%,22.50%,6.95%, - , 0.08 
int_rate,bc_util,27.48%,27.48%,19.85%,7.59%, - , 3.46 
revol_bal,num_bc_sats,27.48%,27.48%,1.79%,0.43%, - , 2.77 
grade,percent_bc_gt_75,27.46%,27.46%,22.19%,7.83%, - , 3.43 
annual_inc,total_rev_hi_lim,27.36%,27.36%,3.54%,5.74%, - , 3.33 
open_act_il,open_il_12m,27.26%,27.26%,0.89%,6.05%, 40.42 , 40.42 
mths_since_last_record,tax_liens,-27.00%,27.00%,2.03%,1.36%, 84.01 , 0.00 
dti,num_rev_tl_bal_gt_0,26.94%,26.94%,7.83%,5.06%, - , 3.33 
int_rate,percent_bc_gt_75,26.94%,26.94%,19.85%,7.83%, - , 3.43 
annual_inc,revol_bal,26.90%,26.90%,3.54%,1.79%, - , - 
bc_open_to_buy,tot_hi_cred_lim,26.86%,26.86%,8.08%,6.20%, 3.40 , 3.33 
dti,num_actv_rev_tl,26.71%,26.71%,7.83%,5.07%, - , 3.33 
num_tl_90g_dpd_24m,pct_tl_nvr_dlq,-26.68%,26.68%,1.22%,0.37%, 3.33 , 3.33 
bc_open_to_buy,num_actv_bc_tl,26.55%,26.55%,8.08%,2.34%, 3.40 , 3.33 
grade,revol_util,26.55%,26.55%,22.19%,6.95%, - , 0.08 
sub_grade,verification_status,26.53%,26.53%,22.50%,9.68%, - , - 
dti,total_bal_il,26.52%,26.52%,7.83%,0.20%, - , 40.42 
mo_sin_old_rev_tl_op,total_bc_limit,26.51%,26.51%,3.56%,7.27%, 3.33 , 2.36 
num_actv_rev_tl,num_tl_op_past_12m,26.49%,26.49%,5.07%,7.72%, 3.33 , 3.33 
max_bal_bc,avg_cur_bal,26.49%,26.49%,3.23%,5.62%, 40.42 , 3.33 
mths_since_rcnt_il,total_il_high_credit_limit,-26.45%,26.45%,3.24%,1.21%, 42.30 , 3.33 
total_acc,open_acc_6m,26.18%,26.18%,1.58%,6.07%, 0.00 , 40.42 
mths_since_last_record,pub_rec_bankruptcies,26.16%,26.16%,2.03%,2.17%, 84.01 , 0.07 
mo_sin_rcnt_tl,mths_since_recent_inq,26.12%,26.12%,5.35%,5.32%, 3.33 , 13.08 
total_acc,open_il_12m,26.09%,26.09%,1.58%,6.05%, 0.00 , 40.42 
int_rate,revol_util,26.07%,26.07%,19.85%,6.95%, - , 0.08 
inq_last_12m,mo_sin_rcnt_tl,-25.87%,25.87%,6.37%,5.35%, 40.42 , 3.33 
installment,total_bal_ex_mort,25.84%,25.84%,3.00%,1.03%, - , 2.36 
dti,mths_since_rcnt_il,-25.82%,25.82%,7.83%,3.24%, - , 42.30 
dti,open_il_24m,25.66%,25.66%,7.83%,6.07%, - , 40.42 
int_rate,verification_status,25.51%,25.51%,19.85%,9.68%, - , - 
open_acc_6m,mths_since_recent_bc,-25.39%,25.39%,6.07%,4.36%, 40.42 , 3.34 
num_rev_tl_bal_gt_0,num_tl_op_past_12m,25.33%,25.33%,5.06%,7.72%, 3.33 , 3.33 
mths_since_recent_bc,num_actv_bc_tl,-25.28%,25.28%,4.36%,2.34%, 3.34 , 3.33 
bc_util,total_bc_limit,-25.28%,25.28%,7.59%,7.27%, 3.46 , 2.36 
tot_cur_bal,num_sats,25.24%,25.24%,5.24%,1.84%, 3.33 , 2.77 
open_acc,tot_cur_bal,25.23%,25.23%,1.78%,5.24%, 0.00 , 3.33 
open_il_24m,num_sats,25.22%,25.22%,6.07%,1.84%, 40.42 , 2.77 
mths_since_recent_bc,num_op_rev_tl,-25.20%,25.20%,4.36%,2.36%, 3.34 , 3.33 
annual_inc,total_il_high_credit_limit,25.17%,25.17%,3.54%,1.21%, - , 3.33 
open_acc,open_il_24m,25.14%,25.14%,1.78%,6.07%, 0.00 , 40.42 
mths_since_rcnt_il,num_tl_op_past_12m,-25.13%,25.13%,3.24%,7.72%, 42.30 , 3.33 
total_acc,open_rv_12m,25.07%,25.07%,1.58%,5.27%, 0.00 , 40.42 
grade,verification_status,25.06%,25.06%,22.19%,9.68%, - , - 
open_rv_12m,num_actv_bc_tl,25.05%,25.05%,5.27%,2.34%, 40.42 , 3.33 
open_acc_6m,num_rev_accts,25.03%,25.03%,6.07%,2.22%, 40.42 , 3.33 
acc_open_past_24mths,num_il_tl,24.84%,24.84%,8.87%,1.03%, 2.36 , 3.33 
zip_code,addr_state,-24.82%,24.82%,0.06%,0.36%, - , - 
annual_inc,max_bal_bc,24.80%,24.80%,3.54%,3.23%, - , 40.42 
num_bc_sats,num_tl_op_past_12m,24.75%,24.75%,0.43%,7.72%, 2.77 , 3.33 
dti,total_acc,24.73%,24.73%,7.83%,1.58%, - , 0.00 
sub_grade,total_bc_limit,-24.72%,24.72%,22.50%,7.27%, - , 2.36 
mths_since_rcnt_il,num_il_tl,-24.71%,24.71%,3.24%,1.03%, 42.30 , 3.33 
annual_inc,total_bc_limit,24.66%,24.66%,3.54%,7.27%, - , 2.36 
desc,initial_list_status,24.66%,24.66%,1.96%,6.85%, 94.16 , - 
all_util,num_il_tl,24.59%,24.59%,7.38%,1.03%, 40.43 , 3.33 
mo_sin_rcnt_rev_tl_op,num_rev_accts,-24.48%,24.48%,5.12%,2.22%, 3.33 , 3.33 
inq_fi,num_tl_op_past_12m,24.47%,24.47%,3.68%,7.72%, 40.42 , 3.33 
all_util,num_op_rev_tl,-24.36%,24.36%,7.38%,2.36%, 40.43 , 3.33 
total_acc,bc_open_to_buy,24.20%,24.20%,1.58%,8.08%, 0.00 , 3.40 
il_util,num_il_tl,24.18%,24.18%,5.89%,1.03%, 48.95 , 3.33 
revol_bal,revol_util,24.15%,24.15%,1.79%,6.95%, - , 0.08 
mths_since_rcnt_il,total_bal_il,-24.02%,24.02%,3.24%,0.20%, 42.30 , 40.42 
max_bal_bc,mo_sin_old_rev_tl_op,24.01%,24.01%,3.23%,3.56%, 40.42 , 3.33 
num_bc_tl,num_tl_op_past_12m,23.94%,23.94%,1.56%,7.72%, 3.33 , 3.33 
mths_since_last_record,pub_rec,-23.92%,23.92%,2.03%,2.88%, 84.01 , 0.00 
dti,num_il_tl,23.91%,23.91%,7.83%,1.03%, - , 3.33 
int_rate,total_bc_limit,-23.69%,23.69%,19.85%,7.27%, - , 2.36 
open_acc,mo_sin_rcnt_rev_tl_op,-23.65%,23.65%,1.78%,5.12%, 0.00 , 3.33 
open_il_12m,total_bal_ex_mort,23.61%,23.61%,6.05%,1.03%, 40.42 , 2.36 
open_acc,mo_sin_rcnt_tl,-23.59%,23.59%,1.78%,5.35%, 0.00 , 3.33 
total_rev_hi_lim,mort_acc,23.57%,23.57%,5.74%,3.24%, 3.33 , 2.36 
mo_sin_rcnt_rev_tl_op,num_sats,-23.56%,23.56%,5.12%,1.84%, 3.33 , 2.77 
mo_sin_rcnt_tl,num_sats,-23.52%,23.52%,5.35%,1.84%, 3.33 , 2.77 
acc_open_past_24mths,num_actv_bc_tl,23.43%,23.43%,8.87%,2.34%, 2.36 , 3.33 
revol_bal,num_op_rev_tl,23.42%,23.42%,1.79%,2.36%, - , 3.33 
grade,total_bc_limit,-23.40%,23.40%,22.19%,7.27%, - , 2.36 
revol_util,open_rv_24m,-23.30%,23.30%,6.95%,6.91%, 0.08 , 40.42 
mo_sin_rcnt_rev_tl_op,num_actv_rev_tl,-23.17%,23.17%,5.12%,5.07%, 3.33 , 3.33 
open_act_il,mths_since_rcnt_il,-23.00%,23.00%,0.89%,3.24%, 40.42 , 42.30 
mo_sin_rcnt_rev_tl_op,num_rev_tl_bal_gt_0,-23.00%,23.00%,5.12%,5.06%, 3.33 , 3.33 
mths_since_recent_bc,num_bc_tl,-22.99%,22.99%,4.36%,1.56%, 3.34 , 3.33 
revol_bal,num_bc_tl,22.98%,22.98%,1.79%,1.56%, - , 3.33 
max_bal_bc,mort_acc,22.96%,22.96%,3.23%,3.24%, 40.42 , 2.36 
inq_last_6mths,mo_sin_rcnt_tl,-22.93%,22.93%,7.88%,5.35%, 0.00 , 3.33 
revol_util,acc_open_past_24mths,-22.92%,22.92%,6.95%,8.87%, 0.08 , 2.36 
open_acc,revol_bal,22.83%,22.83%,1.78%,1.79%, 0.00 , - 
inq_fi,mths_since_recent_inq,-22.79%,22.79%,3.68%,5.32%, 40.42 , 13.08 
il_util,num_tl_op_past_12m,22.78%,22.78%,5.89%,7.72%, 48.95 , 3.33 
revol_bal,num_sats,22.71%,22.71%,1.79%,1.84%, - , 2.77 
revol_bal,mo_sin_old_rev_tl_op,22.70%,22.70%,1.79%,3.56%, - , 3.33 
avg_cur_bal,total_il_high_credit_limit,22.60%,22.60%,5.62%,1.21%, 3.33 , 3.33 
il_util,mo_sin_rcnt_tl,-22.53%,22.53%,5.89%,5.35%, 48.95 , 3.33 
funded_amnt_inv,avg_cur_bal,22.50%,22.50%,2.64%,5.62%, - , 3.33 
funded_amnt,avg_cur_bal,22.50%,22.50%,2.68%,5.62%, - , 3.33 
loan_amnt,avg_cur_bal,22.50%,22.50%,2.68%,5.62%, - , 3.33 
mths_since_last_delinq,num_tl_90g_dpd_24m,-22.49%,22.49%,1.30%,1.22%, 50.89 , 3.33 
home_ownership,total_acc,-22.45%,22.45%,5.05%,1.58%, - , 0.00 
open_rv_12m,mths_since_recent_inq,-22.40%,22.40%,5.27%,5.32%, 40.42 , 13.08 
all_util,total_rev_hi_lim,-22.31%,22.31%,7.38%,5.74%, 40.43 , 3.33 
mort_acc,num_rev_accts,22.28%,22.28%,3.24%,2.22%, 2.36 , 3.33 
il_util,acc_open_past_24mths,22.25%,22.25%,5.89%,8.87%, 48.95 , 2.36 
total_bal_il,avg_cur_bal,22.20%,22.20%,0.20%,5.62%, 40.42 , 3.33 
revol_util,num_tl_op_past_12m,-22.16%,22.16%,6.95%,7.72%, 0.08 , 3.33 
funded_amnt_inv,mort_acc,22.10%,22.10%,2.64%,3.24%, - , 2.36 
funded_amnt,mort_acc,22.10%,22.10%,2.68%,3.24%, - , 2.36 
loan_amnt,mort_acc,22.10%,22.10%,2.68%,3.24%, - , 2.36 
all_util,num_rev_accts,-22.10%,22.10%,7.38%,2.22%, 40.43 , 3.33 
il_util,total_bal_ex_mort,22.07%,22.07%,5.89%,1.03%, 48.95 , 2.36 
delinq_2yrs,num_accts_ever_120_pd,22.07%,22.07%,1.91%,0.85%, 0.00 , 3.33 
tot_cur_bal,num_il_tl,22.00%,22.00%,5.24%,1.03%, 3.33 , 3.33 
chargeoff_within_12_mths,num_tl_90g_dpd_24m,21.96%,21.96%,0.21%,1.22%, 0.01 , 3.33 
mths_since_rcnt_il,inq_fi,-21.93%,21.93%,3.24%,3.68%, 42.30 , 40.42 
mo_sin_old_il_acct,total_il_high_credit_limit,21.85%,21.85%,2.12%,1.21%, 6.37 , 3.33 
max_bal_bc,num_actv_bc_tl,21.82%,21.82%,3.23%,2.34%, 40.42 , 3.33 
funded_amnt_inv,num_bc_sats,21.81%,21.81%,2.64%,0.43%, - , 2.77 
funded_amnt,num_bc_sats,21.81%,21.81%,2.68%,0.43%, - , 2.77 
all_util,total_il_high_credit_limit,21.81%,21.81%,7.38%,1.21%, 40.43 , 3.33 
loan_amnt,num_bc_sats,21.81%,21.81%,2.68%,0.43%, - , 2.77 
total_acc,mo_sin_rcnt_tl,-21.78%,21.78%,1.58%,5.35%, 0.00 , 3.33 
revol_bal,num_rev_accts,21.75%,21.75%,1.79%,2.22%, - , 3.33 
mo_sin_old_rev_tl_op,tot_hi_cred_lim,21.67%,21.67%,3.56%,6.20%, 3.33 , 3.33 
pct_tl_nvr_dlq,total_bc_limit,21.64%,21.64%,0.37%,7.27%, 3.33 , 2.36 
dti,all_util,21.62%,21.62%,7.83%,7.38%, - , 40.43 
mo_sin_old_il_acct,mo_sin_old_rev_tl_op,21.60%,21.60%,2.12%,3.56%, 6.37 , 3.33 
max_bal_bc,percent_bc_gt_75,21.58%,21.58%,3.23%,7.83%, 40.42 , 3.43 
acc_open_past_24mths,mths_since_recent_inq,-21.43%,21.43%,8.87%,5.32%, 2.36 , 13.08 
all_util,num_bc_tl,-21.41%,21.41%,7.38%,1.56%, 40.43 , 3.33 
total_acc,inq_last_12m,21.40%,21.40%,1.58%,6.37%, 0.00 , 40.42 
inq_last_6mths,inq_fi,21.26%,21.26%,7.88%,3.68%, 0.00 , 40.42 
percent_bc_gt_75,total_bc_limit,-21.20%,21.20%,7.83%,7.27%, 3.43 , 2.36 
revol_bal,mort_acc,21.19%,21.19%,1.79%,3.24%, - , 2.36 
open_il_12m,total_cu_tl,21.16%,21.16%,6.05%,0.93%, 40.42 , 40.42 
revol_util,open_rv_12m,-21.13%,21.13%,6.95%,5.27%, 0.08 , 40.42 
mo_sin_old_il_acct,total_bal_ex_mort,21.11%,21.11%,2.12%,1.03%, 6.37 , 2.36 
installment,verification_status,21.11%,21.11%,3.00%,9.68%, - , - 
mths_since_last_record,pct_tl_nvr_dlq,20.91%,20.91%,2.03%,0.37%, 84.01 , 3.33 
total_bal_il,mo_sin_old_il_acct,20.84%,20.84%,0.20%,2.12%, 40.42 , 6.37 
installment,num_bc_sats,20.84%,20.84%,3.00%,0.43%, - , 2.77 
mo_sin_rcnt_tl,num_op_rev_tl,-20.81%,20.81%,5.35%,2.36%, 3.33 , 3.33 
mths_since_recent_bc,num_actv_rev_tl,-20.81%,20.81%,4.36%,5.07%, 3.34 , 3.33 
funded_amnt_inv,total_il_high_credit_limit,20.80%,20.80%,2.64%,1.21%, - , 3.33 
funded_amnt,total_il_high_credit_limit,20.80%,20.80%,2.68%,1.21%, - , 3.33 
loan_amnt,total_il_high_credit_limit,20.80%,20.80%,2.68%,1.21%, - , 3.33 
open_acc,mths_since_recent_bc,-20.69%,20.69%,1.78%,4.36%, 0.00 , 3.34 
mths_since_recent_bc,num_sats,-20.67%,20.67%,4.36%,1.84%, 3.34 , 2.77 
all_util,num_bc_sats,-20.64%,20.64%,7.38%,0.43%, 40.43 , 2.77 
revol_util,num_op_rev_tl,-20.61%,20.61%,6.95%,2.36%, 0.08 , 3.33 
funded_amnt_inv,bc_open_to_buy,20.57%,20.57%,2.64%,8.08%, - , 3.40 
mths_since_recent_bc,num_rev_tl_bal_gt_0,-20.57%,20.57%,4.36%,5.06%, 3.34 , 3.33 
funded_amnt,bc_open_to_buy,20.57%,20.57%,2.68%,8.08%, - , 3.40 
loan_amnt,bc_open_to_buy,20.57%,20.57%,2.68%,8.08%, - , 3.40 
loan_amnt,total_acc,20.51%,20.51%,2.68%,1.58%, - , 0.00 
funded_amnt,total_acc,20.49%,20.49%,2.68%,1.58%, - , 0.00 
funded_amnt_inv,total_acc,20.49%,20.49%,2.64%,1.58%, - , 0.00 
num_il_tl,tot_hi_cred_lim,20.48%,20.48%,1.03%,6.20%, 3.33 , 3.33 
total_rev_hi_lim,avg_cur_bal,20.48%,20.48%,5.74%,5.62%, 3.33 , 3.33 
sub_grade,inq_last_6mths,20.45%,20.45%,22.50%,7.88%, - , 0.00 
mort_acc,total_bc_limit,20.44%,20.44%,3.24%,7.27%, 2.36 , 2.36 
max_bal_bc,num_bc_sats,20.37%,20.37%,3.23%,0.43%, 40.42 , 2.77 
loan_amnt,num_bc_tl,20.23%,20.23%,2.68%,1.56%, - , 3.33 
funded_amnt,num_bc_tl,20.23%,20.23%,2.68%,1.56%, - , 3.33 
funded_amnt_inv,num_bc_tl,20.22%,20.22%,2.64%,1.56%, - , 3.33 
open_il_12m,mths_since_recent_inq,-20.15%,20.15%,6.05%,5.32%, 40.42 , 13.08 
mths_since_last_major_derog,chargeoff_within_12_mths,-20.11%,20.11%,1.14%,0.21%, 73.98 , 0.01 
funded_amnt_inv,verification_status,20.10%,20.10%,2.64%,9.68%, - , - 
loan_amnt,verification_status,20.08%,20.08%,2.68%,9.68%, - , - 
funded_amnt,verification_status,20.06%,20.06%,2.68%,9.68%, - , - 
open_acc_6m,num_actv_rev_tl,20.02%,20.02%,6.07%,5.07%, 40.42 , 3.33 
mths_since_rcnt_il,inq_last_12m,-20.01%,20.01%,3.24%,6.37%, 42.30 , 40.42 
open_acc_6m,num_bc_tl,19.95%,19.95%,6.07%,1.56%, 40.42 , 3.33 
grade,inq_last_6mths,19.94%,19.94%,22.19%,7.88%, - , 0.00 
open_acc_6m,num_bc_sats,19.92%,19.92%,6.07%,0.43%, 40.42 , 2.77 
installment,avg_cur_bal,19.86%,19.86%,3.00%,5.62%, - , 3.33 
revol_bal,total_acc,19.86%,19.86%,1.79%,1.58%, - , 0.00 
mths_since_rcnt_il,total_bal_ex_mort,-19.82%,19.82%,3.24%,1.03%, 42.30 , 2.36 
sub_grade,dti,19.69%,19.69%,22.50%,7.83%, - , - 
mo_sin_rcnt_rev_tl_op,num_bc_sats,-19.68%,19.68%,5.12%,0.43%, 3.33 , 2.77 
revol_util,open_acc_6m,-19.68%,19.68%,6.95%,6.07%, 0.08 , 40.42 
mo_sin_old_rev_tl_op,num_op_rev_tl,19.66%,19.66%,3.56%,2.36%, 3.33 , 3.33 
open_il_24m,all_util,19.61%,19.61%,6.07%,7.38%, 40.42 , 40.43 
num_bc_tl,tot_hi_cred_lim,19.57%,19.57%,1.56%,6.20%, 3.33 , 3.33 
total_acc,mths_since_rcnt_il,-19.57%,19.57%,1.58%,3.24%, 0.00 , 42.30 
installment,num_actv_bc_tl,19.57%,19.57%,3.00%,2.34%, - , 3.33 
dti,num_op_rev_tl,19.52%,19.52%,7.83%,2.36%, - , 3.33 
funded_amnt,num_actv_bc_tl,19.51%,19.51%,2.68%,2.34%, - , 3.33 
loan_amnt,num_actv_bc_tl,19.51%,19.51%,2.68%,2.34%, - , 3.33 
funded_amnt_inv,num_actv_bc_tl,19.51%,19.51%,2.64%,2.34%, - , 3.33 
num_rev_accts,tot_hi_cred_lim,19.38%,19.38%,2.22%,6.20%, 3.33 , 3.33 
sub_grade,total_rev_hi_lim,-19.35%,19.35%,22.50%,5.74%, - , 3.33 
bc_util,year_issued,-19.30%,19.30%,7.59%,14.60%, 3.46 , - 
mths_since_recent_bc,num_rev_accts,-19.29%,19.29%,4.36%,2.22%, 3.34 , 3.33 
mort_acc,num_bc_tl,19.28%,19.28%,3.24%,1.56%, 2.36 , 3.33 
annual_inc,mort_acc,19.27%,19.27%,3.54%,3.24%, - , 2.36 
sub_grade,num_tl_op_past_12m,19.24%,19.24%,22.50%,7.72%, - , 3.33 
int_rate,inq_last_6mths,19.22%,19.22%,19.85%,7.88%, - , 0.00 
open_acc_6m,num_rev_tl_bal_gt_0,19.21%,19.21%,6.07%,5.06%, 40.42 , 3.33 
open_acc_6m,mths_since_rcnt_il,-19.19%,19.19%,6.07%,3.24%, 40.42 , 42.30 
emp_title,emp_length,19.11%,19.11%,2.52%,2.21%, 6.96 , 6.09 
bc_util,num_tl_op_past_12m,-19.08%,19.08%,7.59%,7.72%, 3.46 , 3.33 
installment,total_il_high_credit_limit,19.07%,19.07%,3.00%,1.21%, - , 3.33 
installment,num_bc_tl,19.04%,19.04%,3.00%,1.56%, - , 3.33 
grade,dti,18.97%,18.97%,22.19%,7.83%, - , - 
dti,num_actv_bc_tl,18.94%,18.94%,7.83%,2.34%, - , 3.33 
mo_sin_old_il_acct,mort_acc,18.88%,18.88%,2.12%,3.24%, 6.37 , 2.36 
inq_last_6mths,mo_sin_rcnt_rev_tl_op,-18.87%,18.87%,7.88%,5.12%, 0.00 , 3.33 
annual_inc,total_bal_il,18.85%,18.85%,3.54%,0.20%, - , 40.42 
percent_bc_gt_75,year_issued,-18.85%,18.85%,7.83%,14.60%, 3.43 , - 
mths_since_last_delinq,pct_tl_nvr_dlq,18.83%,18.83%,1.30%,0.37%, 50.89 , 3.33 
dti,bc_util,18.80%,18.80%,7.83%,7.59%, - , 3.46 
mo_sin_rcnt_tl,num_rev_accts,-18.80%,18.80%,5.35%,2.22%, 3.33 , 3.33 
int_rate,dti,18.79%,18.79%,19.85%,7.83%, - , - 
installment,mort_acc,18.77%,18.77%,3.00%,3.24%, - , 2.36 
int_rate,total_rev_hi_lim,-18.75%,18.75%,19.85%,5.74%, - , 3.33 
open_rv_24m,bc_util,-18.72%,18.72%,6.91%,7.59%, 40.42 , 3.46 
tot_cur_bal,mo_sin_old_rev_tl_op,18.70%,18.70%,5.24%,3.56%, 3.33 , 3.33 
max_bal_bc,num_bc_tl,18.69%,18.69%,3.23%,1.56%, 40.42 , 3.33 
avg_cur_bal,num_op_rev_tl,-18.68%,18.68%,5.62%,2.36%, 3.33 , 3.33 
mo_sin_rcnt_rev_tl_op,num_bc_tl,-18.66%,18.66%,5.12%,1.56%, 3.33 , 3.33 
grade,num_tl_op_past_12m,18.65%,18.65%,22.19%,7.72%, - , 3.33 
total_bal_il,acc_open_past_24mths,18.62%,18.62%,0.20%,8.87%, 40.42 , 2.36 
num_il_tl,num_tl_op_past_12m,18.49%,18.49%,1.03%,7.72%, 3.33 , 3.33 
funded_amnt_inv,open_acc,18.41%,18.41%,2.64%,1.78%, - , 0.00 
funded_amnt,open_acc,18.39%,18.39%,2.68%,1.78%, - , 0.00 
acc_open_past_24mths,bc_util,-18.38%,18.38%,8.87%,7.59%, 2.36 , 3.46 
loan_amnt,open_acc,18.36%,18.36%,2.68%,1.78%, - , 0.00 
open_acc_6m,bc_util,-18.34%,18.34%,6.07%,7.59%, 40.42 , 3.46 
revol_util,mo_sin_rcnt_rev_tl_op,18.32%,18.32%,6.95%,5.12%, 0.08 , 3.33 
acc_open_past_24mths,total_il_high_credit_limit,18.31%,18.31%,8.87%,1.21%, 2.36 , 3.33 
grade,total_rev_hi_lim,-18.30%,18.30%,22.19%,5.74%, - , 3.33 
total_rev_hi_lim,bc_util,-18.28%,18.28%,5.74%,7.59%, 3.33 , 3.46 
installment,total_acc,18.23%,18.23%,3.00%,1.58%, - , 0.00 
open_acc_6m,il_util,18.22%,18.22%,6.07%,5.89%, 40.42 , 48.95 
num_bc_sats,tot_hi_cred_lim,18.16%,18.16%,0.43%,6.20%, 2.77 , 3.33 
total_rev_hi_lim,pct_tl_nvr_dlq,18.13%,18.13%,5.74%,0.37%, 3.33 , 3.33 
bc_util,num_bc_sats,-18.12%,18.12%,7.59%,0.43%, 3.46 , 2.77 
funded_amnt,num_sats,18.08%,18.08%,2.68%,1.84%, - , 2.77 
funded_amnt_inv,num_sats,18.08%,18.08%,2.64%,1.84%, - , 2.77 
loan_amnt,num_sats,18.08%,18.08%,2.68%,1.84%, - , 2.77 
int_rate,num_tl_op_past_12m,18.08%,18.08%,19.85%,7.72%, - , 3.33 
sub_grade,acc_open_past_24mths,18.05%,18.05%,22.50%,8.87%, - , 2.36 
mo_sin_old_il_acct,tot_hi_cred_lim,18.05%,18.05%,2.12%,6.20%, 6.37 , 3.33 
open_rv_12m,bc_util,-18.04%,18.04%,5.27%,7.59%, 40.42 , 3.46 
home_ownership,mo_sin_old_rev_tl_op,-17.97%,17.97%,5.05%,3.56%, - , 3.33 
dti,revol_util,17.95%,17.95%,7.83%,6.95%, - , 0.08 
open_il_12m,num_sats,17.87%,17.87%,6.05%,1.84%, 40.42 , 2.77 
total_cu_tl,mort_acc,17.86%,17.86%,0.93%,3.24%, 40.42 , 2.36 
open_acc,open_il_12m,17.86%,17.86%,1.78%,6.05%, 0.00 , 40.42 
open_acc,inq_last_12m,17.86%,17.86%,1.78%,6.37%, 0.00 , 40.42 
open_rv_24m,avg_cur_bal,-17.85%,17.85%,6.91%,5.62%, 40.42 , 3.33 
inq_last_12m,num_sats,17.79%,17.79%,6.37%,1.84%, 40.42 , 2.77 
tot_cur_bal,mo_sin_old_il_acct,17.78%,17.78%,5.24%,2.12%, 3.33 , 6.37 
tot_cur_bal,open_il_24m,17.73%,17.73%,5.24%,6.07%, 3.33 , 40.42 
inq_fi,num_il_tl,17.73%,17.73%,3.68%,1.03%, 40.42 , 3.33 
open_rv_24m,mths_since_recent_inq,-17.72%,17.72%,6.91%,5.32%, 40.42 , 13.08 
dti,open_il_12m,17.71%,17.71%,7.83%,6.05%, - , 40.42 
revol_util,total_bc_limit,-17.70%,17.70%,6.95%,7.27%, 0.08 , 2.36 
open_rv_24m,all_util,-17.70%,17.70%,6.91%,7.38%, 40.42 , 40.43 
revol_bal,bc_util,17.61%,17.61%,1.79%,7.59%, - , 3.46 
num_tl_op_past_12m,percent_bc_gt_75,-17.49%,17.49%,7.72%,7.83%, 3.33 , 3.43 
grade,acc_open_past_24mths,17.49%,17.49%,22.19%,8.87%, - , 2.36 
tot_cur_bal,open_act_il,17.48%,17.48%,5.24%,0.89%, 3.33 , 40.42 
home_ownership,total_rev_hi_lim,-17.45%,17.45%,5.05%,5.74%, - , 3.33 
il_util,inq_last_12m,17.40%,17.40%,5.89%,6.37%, 48.95 , 40.42 
mths_since_last_record,num_bc_tl,-17.38%,17.38%,2.03%,1.56%, 84.01 , 3.33 
open_il_12m,all_util,17.34%,17.34%,6.05%,7.38%, 40.42 , 40.43 
revol_util,mo_sin_rcnt_tl,17.34%,17.34%,6.95%,5.35%, 0.08 , 3.33 
open_rv_24m,percent_bc_gt_75,-17.33%,17.33%,6.91%,7.83%, 40.42 , 3.43 
sub_grade,inq_last_12m,17.28%,17.28%,22.50%,6.37%, - , 40.42 
loan_amnt,home_ownership,-17.26%,17.26%,2.68%,5.05%, - , - 
funded_amnt,home_ownership,-17.24%,17.24%,2.68%,5.05%, - , - 
funded_amnt_inv,home_ownership,-17.24%,17.24%,2.64%,5.05%, - , - 
revol_util,num_rev_accts,-17.20%,17.20%,6.95%,2.22%, 0.08 , 3.33 
max_bal_bc,bc_open_to_buy,17.20%,17.20%,3.23%,8.08%, 40.42 , 3.40 
installment,open_acc,17.19%,17.19%,3.00%,1.78%, - , 0.00 
total_acc,inq_fi,17.19%,17.19%,1.58%,3.68%, 0.00 , 40.42 
max_bal_bc,total_il_high_credit_limit,17.17%,17.17%,3.23%,1.21%, 40.42 , 3.33 
bc_open_to_buy,mo_sin_old_rev_tl_op,17.16%,17.16%,8.08%,3.56%, 3.40 , 3.33 
loan_amnt,mo_sin_old_rev_tl_op,17.16%,17.16%,2.68%,3.56%, - , 3.33 
funded_amnt,mo_sin_old_rev_tl_op,17.16%,17.16%,2.68%,3.56%, - , 3.33 
funded_amnt_inv,mo_sin_old_rev_tl_op,17.15%,17.15%,2.64%,3.56%, - , 3.33 
total_acc,mo_sin_rcnt_rev_tl_op,-17.08%,17.08%,1.58%,5.12%, 0.00 , 3.33 
loan_amnt,num_rev_accts,17.08%,17.08%,2.68%,2.22%, - , 3.33 
funded_amnt,num_rev_accts,17.08%,17.08%,2.68%,2.22%, - , 3.33 
funded_amnt_inv,num_rev_accts,17.08%,17.08%,2.64%,2.22%, - , 3.33 
open_il_24m,tot_hi_cred_lim,17.06%,17.06%,6.07%,6.20%, 40.42 , 3.33 
int_rate,acc_open_past_24mths,17.00%,17.00%,19.85%,8.87%, - , 2.36 
num_actv_bc_tl,num_tl_op_past_12m,16.97%,16.97%,2.34%,7.72%, 3.33 , 3.33 
open_rv_12m,percent_bc_gt_75,-16.95%,16.95%,5.27%,7.83%, 40.42 , 3.43 
sub_grade,open_il_12m,16.94%,16.94%,22.50%,6.05%, - , 40.42 
inq_last_12m,mo_sin_rcnt_rev_tl_op,-16.90%,16.90%,6.37%,5.12%, 40.42 , 3.33 
il_util,total_il_high_credit_limit,16.90%,16.90%,5.89%,1.21%, 48.95 , 3.33 
mo_sin_old_rev_tl_op,num_actv_rev_tl,16.89%,16.89%,3.56%,5.07%, 3.33 , 3.33 
dti,percent_bc_gt_75,16.88%,16.88%,7.83%,7.83%, - , 3.43 
installment,bc_open_to_buy,16.88%,16.88%,3.00%,8.08%, - , 3.40 
grade,inq_last_12m,16.87%,16.87%,22.19%,6.37%, - , 40.42 
installment,num_sats,16.85%,16.85%,3.00%,1.84%, - , 2.77 
inq_last_6mths,open_il_12m,16.84%,16.84%,7.88%,6.05%, 0.00 , 40.42 
acc_open_past_24mths,percent_bc_gt_75,-16.74%,16.74%,8.87%,7.83%, 2.36 , 3.43 
mo_sin_old_rev_tl_op,num_rev_tl_bal_gt_0,16.62%,16.62%,3.56%,5.06%, 3.33 , 3.33 
num_bc_sats,percent_bc_gt_75,-16.57%,16.57%,0.43%,7.83%, 2.77 , 3.43 
tot_cur_bal,bc_open_to_buy,16.55%,16.55%,5.24%,8.08%, 3.33 , 3.40 
open_acc_6m,percent_bc_gt_75,-16.53%,16.53%,6.07%,7.83%, 40.42 , 3.43 
open_act_il,mo_sin_old_il_acct,16.51%,16.51%,0.89%,2.12%, 40.42 , 6.37 
funded_amnt,num_op_rev_tl,16.50%,16.50%,2.68%,2.36%, - , 3.33 
loan_amnt,num_op_rev_tl,16.50%,16.50%,2.68%,2.36%, - , 3.33 
funded_amnt_inv,num_op_rev_tl,16.50%,16.50%,2.64%,2.36%, - , 3.33 
mths_since_rcnt_il,num_sats,-16.47%,16.47%,3.24%,1.84%, 42.30 , 2.77 
open_acc,mths_since_rcnt_il,-16.45%,16.45%,1.78%,3.24%, 0.00 , 42.30 
mo_sin_old_rev_tl_op,num_bc_sats,16.39%,16.39%,3.56%,0.43%, 3.33 , 2.77 
int_rate,inq_last_12m,16.37%,16.37%,19.85%,6.37%, - , 40.42 
title,year_issued,-16.36%,16.36%,2.77%,14.60%, 1.05 , - 
grade,open_il_12m,16.34%,16.34%,22.19%,6.05%, - , 40.42 
int_rate,open_il_12m,16.32%,16.32%,19.85%,6.05%, - , 40.42 
bc_open_to_buy,pct_tl_nvr_dlq,16.30%,16.30%,8.08%,0.37%, 3.40 , 3.33 
inq_fi,mo_sin_rcnt_tl,-16.30%,16.30%,3.68%,5.35%, 40.42 , 3.33 
total_cu_tl,acc_open_past_24mths,16.25%,16.25%,0.93%,8.87%, 40.42 , 2.36 
revol_util,year_issued,-16.15%,16.15%,6.95%,14.60%, 0.08 , - 
mths_since_recent_bc_dlq,num_tl_90g_dpd_24m,-16.11%,16.11%,0.31%,1.22%, 76.74 , 3.33 
open_acc_6m,inq_fi,16.10%,16.10%,6.07%,3.68%, 40.42 , 40.42 
revol_bal,bc_open_to_buy,16.09%,16.09%,1.79%,8.08%, - , 3.40 
mo_sin_rcnt_rev_tl_op,num_actv_bc_tl,-16.06%,16.06%,5.12%,2.34%, 3.33 , 3.33 
installment,num_rev_accts,16.06%,16.06%,3.00%,2.22%, - , 3.33 
mort_acc,total_bal_ex_mort,16.04%,16.04%,3.24%,1.03%, 2.36 , 2.36 
home_ownership,mo_sin_old_il_acct,-16.02%,16.02%,5.05%,2.12%, - , 6.37 
installment,num_op_rev_tl,16.02%,16.02%,3.00%,2.36%, - , 3.33 
acc_open_past_24mths,mths_since_recent_bc_dlq,16.01%,16.01%,8.87%,0.31%, 2.36 , 76.74 
open_act_il,acc_open_past_24mths,15.99%,15.99%,0.89%,8.87%, 40.42 , 2.36 
inq_last_6mths,num_rev_accts,15.98%,15.98%,7.88%,2.22%, 0.00 , 3.33 
open_rv_12m,all_util,-15.96%,15.96%,5.27%,7.38%, 40.42 , 40.43 
bc_util,num_bc_tl,-15.95%,15.95%,7.59%,1.56%, 3.46 , 3.33 
total_rev_hi_lim,total_il_high_credit_limit,15.92%,15.92%,5.74%,1.21%, 3.33 , 3.33 
open_act_il,tot_hi_cred_lim,15.92%,15.92%,0.89%,6.20%, 40.42 , 3.33 
sub_grade,il_util,15.84%,15.84%,22.50%,5.89%, - , 48.95 
num_rev_tl_bal_gt_0,total_bal_ex_mort,15.82%,15.82%,5.06%,1.03%, 3.33 , 2.36 
verification_status,all_util,15.82%,15.82%,9.68%,7.38%, - , 40.43 
annual_inc,total_acc,15.79%,15.79%,3.54%,1.58%, - , 0.00 
installment,num_actv_rev_tl,15.76%,15.76%,3.00%,5.07%, - , 3.33 
mths_since_last_record,num_accts_ever_120_pd,-15.74%,15.74%,2.03%,0.85%, 84.01 , 3.33 
num_op_rev_tl,tot_hi_cred_lim,15.71%,15.71%,2.36%,6.20%, 3.33 , 3.33 
num_actv_bc_tl,total_bal_ex_mort,15.67%,15.67%,2.34%,1.03%, 3.33 , 2.36 
sub_grade,open_il_24m,15.64%,15.64%,22.50%,6.07%, - , 40.42 
installment,num_rev_tl_bal_gt_0,15.63%,15.63%,3.00%,5.06%, - , 3.33 
dti,num_rev_accts,15.58%,15.58%,7.83%,2.22%, - , 3.33 
mo_sin_rcnt_tl,num_actv_rev_tl,-15.57%,15.57%,5.35%,5.07%, 3.33 , 3.33 
home_ownership,revol_bal,-15.55%,15.55%,5.05%,1.79%, - , - 
avg_cur_bal,mo_sin_rcnt_rev_tl_op,15.51%,15.51%,5.62%,5.12%, 3.33 , 3.33 
acc_open_past_24mths,total_bal_ex_mort,15.51%,15.51%,8.87%,1.03%, 2.36 , 2.36 
sub_grade,mths_since_recent_inq,-15.50%,15.50%,22.50%,5.32%, - , 13.08 
inq_last_12m,num_rev_accts,15.50%,15.50%,6.37%,2.22%, 40.42 , 3.33 
bc_util,num_op_rev_tl,-15.49%,15.49%,7.59%,2.36%, 3.46 , 3.33 
mths_since_recent_bc,percent_bc_gt_75,15.47%,15.47%,4.36%,7.83%, 3.34 , 3.43 
num_actv_rev_tl,total_bal_ex_mort,15.45%,15.45%,5.07%,1.03%, 3.33 , 2.36 
bc_util,mths_since_recent_bc,15.41%,15.41%,7.59%,4.36%, 3.46 , 3.34 
il_util,inq_fi,15.41%,15.41%,5.89%,3.68%, 48.95 , 40.42 
mths_since_recent_bc_dlq,num_accts_ever_120_pd,15.38%,15.38%,0.31%,0.85%, 76.74 , 3.33 
total_bal_il,inq_fi,15.38%,15.38%,0.20%,3.68%, 40.42 , 40.42 
avg_cur_bal,mths_since_recent_bc,15.37%,15.37%,5.62%,4.36%, 3.33 , 3.34 
mo_sin_rcnt_rev_tl_op,mths_since_recent_inq,15.37%,15.37%,5.12%,5.32%, 3.33 , 13.08 
open_rv_24m,bc_open_to_buy,15.36%,15.36%,6.91%,8.08%, 40.42 , 3.40 
inq_fi,total_il_high_credit_limit,15.32%,15.32%,3.68%,1.21%, 40.42 , 3.33 
mths_since_last_record,num_rev_accts,-15.31%,15.31%,2.03%,2.22%, 84.01 , 3.33 
mo_sin_rcnt_tl,num_rev_tl_bal_gt_0,-15.24%,15.24%,5.35%,5.06%, 3.33 , 3.33 
total_bal_il,inq_last_12m,15.24%,15.24%,0.20%,6.37%, 40.42 , 40.42 
inq_last_12m,num_op_rev_tl,15.21%,15.21%,6.37%,2.36%, 40.42 , 3.33 
total_bal_il,num_tl_op_past_12m,15.20%,15.20%,0.20%,7.72%, 40.42 , 3.33 
int_rate,open_il_24m,15.19%,15.19%,19.85%,6.07%, - , 40.42 
delinq_2yrs,chargeoff_within_12_mths,15.18%,15.18%,1.91%,0.21%, 0.00 , 0.01 
funded_amnt,num_actv_rev_tl,15.17%,15.17%,2.68%,5.07%, - , 3.33 
loan_amnt,num_actv_rev_tl,15.17%,15.17%,2.68%,5.07%, - , 3.33 
funded_amnt_inv,num_actv_rev_tl,15.16%,15.16%,2.64%,5.07%, - , 3.33 
loan_amnt,total_bal_il,15.16%,15.16%,2.68%,0.20%, - , 40.42 
funded_amnt,total_bal_il,15.16%,15.16%,2.68%,0.20%, - , 40.42 
funded_amnt_inv,total_bal_il,15.16%,15.16%,2.64%,0.20%, - , 40.42 
total_rev_hi_lim,percent_bc_gt_75,-15.14%,15.14%,5.74%,7.83%, 3.33 , 3.43 
dti,revol_bal,15.14%,15.14%,7.83%,1.79%, - , - 
grade,mths_since_recent_inq,-15.12%,15.12%,22.19%,5.32%, - , 13.08 
inq_last_6mths,total_acc,15.12%,15.12%,7.88%,1.58%, 0.00 , 0.00 
grade,il_util,15.11%,15.11%,22.19%,5.89%, - , 48.95 
avg_cur_bal,num_rev_tl_bal_gt_0,-15.08%,15.08%,5.62%,5.06%, 3.33 , 3.33 
num_bc_sats,pct_tl_nvr_dlq,15.08%,15.08%,0.43%,0.37%, 2.77 , 3.33 
funded_amnt,num_rev_tl_bal_gt_0,15.06%,15.06%,2.68%,5.06%, - , 3.33 
loan_amnt,num_rev_tl_bal_gt_0,15.06%,15.06%,2.68%,5.06%, - , 3.33 
funded_amnt_inv,num_rev_tl_bal_gt_0,15.06%,15.06%,2.64%,5.06%, - , 3.33 
revol_util,mths_since_recent_bc,15.04%,15.04%,6.95%,4.36%, 0.08 , 3.34 
grade,open_il_24m,15.04%,15.04%,22.19%,6.07%, - , 40.42 
mths_since_last_record,total_acc,-15.01%,15.01%,2.03%,1.58%, 84.01 , 0.00 
int_rate,il_util,14.99%,14.99%,19.85%,5.89%, - , 48.95 
inq_last_12m,num_il_tl,14.99%,14.99%,6.37%,1.03%, 40.42 , 3.33 
avg_cur_bal,num_actv_rev_tl,-14.95%,14.95%,5.62%,5.07%, 3.33 , 3.33 
installment,mo_sin_old_rev_tl_op,14.92%,14.92%,3.00%,3.56%, - , 3.33 
total_acc,num_accts_ever_120_pd,14.91%,14.91%,1.58%,0.85%, 0.00 , 3.33 
num_bc_sats,total_bal_ex_mort,14.88%,14.88%,0.43%,1.03%, 2.77 , 2.36 
revol_bal,total_il_high_credit_limit,14.85%,14.85%,1.79%,1.21%, - , 3.33 
funded_amnt_inv,purpose,-14.80%,14.80%,2.64%,1.37%, - , - 
open_acc,mo_sin_old_rev_tl_op,14.74%,14.74%,1.78%,3.56%, 0.00 , 3.33 
funded_amnt,purpose,-14.72%,14.72%,2.68%,1.37%, - , - 
loan_amnt,purpose,-14.68%,14.68%,2.68%,1.37%, - , - 
open_acc,mo_sin_old_il_acct,14.64%,14.64%,1.78%,2.12%, 0.00 , 6.37 
revol_util,num_sats,-14.58%,14.58%,6.95%,1.84%, 0.08 , 2.77 
int_rate,mths_since_recent_inq,-14.56%,14.56%,19.85%,5.32%, - , 13.08 
annual_inc,dti,-14.53%,14.53%,3.54%,7.83%, - , - 
mo_sin_old_il_acct,num_sats,14.51%,14.51%,2.12%,1.84%, 6.37 , 2.77 
inq_last_6mths,num_op_rev_tl,14.49%,14.49%,7.88%,2.36%, 0.00 , 3.33 
tot_cur_bal,num_bc_tl,14.43%,14.43%,5.24%,1.56%, 3.33 , 3.33 
mo_sin_old_rev_tl_op,num_sats,14.37%,14.37%,3.56%,1.84%, 3.33 , 2.77 
max_bal_bc,all_util,14.36%,14.36%,3.23%,7.38%, 40.42 , 40.43 
total_cu_tl,total_il_high_credit_limit,14.35%,14.35%,0.93%,1.21%, 40.42 , 3.33 
mths_since_recent_revol_delinq,num_tl_90g_dpd_24m,-14.35%,14.35%,0.67%,1.22%, 66.98 , 3.33 
dti,acc_open_past_24mths,14.34%,14.34%,7.83%,8.87%, - , 2.36 
open_acc,revol_util,-14.33%,14.33%,1.78%,6.95%, 0.00 , 0.08 
tot_cur_bal,num_rev_accts,14.29%,14.29%,5.24%,2.22%, 3.33 , 3.33 
inq_last_6mths,year_issued,-14.29%,14.29%,7.88%,14.60%, 0.00 , - 
annual_inc,bc_open_to_buy,14.26%,14.26%,3.54%,8.08%, - , 3.40 
pub_rec_bankruptcies,total_bc_limit,-14.25%,14.25%,2.17%,7.27%, 0.07 , 2.36 
inq_last_6mths,open_il_24m,14.22%,14.22%,7.88%,6.07%, 0.00 , 40.42 
open_rv_24m,total_rev_hi_lim,14.20%,14.20%,6.91%,5.74%, 40.42 , 3.33 
sub_grade,open_acc_6m,14.19%,14.19%,22.50%,6.07%, - , 40.42 
bc_open_to_buy,num_rev_tl_bal_gt_0,14.16%,14.16%,8.08%,5.06%, 3.40 , 3.33 
open_il_24m,mths_since_recent_inq,-14.16%,14.16%,6.07%,5.32%, 40.42 , 13.08 
num_actv_bc_tl,tot_hi_cred_lim,14.15%,14.15%,2.34%,6.20%, 3.33 , 3.33 
mths_since_rcnt_il,total_cu_tl,-14.14%,14.14%,3.24%,0.93%, 42.30 , 40.42 
revol_bal,percent_bc_gt_75,14.14%,14.14%,1.79%,7.83%, - , 3.43 
inq_last_12m,total_il_high_credit_limit,14.12%,14.12%,6.37%,1.21%, 40.42 , 3.33 
tot_cur_bal,open_il_12m,14.03%,14.03%,5.24%,6.05%, 3.33 , 40.42 
bc_open_to_buy,year_issued,14.00%,14.00%,8.08%,14.60%, 3.40 , - 
installment,home_ownership,-13.99%,13.99%,3.00%,5.05%, - , - 
num_op_rev_tl,pct_tl_nvr_dlq,13.99%,13.99%,2.36%,0.37%, 3.33 , 3.33 
term,initial_list_status,13.98%,13.98%,9.11%,6.85%, - , - 
inq_last_6mths,num_sats,13.97%,13.97%,7.88%,1.84%, 0.00 , 2.77 
mths_since_recent_revol_delinq,num_accts_ever_120_pd,13.95%,13.95%,0.67%,0.85%, 66.98 , 3.33 
mo_sin_old_il_acct,num_rev_accts,13.92%,13.92%,2.12%,2.22%, 6.37 , 3.33 
total_bc_limit,total_il_high_credit_limit,13.91%,13.91%,7.27%,1.21%, 2.36 , 3.33 
num_bc_tl,percent_bc_gt_75,-13.91%,13.91%,1.56%,7.83%, 3.33 , 3.43 
home_ownership,open_acc,-13.91%,13.91%,5.05%,1.78%, - , 0.00 
installment,total_bal_il,13.91%,13.91%,3.00%,0.20%, - , 40.42 
revol_util,total_rev_hi_lim,-13.90%,13.90%,6.95%,5.74%, 0.08 , 3.33 
term,installment,13.90%,13.90%,9.11%,3.00%, - , - 
total_acc,max_bal_bc,13.88%,13.88%,1.58%,3.23%, 0.00 , 40.42 
num_op_rev_tl,total_bal_ex_mort,13.87%,13.87%,2.36%,1.03%, 3.33 , 2.36 
num_accts_ever_120_pd,num_il_tl,13.86%,13.86%,0.85%,1.03%, 3.33 , 3.33 
num_op_rev_tl,percent_bc_gt_75,-13.79%,13.79%,2.36%,7.83%, 3.33 , 3.43 
mo_sin_rcnt_tl,num_bc_tl,-13.79%,13.79%,5.35%,1.56%, 3.33 , 3.33 
grade,open_acc_6m,13.77%,13.77%,22.19%,6.07%, - , 40.42 
home_ownership,max_bal_bc,-13.73%,13.73%,5.05%,3.23%, - , 40.42 
num_tl_op_past_12m,total_il_high_credit_limit,13.72%,13.72%,7.72%,1.21%, 3.33 , 3.33 
max_bal_bc,pct_tl_nvr_dlq,13.71%,13.71%,3.23%,0.37%, 40.42 , 3.33 
bc_util,mo_sin_rcnt_tl,13.71%,13.71%,7.59%,5.35%, 3.46 , 3.33 
mo_sin_old_rev_tl_op,num_actv_bc_tl,13.68%,13.68%,3.56%,2.34%, 3.33 , 3.33 
mths_since_last_major_derog,pct_tl_nvr_dlq,13.63%,13.63%,1.14%,0.37%, 73.98 , 3.33 
mo_sin_rcnt_tl,num_bc_sats,-13.61%,13.61%,5.35%,0.43%, 3.33 , 2.77 
inq_last_6mths,num_bc_tl,13.60%,13.60%,7.88%,1.56%, 0.00 , 3.33 
home_ownership,total_bc_limit,-13.60%,13.60%,5.05%,7.27%, - , 2.36 
home_ownership,num_sats,-13.59%,13.59%,5.05%,1.84%, - , 2.77 
home_ownership,num_rev_accts,-13.53%,13.53%,5.05%,2.22%, - , 3.33 
open_acc_6m,num_il_tl,13.51%,13.51%,6.07%,1.03%, 40.42 , 3.33 
int_rate,open_acc_6m,13.50%,13.50%,19.85%,6.07%, - , 40.42 
num_rev_accts,total_bal_ex_mort,13.45%,13.45%,2.22%,1.03%, 3.33 , 2.36 
num_bc_tl,total_bal_ex_mort,13.44%,13.44%,1.56%,1.03%, 3.33 , 2.36 
revol_util,inq_last_12m,-13.44%,13.44%,6.95%,6.37%, 0.08 , 40.42 
home_ownership,annual_inc,-13.40%,13.40%,5.05%,3.54%, - , - 
revol_util,avg_cur_bal,13.40%,13.40%,6.95%,5.62%, 0.08 , 3.33 
verification_status,revol_util,13.39%,13.39%,9.68%,6.95%, - , 0.08 
inq_last_6mths,open_acc,13.34%,13.34%,7.88%,1.78%, 0.00 , 0.00 
verification_status,bc_util,13.33%,13.33%,9.68%,7.59%, - , 3.46 
acc_open_past_24mths,bc_open_to_buy,13.29%,13.29%,8.87%,8.08%, 2.36 , 3.40 
num_actv_bc_tl,pct_tl_nvr_dlq,13.29%,13.29%,2.34%,0.37%, 3.33 , 3.33 
sub_grade,open_rv_24m,13.29%,13.29%,22.50%,6.91%, - , 40.42 
open_acc,mort_acc,13.27%,13.27%,1.78%,3.24%, 0.00 , 2.36 
int_rate,inq_fi,13.25%,13.25%,19.85%,3.68%, - , 40.42 
mths_since_last_record,mo_sin_old_rev_tl_op,-13.24%,13.24%,2.03%,3.56%, 84.01 , 3.33 
sub_grade,inq_fi,13.24%,13.24%,22.50%,3.68%, - , 40.42 
open_rv_12m,avg_cur_bal,-13.21%,13.21%,5.27%,5.62%, 40.42 , 3.33 
mo_sin_rcnt_tl,num_il_tl,-13.20%,13.20%,5.35%,1.03%, 3.33 , 3.33 
home_ownership,total_bal_ex_mort,-13.20%,13.20%,5.05%,1.03%, - , 2.36 
collections_12_mths_ex_med,mths_since_last_major_derog,-13.17%,13.17%,1.01%,1.14%, 0.01 , 73.98 
num_rev_tl_bal_gt_0,tot_hi_cred_lim,13.13%,13.13%,5.06%,6.20%, 3.33 , 3.33 
num_actv_rev_tl,tot_hi_cred_lim,13.13%,13.13%,5.07%,6.20%, 3.33 , 3.33 
open_rv_24m,mths_since_recent_bc_dlq,13.13%,13.13%,6.91%,0.31%, 40.42 , 76.74 
open_rv_12m,bc_open_to_buy,13.11%,13.11%,5.27%,8.08%, 40.42 , 3.40 
max_bal_bc,num_actv_rev_tl,13.10%,13.10%,3.23%,5.07%, 40.42 , 3.33 
avg_cur_bal,total_bc_limit,13.07%,13.07%,5.62%,7.27%, 3.33 , 2.36 
verification_status,percent_bc_gt_75,13.07%,13.07%,9.68%,7.83%, - , 3.43 
installment,purpose,-13.06%,13.06%,3.00%,1.37%, - , - 
open_il_12m,tot_hi_cred_lim,13.05%,13.05%,6.05%,6.20%, 40.42 , 3.33 
acc_open_past_24mths,mths_since_recent_revol_delinq,13.03%,13.03%,8.87%,0.67%, 2.36 , 66.98 
mort_acc,num_sats,13.02%,13.02%,3.24%,1.84%, 2.36 , 2.77 
open_acc_6m,num_actv_bc_tl,13.01%,13.01%,6.07%,2.34%, 40.42 , 3.33 
open_rv_24m,inq_fi,13.00%,13.00%,6.91%,3.68%, 40.42 , 40.42 
bc_util,num_rev_accts,-12.99%,12.99%,7.59%,2.22%, 3.46 , 3.33 
avg_cur_bal,mo_sin_old_rev_tl_op,12.99%,12.99%,5.62%,3.56%, 3.33 , 3.33 
bc_util,mo_sin_rcnt_rev_tl_op,12.98%,12.98%,7.59%,5.12%, 3.46 , 3.33 
il_util,num_sats,12.96%,12.96%,5.89%,1.84%, 48.95 , 2.77 
tot_cur_bal,inq_last_12m,12.96%,12.96%,5.24%,6.37%, 3.33 , 40.42 
grade,initial_list_status,-12.95%,12.95%,22.19%,6.85%, - , - 
num_accts_ever_120_pd,total_bc_limit,-12.94%,12.94%,0.85%,7.27%, 3.33 , 2.36 
dti,max_bal_bc,12.91%,12.91%,7.83%,3.23%, - , 40.42 
bc_open_to_buy,num_actv_rev_tl,12.90%,12.90%,8.08%,5.07%, 3.40 , 3.33 
total_acc,mths_since_recent_inq,-12.86%,12.86%,1.58%,5.32%, 0.00 , 13.08 
grade,open_rv_24m,12.82%,12.82%,22.19%,6.91%, - , 40.42 
open_acc,il_util,12.81%,12.81%,1.78%,5.89%, 0.00 , 48.95 
revol_util,num_bc_sats,-12.80%,12.80%,6.95%,0.43%, 0.08 , 2.77 
mths_since_last_record,mort_acc,-12.79%,12.79%,2.03%,3.24%, 84.01 , 2.36 
revol_util,num_bc_tl,-12.76%,12.76%,6.95%,1.56%, 0.08 , 3.33 
annual_inc,open_acc,12.74%,12.74%,3.54%,1.78%, - , 0.00 
inq_last_6mths,mths_since_recent_bc,-12.74%,12.74%,7.88%,4.36%, 0.00 , 3.34 
dti,total_cu_tl,12.73%,12.73%,7.83%,0.93%, - , 40.42 
dti,num_bc_sats,12.73%,12.73%,7.83%,0.43%, - , 2.77 
grade,inq_fi,12.72%,12.72%,22.19%,3.68%, - , 40.42 
mo_sin_rcnt_rev_tl_op,percent_bc_gt_75,12.67%,12.67%,5.12%,7.83%, 3.33 , 3.43 
inq_last_6mths,num_actv_rev_tl,12.66%,12.66%,7.88%,5.07%, 0.00 , 3.33 
mo_sin_rcnt_tl,percent_bc_gt_75,12.62%,12.62%,5.35%,7.83%, 3.33 , 3.43 
int_rate,mo_sin_old_rev_tl_op,-12.59%,12.59%,19.85%,3.56%, - , 3.33 
funded_amnt_inv,title,-12.58%,12.58%,2.64%,2.77%, - , 1.05 
inq_last_12m,mths_since_recent_bc,-12.56%,12.56%,6.37%,4.36%, 40.42 , 3.34 
total_bal_il,mo_sin_rcnt_tl,-12.53%,12.53%,0.20%,5.35%, 40.42 , 3.33 
max_bal_bc,num_rev_tl_bal_gt_0,12.53%,12.53%,3.23%,5.06%, 40.42 , 3.33 
annual_inc,num_sats,12.51%,12.51%,3.54%,1.84%, - , 2.77 
int_rate,initial_list_status,-12.50%,12.50%,19.85%,6.85%, - , - 
funded_amnt_inv,mo_sin_old_il_acct,12.49%,12.49%,2.64%,2.12%, - , 6.37 
funded_amnt,mo_sin_old_il_acct,12.49%,12.49%,2.68%,2.12%, - , 6.37 
loan_amnt,mo_sin_old_il_acct,12.49%,12.49%,2.68%,2.12%, - , 6.37 
sub_grade,initial_list_status,-12.46%,12.46%,22.50%,6.85%, - , - 
sub_grade,tot_hi_cred_lim,-12.45%,12.45%,22.50%,6.20%, - , 3.33 
funded_amnt,title,-12.43%,12.43%,2.68%,2.77%, - , 1.05 
mths_since_rcnt_il,all_util,-12.42%,12.42%,3.24%,7.38%, 42.30 , 40.43 
int_rate,open_rv_24m,12.42%,12.42%,19.85%,6.91%, - , 40.42 
mo_sin_old_rev_tl_op,mths_since_recent_bc,12.41%,12.41%,3.56%,4.36%, 3.33 , 3.34 
loan_amnt,title,-12.39%,12.39%,2.68%,2.77%, - , 1.05 
annual_inc,mo_sin_old_rev_tl_op,12.35%,12.35%,3.54%,3.56%, - , 3.33 
sub_grade,open_rv_12m,12.33%,12.33%,22.50%,5.27%, - , 40.42 
total_cu_tl,num_tl_op_past_12m,12.33%,12.33%,0.93%,7.72%, 40.42 , 3.33 
tot_cur_bal,num_bc_sats,12.33%,12.33%,5.24%,0.43%, 3.33 , 2.77 
inq_last_12m,num_bc_tl,12.32%,12.32%,6.37%,1.56%, 40.42 , 3.33 
total_bal_il,total_rev_hi_lim,12.31%,12.31%,0.20%,5.74%, 40.42 , 3.33 
total_cu_tl,tot_hi_cred_lim,12.30%,12.30%,0.93%,6.20%, 40.42 , 3.33 
sub_grade,mo_sin_old_rev_tl_op,-12.30%,12.30%,22.50%,3.56%, - , 3.33 
bc_open_to_buy,mort_acc,12.29%,12.29%,8.08%,3.24%, 3.40 , 2.36 
total_acc,mths_since_recent_bc,-12.29%,12.29%,1.58%,4.36%, 0.00 , 3.34 
installment,revol_util,12.28%,12.28%,3.00%,6.95%, - , 0.08 
bc_util,num_rev_tl_bal_gt_0,12.27%,12.27%,7.59%,5.06%, 3.46 , 3.33 
bc_open_to_buy,mths_since_recent_bc,-12.24%,12.24%,8.08%,4.36%, 3.40 , 3.34 
revol_util,total_bal_ex_mort,12.23%,12.23%,6.95%,1.03%, 0.08 , 2.36 
home_ownership,total_cu_tl,-12.23%,12.23%,5.05%,0.93%, - , 40.42 
all_util,year_issued,-12.20%,12.20%,7.38%,14.60%, 40.43 , - 
tot_cur_bal,total_cu_tl,12.18%,12.18%,5.24%,0.93%, 3.33 , 40.42 
int_rate,tot_hi_cred_lim,-12.15%,12.15%,19.85%,6.20%, - , 3.33 
int_rate,installment,12.13%,12.13%,19.85%,3.00%, - , - 
total_rev_hi_lim,acc_open_past_24mths,12.10%,12.10%,5.74%,8.87%, 3.33 , 2.36 
tot_cur_bal,inq_fi,12.09%,12.09%,5.24%,3.68%, 3.33 , 40.42 
open_rv_24m,max_bal_bc,-12.09%,12.09%,6.91%,3.23%, 40.42 , 40.42 
avg_cur_bal,mo_sin_old_il_acct,12.08%,12.08%,5.62%,2.12%, 3.33 , 6.37 
mths_since_last_major_derog,acc_open_past_24mths,12.08%,12.08%,1.14%,8.87%, 73.98 , 2.36 
mort_acc,total_il_high_credit_limit,12.06%,12.06%,3.24%,1.21%, 2.36 , 3.33 
mths_since_last_record,year_issued,12.05%,12.05%,2.03%,14.60%, 84.01 , - 
bc_open_to_buy,total_bal_ex_mort,12.04%,12.04%,8.08%,1.03%, 3.40 , 2.36 
total_cu_tl,total_bal_ex_mort,12.03%,12.03%,0.93%,1.03%, 40.42 , 2.36 
inq_last_12m,tot_hi_cred_lim,12.03%,12.03%,6.37%,6.20%, 40.42 , 3.33 
inq_last_6mths,num_bc_sats,12.01%,12.01%,7.88%,0.43%, 0.00 , 2.77 
mths_since_rcnt_il,tot_hi_cred_lim,-12.00%,12.00%,3.24%,6.20%, 42.30 , 3.33 
pub_rec,total_bc_limit,-11.99%,11.99%,2.88%,7.27%, 0.00 , 2.36 
grade,open_rv_12m,11.95%,11.95%,22.19%,5.27%, - , 40.42 
open_acc,max_bal_bc,11.93%,11.93%,1.78%,3.23%, 0.00 , 40.42 
max_bal_bc,num_sats,11.93%,11.93%,3.23%,1.84%, 40.42 , 2.77 
total_rev_hi_lim,pub_rec_bankruptcies,-11.92%,11.92%,5.74%,2.17%, 3.33 , 0.07 
inq_fi,num_sats,11.92%,11.92%,3.68%,1.84%, 40.42 , 2.77 
max_bal_bc,pub_rec_bankruptcies,-11.91%,11.91%,3.23%,2.17%, 40.42 , 0.07 
purpose,revol_util,-11.90%,11.90%,1.37%,6.95%, - , 0.08 
tot_cur_bal,mths_since_rcnt_il,-11.90%,11.90%,5.24%,3.24%, 3.33 , 42.30 
delinq_2yrs,total_acc,11.89%,11.89%,1.91%,1.58%, 0.00 , 0.00 
mths_since_recent_bc_dlq,num_tl_op_past_12m,11.87%,11.87%,0.31%,7.72%, 76.74 , 3.33 
inq_last_12m,bc_util,-11.86%,11.86%,6.37%,7.59%, 40.42 , 3.46 
total_bal_il,total_cu_tl,11.85%,11.85%,0.20%,0.93%, 40.42 , 40.42 
max_bal_bc,num_rev_accts,11.85%,11.85%,3.23%,2.22%, 40.42 , 3.33 
num_bc_tl,year_issued,-11.84%,11.84%,1.56%,14.60%, 3.33 , - 
installment,sub_grade,11.82%,11.82%,3.00%,22.50%, - , - 
chargeoff_within_12_mths,num_accts_ever_120_pd,11.81%,11.81%,0.21%,0.85%, 0.01 , 3.33 
bc_open_to_buy,num_tl_op_past_12m,11.78%,11.78%,8.08%,7.72%, 3.40 , 3.33 
open_acc,inq_fi,11.78%,11.78%,1.78%,3.68%, 0.00 , 40.42 
total_cu_tl,num_rev_accts,11.77%,11.77%,0.93%,2.22%, 40.42 , 3.33 
total_acc,il_util,11.77%,11.77%,1.58%,5.89%, 0.00 , 48.95 
bc_util,num_actv_rev_tl,11.76%,11.76%,7.59%,5.07%, 3.46 , 3.33 
acc_open_past_24mths,tot_hi_cred_lim,11.74%,11.74%,8.87%,6.20%, 2.36 , 3.33 
tot_coll_amt,num_accts_ever_120_pd,11.72%,11.72%,0.15%,0.85%, 3.33 , 3.33 
mo_sin_rcnt_tl,total_il_high_credit_limit,-11.72%,11.72%,5.35%,1.21%, 3.33 , 3.33 
all_util,mo_sin_rcnt_rev_tl_op,11.70%,11.70%,7.38%,5.12%, 40.43 , 3.33 
grade,tot_hi_cred_lim,-11.69%,11.69%,22.19%,6.20%, - , 3.33 
num_tl_op_past_12m,total_bal_ex_mort,11.66%,11.66%,7.72%,1.03%, 3.33 , 2.36 
open_act_il,num_tl_op_past_12m,11.65%,11.65%,0.89%,7.72%, 40.42 , 3.33 
sub_grade,mo_sin_rcnt_tl,-11.64%,11.64%,22.50%,5.35%, - , 3.33 
int_rate,open_rv_12m,11.64%,11.64%,19.85%,5.27%, - , 40.42 
dti,avg_cur_bal,-11.63%,11.63%,7.83%,5.62%, - , 3.33 
max_bal_bc,mo_sin_old_il_acct,11.63%,11.63%,3.23%,2.12%, 40.42 , 6.37 
avg_cur_bal,num_bc_sats,-11.62%,11.62%,5.62%,0.43%, 3.33 , 2.77 
mo_sin_old_rev_tl_op,total_bal_ex_mort,11.61%,11.61%,3.56%,1.03%, 3.33 , 2.36 
installment,grade,11.60%,11.60%,3.00%,22.19%, - , - 
revol_bal,total_bal_il,11.58%,11.58%,1.79%,0.20%, - , 40.42 
num_sats,pct_tl_nvr_dlq,11.54%,11.54%,1.84%,0.37%, 2.77 , 3.33 
grade,mo_sin_old_rev_tl_op,-11.54%,11.54%,22.19%,3.56%, - , 3.33 
il_util,max_bal_bc,-11.52%,11.52%,5.89%,3.23%, 48.95 , 40.42 
open_acc_6m,total_bal_il,11.52%,11.52%,6.07%,0.20%, 40.42 , 40.42 
annual_inc,num_bc_tl,11.50%,11.50%,3.54%,1.56%, - , 3.33 
desc,title,-11.50%,11.50%,1.96%,2.77%, 94.16 , 1.05 
mths_since_last_delinq,acc_open_past_24mths,11.46%,11.46%,1.30%,8.87%, 50.89 , 2.36 
purpose,max_bal_bc,-11.41%,11.41%,1.37%,3.23%, - , 40.42 
open_rv_12m,total_rev_hi_lim,11.38%,11.38%,5.27%,5.74%, 40.42 , 3.33 
inq_last_12m,total_bal_ex_mort,11.37%,11.37%,6.37%,1.03%, 40.42 , 2.36 
annual_inc,num_bc_sats,11.36%,11.36%,3.54%,0.43%, - , 2.77 
installment,title,-11.35%,11.35%,3.00%,2.77%, - , 1.05 
open_acc,pct_tl_nvr_dlq,11.34%,11.34%,1.78%,0.37%, 0.00 , 3.33 
mo_sin_old_il_acct,num_accts_ever_120_pd,11.34%,11.34%,2.12%,0.85%, 6.37 , 3.33 
revol_bal,all_util,11.30%,11.30%,1.79%,7.38%, - , 40.43 
avg_cur_bal,num_actv_bc_tl,-11.29%,11.29%,5.62%,2.34%, 3.33 , 3.33 
total_bal_il,max_bal_bc,11.27%,11.27%,0.20%,3.23%, 40.42 , 40.42 
inq_last_12m,percent_bc_gt_75,-11.26%,11.26%,6.37%,7.83%, 40.42 , 3.43 
purpose,bc_util,-11.25%,11.25%,1.37%,7.59%, - , 3.46 
inq_fi,tot_hi_cred_lim,11.22%,11.22%,3.68%,6.20%, 40.42 , 3.33 
open_acc_6m,bc_open_to_buy,11.22%,11.22%,6.07%,8.08%, 40.42 , 3.40 
home_ownership,inq_last_12m,-11.21%,11.21%,5.05%,6.37%, - , 40.42 
grade,mo_sin_rcnt_tl,-11.20%,11.20%,22.19%,5.35%, - , 3.33 
inq_fi,total_bal_ex_mort,11.20%,11.20%,3.68%,1.03%, 40.42 , 2.36 
max_bal_bc,mo_sin_rcnt_rev_tl_op,11.15%,11.15%,3.23%,5.12%, 40.42 , 3.33 
verification_status,num_tl_op_past_12m,11.15%,11.15%,9.68%,7.72%, - , 3.33 
revol_bal,pct_tl_nvr_dlq,11.14%,11.14%,1.79%,0.37%, - , 3.33 
inq_last_12m,mort_acc,11.10%,11.10%,6.37%,3.24%, 40.42 , 2.36 
open_il_24m,mort_acc,11.10%,11.10%,6.07%,3.24%, 40.42 , 2.36 
total_cu_tl,mo_sin_old_il_acct,11.08%,11.08%,0.93%,2.12%, 40.42 , 6.37 
acc_open_past_24mths,pub_rec_bankruptcies,11.04%,11.04%,8.87%,2.17%, 2.36 , 0.07 
mths_since_rcnt_il,mths_since_recent_inq,10.99%,10.99%,3.24%,5.32%, 42.30 , 13.08 
mths_since_last_record,open_rv_24m,-10.99%,10.99%,2.03%,6.91%, 84.01 , 40.42 
mths_since_last_delinq,num_tl_30dpd,-10.99%,10.99%,1.30%,0.48%, 50.89 , 3.33 
num_rev_accts,percent_bc_gt_75,-10.95%,10.95%,2.22%,7.83%, 3.33 , 3.43 
home_ownership,total_il_high_credit_limit,-10.94%,10.94%,5.05%,1.21%, - , 3.33 
mo_sin_old_il_acct,num_bc_tl,10.90%,10.90%,2.12%,1.56%, 6.37 , 3.33 
tot_cur_bal,acc_open_past_24mths,10.88%,10.88%,5.24%,8.87%, 3.33 , 2.36 
term,tot_cur_bal,10.87%,10.87%,9.11%,5.24%, - , 3.33 
inq_last_6mths,num_rev_tl_bal_gt_0,10.86%,10.86%,7.88%,5.06%, 0.00 , 3.33 
int_rate,mo_sin_rcnt_tl,-10.85%,10.85%,19.85%,5.35%, - , 3.33 
num_rev_tl_bal_gt_0,pct_tl_nvr_dlq,10.83%,10.83%,5.06%,0.37%, 3.33 , 3.33 
mths_since_last_delinq,pub_rec_bankruptcies,10.76%,10.76%,1.30%,2.17%, 50.89 , 0.07 
il_util,total_bc_limit,-10.74%,10.74%,5.89%,7.27%, 48.95 , 2.36 
open_rv_24m,total_bc_limit,10.74%,10.74%,6.91%,7.27%, 40.42 , 2.36 
revol_util,num_rev_tl_bal_gt_0,10.73%,10.73%,6.95%,5.06%, 0.08 , 3.33 
all_util,mths_since_recent_bc,10.72%,10.72%,7.38%,4.36%, 40.43 , 3.34 
total_cu_tl,num_sats,10.71%,10.71%,0.93%,1.84%, 40.42 , 2.77 
purpose,num_actv_bc_tl,-10.70%,10.70%,1.37%,2.34%, - , 3.33 
tot_cur_bal,num_actv_bc_tl,10.69%,10.69%,5.24%,2.34%, 3.33 , 3.33 
bc_util,num_sats,-10.69%,10.69%,7.59%,1.84%, 3.46 , 2.77 
open_rv_24m,pub_rec_bankruptcies,10.69%,10.69%,6.91%,2.17%, 40.42 , 0.07 
term,total_bal_ex_mort,10.67%,10.67%,9.11%,1.03%, - , 2.36 
max_bal_bc,num_tl_op_past_12m,-10.67%,10.67%,3.23%,7.72%, 40.42 , 3.33 
open_acc,total_cu_tl,10.67%,10.67%,1.78%,0.93%, 0.00 , 40.42 
max_bal_bc,acc_open_past_24mths,-10.65%,10.65%,3.23%,8.87%, 40.42 , 2.36 
mths_since_recent_bc_dlq,pub_rec_bankruptcies,10.61%,10.61%,0.31%,2.17%, 76.74 , 0.07 
open_acc,bc_util,-10.61%,10.61%,1.78%,7.59%, 0.00 , 3.46 
open_rv_12m,max_bal_bc,-10.60%,10.60%,5.27%,3.23%, 40.42 , 40.42 
revol_bal,pub_rec_bankruptcies,-10.58%,10.58%,1.79%,2.17%, - , 0.07 
verification_status,year_issued,-10.58%,10.58%,9.68%,14.60%, - , - 
il_util,mths_since_recent_inq,-10.58%,10.58%,5.89%,5.32%, 48.95 , 13.08 
mths_since_recent_revol_delinq,num_tl_op_past_12m,10.57%,10.57%,0.67%,7.72%, 66.98 , 3.33 
term,tot_hi_cred_lim,10.57%,10.57%,9.11%,6.20%, - , 3.33 
home_ownership,num_bc_tl,-10.57%,10.57%,5.05%,1.56%, - , 3.33 
sub_grade,purpose,10.56%,10.56%,22.50%,1.37%, - , - 
loan_amnt,sub_grade,10.53%,10.53%,2.68%,22.50%, - , - 
open_act_il,mo_sin_rcnt_tl,-10.53%,10.53%,0.89%,5.35%, 40.42 , 3.33 
mths_since_recent_inq,num_rev_accts,-10.52%,10.52%,5.32%,2.22%, 13.08 , 3.33 
total_rev_hi_lim,num_accts_ever_120_pd,-10.52%,10.52%,5.74%,0.85%, 3.33 , 3.33 
funded_amnt,sub_grade,10.51%,10.51%,2.68%,22.50%, - , - 
max_bal_bc,num_accts_ever_120_pd,-10.48%,10.48%,3.23%,0.85%, 40.42 , 3.33 
open_acc,mths_since_recent_inq,-10.45%,10.45%,1.78%,5.32%, 0.00 , 13.08 
dti,pct_tl_nvr_dlq,10.43%,10.43%,7.83%,0.37%, - , 3.33 
loan_amnt,grade,10.42%,10.42%,2.68%,22.19%, - , - 
funded_amnt_inv,sub_grade,10.42%,10.42%,2.64%,22.50%, - , - 
funded_amnt,grade,10.40%,10.40%,2.68%,22.19%, - , - 
all_util,avg_cur_bal,10.34%,10.34%,7.38%,5.62%, 40.43 , 3.33 
mort_acc,year_issued,-10.34%,10.34%,3.24%,14.60%, 2.36 , - 
pub_rec,max_bal_bc,-10.33%,10.33%,2.88%,3.23%, 0.00 , 40.42 
mo_sin_old_il_acct,pct_tl_nvr_dlq,-10.32%,10.32%,2.12%,0.37%, 6.37 , 3.33 
funded_amnt_inv,revol_util,10.32%,10.32%,2.64%,6.95%, - , 0.08 
funded_amnt,revol_util,10.32%,10.32%,2.68%,6.95%, - , 0.08 
title,initial_list_status,-10.31%,10.31%,2.77%,6.85%, 1.05 , - 
funded_amnt_inv,grade,10.31%,10.31%,2.64%,22.19%, - , - 
revol_util,open_il_12m,-10.31%,10.31%,6.95%,6.05%, 0.08 , 40.42 
mths_since_recent_inq,num_sats,-10.31%,10.31%,5.32%,1.84%, 13.08 , 2.77 
loan_amnt,revol_util,10.30%,10.30%,2.68%,6.95%, - , 0.08 
int_rate,purpose,10.29%,10.29%,19.85%,1.37%, - , - 
grade,purpose,10.29%,10.29%,22.19%,1.37%, - , - 
avg_cur_bal,num_sats,-10.28%,10.28%,5.62%,1.84%, 3.33 , 2.77 
mths_since_recent_revol_delinq,num_tl_30dpd,-10.28%,10.28%,0.67%,0.48%, 66.98 , 3.33 
open_acc,avg_cur_bal,-10.27%,10.27%,1.78%,5.62%, 0.00 , 3.33 
term,mort_acc,10.26%,10.26%,9.11%,3.24%, - , 2.36 
term,verification_status,10.24%,10.24%,9.11%,9.68%, - , - 
tot_cur_bal,num_rev_tl_bal_gt_0,10.19%,10.19%,5.24%,5.06%, 3.33 , 3.33 
purpose,num_rev_tl_bal_gt_0,-10.19%,10.19%,1.37%,5.06%, - , 3.33 
tot_cur_bal,num_actv_rev_tl,10.17%,10.17%,5.24%,5.07%, 3.33 , 3.33 
total_bal_il,mort_acc,10.17%,10.17%,0.20%,3.24%, 40.42 , 2.36 
term,max_bal_bc,10.17%,10.17%,9.11%,3.23%, - , 40.42 
term,home_ownership,-10.16%,10.16%,9.11%,5.05%, - , - 
purpose,num_actv_rev_tl,-10.16%,10.16%,1.37%,5.07%, - , 3.33 
tot_cur_bal,all_util,10.16%,10.16%,5.24%,7.38%, 3.33 , 40.43 
num_actv_rev_tl,pct_tl_nvr_dlq,10.14%,10.14%,5.07%,0.37%, 3.33 , 3.33 
annual_inc,open_il_24m,10.13%,10.13%,3.54%,6.07%, - , 40.42 
term,total_acc,10.13%,10.13%,9.11%,1.58%, - , 0.00 
mths_since_last_delinq,chargeoff_within_12_mths,-10.12%,10.12%,1.30%,0.21%, 50.89 , 0.01 
home_ownership,inq_fi,-10.12%,10.12%,5.05%,3.68%, - , 40.42 
inq_fi,mort_acc,10.12%,10.12%,3.68%,3.24%, 40.42 , 2.36 
revol_bal,mo_sin_old_il_acct,10.09%,10.09%,1.79%,2.12%, - , 6.37 
num_tl_op_past_12m,tot_hi_cred_lim,10.06%,10.06%,7.72%,6.20%, 3.33 , 3.33 
installment,mo_sin_old_il_acct,10.05%,10.05%,3.00%,2.12%, - , 6.37 
sub_grade,year_issued,-10.04%,10.04%,22.50%,14.60%, - , - 
revol_util,num_actv_rev_tl,10.03%,10.03%,6.95%,5.07%, 0.08 , 3.33 
delinq_2yrs,num_tl_30dpd,10.01%,10.01%,1.91%,0.48%, 0.00 , 3.33 
mths_since_last_record,open_rv_12m,-9.97%,9.97%,2.03%,5.27%, 84.01 , 40.42 
funded_amnt_inv,int_rate,9.96%,9.96%,2.64%,19.85%, - , - 
annual_inc,num_actv_bc_tl,9.95%,9.95%,3.54%,2.34%, - , 3.33 
pub_rec_bankruptcies,tot_hi_cred_lim,-9.95%,9.95%,2.17%,6.20%, 0.07 , 3.33 
loan_amnt,int_rate,9.95%,9.95%,2.68%,19.85%, - , - 
funded_amnt,int_rate,9.95%,9.95%,2.68%,19.85%, - , - 
total_bal_il,total_bc_limit,9.95%,9.95%,0.20%,7.27%, 40.42 , 2.36 
revol_util,total_acc,-9.93%,9.93%,6.95%,1.58%, 0.08 , 0.00 
il_util,mo_sin_old_rev_tl_op,-9.92%,9.92%,5.89%,3.56%, 48.95 , 3.33 
inq_last_12m,num_bc_sats,9.91%,9.91%,6.37%,0.43%, 40.42 , 2.77 
grade,year_issued,-9.91%,9.91%,22.19%,14.60%, - , - 
open_il_12m,bc_util,-9.89%,9.89%,6.05%,7.59%, 40.42 , 3.46 
mths_since_recent_revol_delinq,pub_rec_bankruptcies,9.87%,9.87%,0.67%,2.17%, 66.98 , 0.07 
tot_cur_bal,num_op_rev_tl,9.82%,9.82%,5.24%,2.36%, 3.33 , 3.33 
annual_inc,mo_sin_old_il_acct,9.82%,9.82%,3.54%,2.12%, - , 6.37 
open_act_il,inq_fi,9.81%,9.81%,0.89%,3.68%, 40.42 , 40.42 
dti,num_bc_tl,9.81%,9.81%,7.83%,1.56%, - , 3.33 
num_rev_accts,year_issued,-9.80%,9.80%,2.22%,14.60%, 3.33 , - 
open_rv_24m,mths_since_recent_revol_delinq,9.79%,9.79%,6.91%,0.67%, 40.42 , 66.98 
total_bc_limit,year_issued,9.78%,9.78%,7.27%,14.60%, 2.36 , - 
open_acc_6m,total_il_high_credit_limit,9.78%,9.78%,6.07%,1.21%, 40.42 , 3.33 
total_rev_hi_lim,mo_sin_old_il_acct,9.74%,9.74%,5.74%,2.12%, 3.33 , 6.37 
initial_list_status,bc_util,-9.72%,9.72%,6.85%,7.59%, - , 3.46 
pub_rec,total_rev_hi_lim,-9.71%,9.71%,2.88%,5.74%, 0.00 , 3.33 
initial_list_status,percent_bc_gt_75,-9.71%,9.71%,6.85%,7.83%, - , 3.43 
dti,total_rev_hi_lim,9.71%,9.71%,7.83%,5.74%, - , 3.33 
mths_since_last_major_derog,num_tl_120dpd_2m,-9.70%,9.70%,1.14%,0.22%, 73.98 , 7.13 
revol_util,num_actv_bc_tl,9.70%,9.70%,6.95%,2.34%, 0.08 , 3.33 
initial_list_status,bc_open_to_buy,9.69%,9.69%,6.85%,8.08%, - , 3.40 
revol_util,mths_since_recent_inq,9.66%,9.66%,6.95%,5.32%, 0.08 , 13.08 
il_util,num_accts_ever_120_pd,9.66%,9.66%,5.89%,0.85%, 48.95 , 3.33 
pub_rec,open_rv_24m,9.65%,9.65%,2.88%,6.91%, 0.00 , 40.42 
sub_grade,mo_sin_rcnt_rev_tl_op,-9.64%,9.64%,22.50%,5.12%, - , 3.33 
title,max_bal_bc,-9.62%,9.62%,2.77%,3.23%, 1.05 , 40.42 
tot_cur_bal,num_tl_op_past_12m,9.62%,9.62%,5.24%,7.72%, 3.33 , 3.33 
open_rv_12m,inq_fi,9.62%,9.62%,5.27%,3.68%, 40.42 , 40.42 
open_acc_6m,tot_hi_cred_lim,9.61%,9.61%,6.07%,6.20%, 40.42 , 3.33 
mort_acc,num_il_tl,9.58%,9.58%,3.24%,1.03%, 2.36 , 3.33 
annual_inc,num_il_tl,9.58%,9.58%,3.54%,1.03%, - , 3.33 
num_rev_tl_bal_gt_0,percent_bc_gt_75,9.50%,9.50%,5.06%,7.83%, 3.33 , 3.43 
verification_status,bc_open_to_buy,-9.49%,9.49%,9.68%,8.08%, - , 3.40 
inq_last_6mths,initial_list_status,-9.49%,9.49%,7.88%,6.85%, 0.00 , - 
il_util,total_rev_hi_lim,-9.49%,9.49%,5.89%,5.74%, 48.95 , 3.33 
verification_status,open_il_12m,9.48%,9.48%,9.68%,6.05%, - , 40.42 
mths_since_recent_bc_dlq,num_tl_30dpd,-9.47%,9.47%,0.31%,0.48%, 76.74 , 3.33 
open_acc_6m,total_cu_tl,9.46%,9.46%,6.07%,0.93%, 40.42 , 40.42 
mths_since_recent_inq,num_op_rev_tl,-9.46%,9.46%,5.32%,2.36%, 13.08 , 3.33 
open_rv_12m,mths_since_recent_bc_dlq,9.45%,9.45%,5.27%,0.31%, 40.42 , 76.74 
inq_last_12m,pub_rec_bankruptcies,9.42%,9.42%,6.37%,2.17%, 40.42 , 0.07 
revol_util,inq_fi,-9.40%,9.40%,6.95%,3.68%, 0.08 , 40.42 
revol_bal,il_util,-9.40%,9.40%,1.79%,5.89%, - , 48.95 
verification_status,dti,9.39%,9.39%,9.68%,7.83%, - , - 
num_sats,percent_bc_gt_75,-9.31%,9.31%,1.84%,7.83%, 2.77 , 3.43 
dti,mo_sin_rcnt_tl,-9.31%,9.31%,7.83%,5.35%, - , 3.33 
tot_cur_bal,open_acc_6m,9.31%,9.31%,5.24%,6.07%, 3.33 , 40.42 
inq_last_6mths,mths_since_rcnt_il,-9.31%,9.31%,7.88%,3.24%, 0.00 , 42.30 
total_rev_hi_lim,num_tl_op_past_12m,9.31%,9.31%,5.74%,7.72%, 3.33 , 3.33 
inq_fi,total_cu_tl,9.30%,9.30%,3.68%,0.93%, 40.42 , 40.42 
verification_status,acc_open_past_24mths,9.29%,9.29%,9.68%,8.87%, - , 2.36 
inq_last_6mths,mths_since_last_record,-9.29%,9.29%,7.88%,2.03%, 0.00 , 84.01 
home_ownership,open_il_24m,-9.28%,9.28%,5.05%,6.07%, - , 40.42 
mths_since_recent_bc,total_bc_limit,-9.25%,9.25%,4.36%,7.27%, 3.34 , 2.36 
open_acc,percent_bc_gt_75,-9.25%,9.25%,1.78%,7.83%, 0.00 , 3.43 
grade,mo_sin_rcnt_rev_tl_op,-9.25%,9.25%,22.19%,5.12%, - , 3.33 
mo_sin_rcnt_tl,num_actv_bc_tl,-9.24%,9.24%,5.35%,2.34%, 3.33 , 3.33 
mths_since_recent_bc,mths_since_recent_bc_dlq,-9.20%,9.20%,4.36%,0.31%, 3.34 , 76.74 
mths_since_recent_revol_delinq,pct_tl_nvr_dlq,9.19%,9.19%,0.67%,0.37%, 66.98 , 3.33 
mths_since_last_delinq,open_rv_24m,9.19%,9.19%,1.30%,6.91%, 50.89 , 40.42 
term,total_il_high_credit_limit,9.19%,9.19%,9.11%,1.21%, - , 3.33 
mo_sin_rcnt_rev_tl_op,mths_since_recent_bc_dlq,-9.19%,9.19%,5.12%,0.31%, 3.33 , 76.74 
max_bal_bc,num_op_rev_tl,9.17%,9.17%,3.23%,2.36%, 40.42 , 3.33 
bc_open_to_buy,pub_rec_bankruptcies,-9.15%,9.15%,8.08%,2.17%, 3.40 , 0.07 
annual_inc,num_rev_accts,9.12%,9.12%,3.54%,2.22%, - , 3.33 
home_ownership,total_bal_il,-9.11%,9.11%,5.05%,0.20%, - , 40.42 
tot_cur_bal,pub_rec_bankruptcies,-9.05%,9.05%,5.24%,2.17%, 3.33 , 0.07 
max_bal_bc,mths_since_recent_bc,9.04%,9.04%,3.23%,4.36%, 40.42 , 3.34 
num_actv_rev_tl,percent_bc_gt_75,9.00%,9.00%,5.07%,7.83%, 3.33 , 3.43 
sub_grade,mths_since_rcnt_il,-9.00%,9.00%,22.50%,3.24%, - , 42.30 
funded_amnt_inv,il_util,-9.00%,9.00%,2.64%,5.89%, - , 48.95 
loan_amnt,il_util,-8.99%,8.99%,2.68%,5.89%, - , 48.95 
funded_amnt,il_util,-8.99%,8.99%,2.68%,5.89%, - , 48.95 
int_rate,mths_since_rcnt_il,-8.98%,8.98%,19.85%,3.24%, - , 42.30 
mo_sin_rcnt_tl,mths_since_recent_bc_dlq,-8.98%,8.98%,5.35%,0.31%, 3.33 , 76.74 
int_rate,mo_sin_rcnt_rev_tl_op,-8.97%,8.97%,19.85%,5.12%, - , 3.33 
sub_grade,num_actv_rev_tl,8.95%,8.95%,22.50%,5.07%, - , 3.33 
mo_sin_rcnt_tl,total_bal_ex_mort,-8.93%,8.93%,5.35%,1.03%, 3.33 , 2.36 
sub_grade,num_rev_tl_bal_gt_0,8.92%,8.92%,22.50%,5.06%, - , 3.33 
open_act_il,total_cu_tl,8.92%,8.92%,0.89%,0.93%, 40.42 , 40.42 
funded_amnt_inv,initial_list_status,8.91%,8.91%,2.64%,6.85%, - , - 
num_il_tl,num_rev_accts,8.89%,8.89%,1.03%,2.22%, 3.33 , 3.33 
open_il_12m,mort_acc,8.88%,8.88%,6.05%,3.24%, 40.42 , 2.36 
mths_since_recent_bc,mths_since_recent_inq,8.87%,8.87%,4.36%,5.32%, 3.34 , 13.08 
initial_list_status,total_bc_limit,8.85%,8.85%,6.85%,7.27%, - , 2.36 
verification_status,il_util,8.84%,8.84%,9.68%,5.89%, - , 48.95 
verification_status,inq_last_12m,8.81%,8.81%,9.68%,6.37%, - , 40.42 
bc_util,mths_since_recent_inq,8.80%,8.80%,7.59%,5.32%, 3.46 , 13.08 
bc_util,total_bal_ex_mort,8.79%,8.79%,7.59%,1.03%, 3.46 , 2.36 
open_acc_6m,max_bal_bc,-8.79%,8.79%,6.07%,3.23%, 40.42 , 40.42 
pub_rec,acc_open_past_24mths,8.78%,8.78%,2.88%,8.87%, 0.00 , 2.36 
grade,num_actv_rev_tl,8.78%,8.78%,22.19%,5.07%, - , 3.33 
open_il_24m,open_rv_24m,8.76%,8.76%,6.07%,6.91%, 40.42 , 40.42 
grade,num_rev_tl_bal_gt_0,8.74%,8.74%,22.19%,5.06%, - , 3.33 
num_tl_op_past_12m,pub_rec_bankruptcies,8.74%,8.74%,7.72%,2.17%, 3.33 , 0.07 
purpose,dti,-8.72%,8.72%,1.37%,7.83%, - , - 
funded_amnt_inv,pct_tl_nvr_dlq,8.70%,8.70%,2.64%,0.37%, - , 3.33 
all_util,pct_tl_nvr_dlq,-8.70%,8.70%,7.38%,0.37%, 40.43 , 3.33 
funded_amnt,pct_tl_nvr_dlq,8.69%,8.69%,2.68%,0.37%, - , 3.33 
loan_amnt,pct_tl_nvr_dlq,8.69%,8.69%,2.68%,0.37%, - , 3.33 
revol_util,tot_cur_bal,8.68%,8.68%,6.95%,5.24%, 0.08 , 3.33 
open_act_il,num_accts_ever_120_pd,8.67%,8.67%,0.89%,0.85%, 40.42 , 3.33 
mths_since_last_delinq,num_tl_op_past_12m,8.67%,8.67%,1.30%,7.72%, 50.89 , 3.33 
grade,mths_since_rcnt_il,-8.67%,8.67%,22.19%,3.24%, - , 42.30 
int_rate,mort_acc,-8.64%,8.64%,19.85%,3.24%, - , 2.36 
funded_amnt,initial_list_status,8.62%,8.62%,2.68%,6.85%, - , - 
total_cu_tl,inq_last_12m,8.62%,8.62%,0.93%,6.37%, 40.42 , 40.42 
loan_amnt,pub_rec_bankruptcies,-8.60%,8.60%,2.68%,2.17%, - , 0.07 
funded_amnt,pub_rec_bankruptcies,-8.59%,8.59%,2.68%,2.17%, - , 0.07 
revol_util,initial_list_status,-8.58%,8.58%,6.95%,6.85%, 0.08 , - 
funded_amnt_inv,pub_rec_bankruptcies,-8.56%,8.56%,2.64%,2.17%, - , 0.07 
collections_12_mths_ex_med,num_tl_90g_dpd_24m,8.54%,8.54%,1.01%,1.22%, 0.01 , 3.33 
loan_amnt,initial_list_status,8.53%,8.53%,2.68%,6.85%, - , - 
inq_last_6mths,il_util,8.53%,8.53%,7.88%,5.89%, 0.00 , 48.95 
open_il_12m,percent_bc_gt_75,-8.52%,8.52%,6.05%,7.83%, 40.42 , 3.43 
sub_grade,tot_cur_bal,-8.51%,8.51%,22.50%,5.24%, - , 3.33 
mths_since_last_delinq,mths_since_recent_bc,-8.51%,8.51%,1.30%,4.36%, 50.89 , 3.34 
mo_sin_old_il_acct,total_bc_limit,8.46%,8.46%,2.12%,7.27%, 6.37 , 2.36 
chargeoff_within_12_mths,pct_tl_nvr_dlq,-8.45%,8.45%,0.21%,0.37%, 0.01 , 3.33 
mths_since_last_major_derog,mths_since_recent_bc,-8.45%,8.45%,1.14%,4.36%, 73.98 , 3.34 
open_rv_12m,total_bc_limit,8.44%,8.44%,5.27%,7.27%, 40.42 , 2.36 
installment,il_util,-8.42%,8.42%,3.00%,5.89%, - , 48.95 
total_cu_tl,mo_sin_rcnt_tl,-8.41%,8.41%,0.93%,5.35%, 40.42 , 3.33 
open_acc_6m,total_bal_ex_mort,8.39%,8.39%,6.07%,1.03%, 40.42 , 2.36 
mths_since_recent_inq,num_bc_tl,-8.39%,8.39%,5.32%,1.56%, 13.08 , 3.33 
pub_rec,inq_last_12m,8.38%,8.38%,2.88%,6.37%, 0.00 , 40.42 
bc_open_to_buy,num_accts_ever_120_pd,-8.38%,8.38%,8.08%,0.85%, 3.40 , 3.33 
sub_grade,avg_cur_bal,-8.38%,8.38%,22.50%,5.62%, - , 3.33 
int_rate,tot_cur_bal,-8.36%,8.36%,19.85%,5.24%, - , 3.33 
inq_last_12m,num_actv_rev_tl,8.36%,8.36%,6.37%,5.07%, 40.42 , 3.33 
term,total_bal_il,8.35%,8.35%,9.11%,0.20%, - , 40.42 
mths_since_last_delinq,tot_hi_cred_lim,-8.35%,8.35%,1.30%,6.20%, 50.89 , 3.33 
max_bal_bc,mo_sin_rcnt_tl,8.34%,8.34%,3.23%,5.35%, 40.42 , 3.33 
home_ownership,num_op_rev_tl,-8.32%,8.32%,5.05%,2.36%, - , 3.33 
int_rate,num_actv_rev_tl,8.32%,8.32%,19.85%,5.07%, - , 3.33 
open_acc_6m,total_rev_hi_lim,8.32%,8.32%,6.07%,5.74%, 40.42 , 3.33 
home_ownership,num_il_tl,-8.31%,8.31%,5.05%,1.03%, - , 3.33 
purpose,num_bc_sats,-8.29%,8.29%,1.37%,0.43%, - , 2.77 
zip_code,total_cu_tl,8.29%,8.29%,0.06%,0.93%, - , 40.42 
sub_grade,pct_tl_nvr_dlq,-8.28%,8.28%,22.50%,0.37%, - , 3.33 
int_rate,num_rev_tl_bal_gt_0,8.27%,8.27%,19.85%,5.06%, - , 3.33 
mort_acc,num_op_rev_tl,8.27%,8.27%,3.24%,2.36%, 2.36 , 3.33 
delinq_2yrs,num_il_tl,8.26%,8.26%,1.91%,1.03%, 0.00 , 3.33 
purpose,percent_bc_gt_75,-8.24%,8.24%,1.37%,7.83%, - , 3.43 
revol_util,open_il_24m,-8.23%,8.23%,6.95%,6.07%, 0.08 , 40.42 
mo_sin_old_rev_tl_op,pct_tl_nvr_dlq,-8.23%,8.23%,3.56%,0.37%, 3.33 , 3.33 
delinq_2yrs,mo_sin_old_rev_tl_op,8.22%,8.22%,1.91%,3.56%, 0.00 , 3.33 
num_accts_ever_120_pd,num_tl_op_past_12m,8.22%,8.22%,0.85%,7.72%, 3.33 , 3.33 
delinq_2yrs,mths_since_last_record,-8.19%,8.19%,1.91%,2.03%, 0.00 , 84.01 
home_ownership,bc_open_to_buy,-8.19%,8.19%,5.05%,8.08%, - , 3.40 
all_util,num_accts_ever_120_pd,8.16%,8.16%,7.38%,0.85%, 40.43 , 3.33 
il_util,open_rv_24m,8.15%,8.15%,5.89%,6.91%, 48.95 , 40.42 
inq_fi,bc_util,-8.14%,8.14%,3.68%,7.59%, 40.42 , 3.46 
int_rate,avg_cur_bal,-8.13%,8.13%,19.85%,5.62%, - , 3.33 
term,revol_bal,8.12%,8.12%,9.11%,1.79%, - , - 
inq_last_12m,num_rev_tl_bal_gt_0,8.10%,8.10%,6.37%,5.06%, 40.42 , 3.33 
delinq_2yrs,mo_sin_old_il_acct,8.10%,8.10%,1.91%,2.12%, 0.00 , 6.37 
int_rate,num_bc_tl,-8.10%,8.10%,19.85%,1.56%, - , 3.33 
sub_grade,mort_acc,-8.10%,8.10%,22.50%,3.24%, - , 2.36 
term,avg_cur_bal,8.09%,8.09%,9.11%,5.62%, - , 3.33 
mths_since_recent_inq,percent_bc_gt_75,8.09%,8.09%,5.32%,7.83%, 13.08 , 3.43 
mths_since_last_record,num_tl_op_past_12m,-8.09%,8.09%,2.03%,7.72%, 84.01 , 3.33 
mths_since_last_major_derog,open_rv_24m,8.07%,8.07%,1.14%,6.91%, 73.98 , 40.42 
mo_sin_rcnt_tl,tot_hi_cred_lim,-8.07%,8.07%,5.35%,6.20%, 3.33 , 3.33 
open_il_24m,num_rev_accts,8.07%,8.07%,6.07%,2.22%, 40.42 , 3.33 
num_tl_120dpd_2m,num_tl_90g_dpd_24m,8.06%,8.06%,0.22%,1.22%, 7.13 , 3.33 
grade,pct_tl_nvr_dlq,-8.06%,8.06%,22.19%,0.37%, - , 3.33 
pub_rec,mths_since_recent_bc_dlq,8.03%,8.03%,2.88%,0.31%, 0.00 , 76.74 
inq_last_6mths,revol_util,-8.03%,8.03%,7.88%,6.95%, 0.00 , 0.08 
mths_since_recent_bc_dlq,pct_tl_nvr_dlq,8.01%,8.01%,0.31%,0.37%, 76.74 , 3.33 
dti,inq_fi,8.01%,8.01%,7.83%,3.68%, - , 40.42 
avg_cur_bal,num_rev_accts,-8.01%,8.01%,5.62%,2.22%, 3.33 , 3.33 
mths_since_recent_bc,mths_since_recent_revol_delinq,-7.98%,7.98%,4.36%,0.67%, 3.34 , 66.98 
dti,num_tl_op_past_12m,7.98%,7.98%,7.83%,7.72%, - , 3.33 
bc_open_to_buy,total_il_high_credit_limit,7.98%,7.98%,8.08%,1.21%, 3.40 , 3.33 
avg_cur_bal,bc_util,7.95%,7.95%,5.62%,7.59%, 3.33 , 3.46 
loan_amnt,num_il_tl,7.95%,7.95%,2.68%,1.03%, - , 3.33 
funded_amnt,num_il_tl,7.95%,7.95%,2.68%,1.03%, - , 3.33 
funded_amnt_inv,num_il_tl,7.95%,7.95%,2.64%,1.03%, - , 3.33 
grade,tot_cur_bal,-7.95%,7.95%,22.19%,5.24%, - , 3.33 
pub_rec,bc_open_to_buy,-7.94%,7.94%,2.88%,8.08%, 0.00 , 3.40 
sub_grade,num_bc_tl,-7.94%,7.94%,22.50%,1.56%, - , 3.33 
tot_cur_bal,mo_sin_rcnt_tl,-7.93%,7.93%,5.24%,5.35%, 3.33 , 3.33 
delinq_2yrs,mort_acc,7.92%,7.92%,1.91%,3.24%, 0.00 , 2.36 
verification_status,inq_last_6mths,7.92%,7.92%,9.68%,7.88%, - , 0.00 
pub_rec,revol_bal,-7.90%,7.90%,2.88%,1.79%, 0.00 , - 
emp_length,tot_hi_cred_lim,-7.89%,7.89%,2.21%,6.20%, 6.09 , 3.33 
home_ownership,acc_open_past_24mths,-7.89%,7.89%,5.05%,8.87%, - , 2.36 
delinq_2yrs,num_rev_accts,7.86%,7.86%,1.91%,2.22%, 0.00 , 3.33 
installment,pub_rec_bankruptcies,-7.86%,7.86%,3.00%,2.17%, - , 0.07 
open_acc_6m,open_act_il,7.86%,7.86%,6.07%,0.89%, 40.42 , 40.42 
term,num_il_tl,7.86%,7.86%,9.11%,1.03%, - , 3.33 
revol_bal,num_accts_ever_120_pd,-7.85%,7.85%,1.79%,0.85%, - , 3.33 
open_il_24m,mths_since_recent_bc_dlq,7.84%,7.84%,6.07%,0.31%, 40.42 , 76.74 
open_rv_12m,pub_rec_bankruptcies,7.83%,7.83%,5.27%,2.17%, 40.42 , 0.07 
max_bal_bc,inq_last_12m,-7.83%,7.83%,3.23%,6.37%, 40.42 , 40.42 
grade,avg_cur_bal,-7.83%,7.83%,22.19%,5.62%, - , 3.33 
mo_sin_rcnt_rev_tl_op,pub_rec_bankruptcies,-7.83%,7.83%,5.12%,2.17%, 3.33 , 0.07 
open_il_24m,mths_since_recent_revol_delinq,7.81%,7.81%,6.07%,0.67%, 40.42 , 66.98 
annual_inc,open_il_12m,7.79%,7.79%,3.54%,6.05%, - , 40.42 
open_act_il,inq_last_12m,7.77%,7.77%,0.89%,6.37%, 40.42 , 40.42 
mths_since_last_record,mths_since_recent_revol_delinq,-7.76%,7.76%,2.03%,0.67%, 84.01 , 66.98 
int_rate,home_ownership,7.74%,7.74%,19.85%,5.05%, - , - 
mths_since_last_major_derog,pub_rec_bankruptcies,7.74%,7.74%,1.14%,2.17%, 73.98 , 0.07 
sub_grade,home_ownership,7.72%,7.72%,22.50%,5.05%, - , - 
delinq_2yrs,total_bc_limit,-7.72%,7.72%,1.91%,7.27%, 0.00 , 2.36 
pub_rec,num_tl_op_past_12m,7.72%,7.72%,2.88%,7.72%, 0.00 , 3.33 
revol_util,pub_rec_bankruptcies,-7.72%,7.72%,6.95%,2.17%, 0.08 , 0.07 
tot_coll_amt,mths_since_recent_bc_dlq,7.72%,7.72%,0.15%,0.31%, 3.33 , 76.74 
emp_title,open_act_il,-7.71%,7.71%,2.52%,0.89%, 6.96 , 40.42 
mths_since_last_major_derog,num_accts_ever_120_pd,-7.71%,7.71%,1.14%,0.85%, 73.98 , 3.33 
int_rate,pct_tl_nvr_dlq,-7.71%,7.71%,19.85%,0.37%, - , 3.33 
inq_last_12m,num_accts_ever_120_pd,7.70%,7.70%,6.37%,0.85%, 40.42 , 3.33 
pub_rec,open_rv_12m,7.69%,7.69%,2.88%,5.27%, 0.00 , 40.42 
home_ownership,num_actv_rev_tl,-7.66%,7.66%,5.05%,5.07%, - , 3.33 
open_rv_12m,mths_since_recent_revol_delinq,7.66%,7.66%,5.27%,0.67%, 40.42 , 66.98 
mo_sin_old_rev_tl_op,mo_sin_rcnt_rev_tl_op,7.66%,7.66%,3.56%,5.12%, 3.33 , 3.33 
title,total_bc_limit,-7.64%,7.64%,2.77%,7.27%, 1.05 , 2.36 
open_il_24m,bc_util,-7.64%,7.64%,6.07%,7.59%, 40.42 , 3.46 
mths_since_recent_inq,num_il_tl,-7.63%,7.63%,5.32%,1.03%, 13.08 , 3.33 
dti,mths_since_last_record,7.63%,7.63%,7.83%,2.03%, - , 84.01 
total_acc,bc_util,-7.62%,7.62%,1.58%,7.59%, 0.00 , 3.46 
term,num_sats,7.60%,7.60%,9.11%,1.84%, - , 2.77 
verification_status,open_acc_6m,7.60%,7.60%,9.68%,6.07%, - , 40.42 
avg_cur_bal,pub_rec_bankruptcies,-7.59%,7.59%,5.62%,2.17%, 3.33 , 0.07 
term,open_acc,7.58%,7.58%,9.11%,1.78%, - , 0.00 
purpose,revol_bal,-7.58%,7.58%,1.37%,1.79%, - , - 
inq_fi,percent_bc_gt_75,-7.58%,7.58%,3.68%,7.83%, 40.42 , 3.43 
home_ownership,num_rev_tl_bal_gt_0,-7.58%,7.58%,5.05%,5.06%, - , 3.33 
revol_util,mths_since_rcnt_il,7.56%,7.56%,6.95%,3.24%, 0.08 , 42.30 
total_bal_il,num_accts_ever_120_pd,7.56%,7.56%,0.20%,0.85%, 40.42 , 3.33 
verification_status,open_rv_24m,7.56%,7.56%,9.68%,6.91%, - , 40.42 
purpose,num_op_rev_tl,-7.55%,7.55%,1.37%,2.36%, - , 3.33 
emp_length,tot_cur_bal,-7.55%,7.55%,2.21%,5.24%, 6.09 , 3.33 
max_bal_bc,inq_fi,-7.53%,7.53%,3.23%,3.68%, 40.42 , 40.42 
acc_open_past_24mths,num_accts_ever_120_pd,7.53%,7.53%,8.87%,0.85%, 2.36 , 3.33 
mths_since_last_record,mo_sin_old_il_acct,-7.51%,7.51%,2.03%,2.12%, 84.01 , 6.37 
total_bal_il,mths_since_recent_inq,-7.50%,7.50%,0.20%,5.32%, 40.42 , 13.08 
grade,mort_acc,-7.49%,7.49%,22.19%,3.24%, - , 2.36 
open_il_12m,open_rv_24m,7.48%,7.48%,6.05%,6.91%, 40.42 , 40.42 
total_rev_hi_lim,year_issued,7.47%,7.47%,5.74%,14.60%, 3.33 , - 
emp_title,total_il_high_credit_limit,-7.46%,7.46%,2.52%,1.21%, 6.96 , 3.33 
inq_last_6mths,num_actv_bc_tl,7.43%,7.43%,7.88%,2.34%, 0.00 , 3.33 
bc_open_to_buy,mo_sin_rcnt_rev_tl_op,-7.42%,7.42%,8.08%,5.12%, 3.40 , 3.33 
pub_rec,mths_since_recent_revol_delinq,7.41%,7.41%,2.88%,0.67%, 0.00 , 66.98 
num_accts_ever_120_pd,num_rev_accts,7.39%,7.39%,0.85%,2.22%, 3.33 , 3.33 
annual_inc,num_actv_rev_tl,7.38%,7.38%,3.54%,5.07%, - , 3.33 
funded_amnt_inv,emp_length,-7.38%,7.38%,2.64%,2.21%, - , 6.09 
acc_open_past_24mths,total_bc_limit,7.38%,7.38%,8.87%,7.27%, 2.36 , 2.36 
funded_amnt,emp_length,-7.38%,7.38%,2.68%,2.21%, - , 6.09 
annual_inc,num_op_rev_tl,7.38%,7.38%,3.54%,2.36%, - , 3.33 
loan_amnt,emp_length,-7.37%,7.37%,2.68%,2.21%, - , 6.09 
term,mo_sin_old_il_acct,7.36%,7.36%,9.11%,2.12%, - , 6.37 
grade,num_bc_tl,-7.36%,7.36%,22.19%,1.56%, - , 3.33 
verification_status,open_il_24m,7.36%,7.36%,9.68%,6.07%, - , 40.42 
installment,bc_util,7.36%,7.36%,3.00%,7.59%, - , 3.46 
mths_since_last_record,acc_open_past_24mths,-7.35%,7.35%,2.03%,8.87%, 84.01 , 2.36 
mort_acc,num_bc_sats,7.34%,7.34%,3.24%,0.43%, 2.36 , 2.77 
term,total_rev_hi_lim,7.33%,7.33%,9.11%,5.74%, - , 3.33 
emp_title,total_bal_ex_mort,-7.32%,7.32%,2.52%,1.03%, 6.96 , 2.36 
initial_list_status,total_rev_hi_lim,7.32%,7.32%,6.85%,5.74%, - , 3.33 
annual_inc,num_rev_tl_bal_gt_0,7.32%,7.32%,3.54%,5.06%, - , 3.33 
il_util,num_actv_bc_tl,-7.32%,7.32%,5.89%,2.34%, 48.95 , 3.33 
verification_status,initial_list_status,-7.31%,7.31%,9.68%,6.85%, - , - 
mths_since_last_delinq,tot_cur_bal,-7.31%,7.31%,1.30%,5.24%, 50.89 , 3.33 
revol_util,il_util,-7.31%,7.31%,6.95%,5.89%, 0.08 , 48.95 
purpose,open_acc,-7.30%,7.30%,1.37%,1.78%, - , 0.00 
purpose,total_bc_limit,-7.29%,7.29%,1.37%,7.27%, - , 2.36 
grade,home_ownership,7.28%,7.28%,22.19%,5.05%, - , - 
mo_sin_old_rev_tl_op,num_accts_ever_120_pd,7.26%,7.26%,3.56%,0.85%, 3.33 , 3.33 
open_il_12m,open_rv_12m,7.25%,7.25%,6.05%,5.27%, 40.42 , 40.42 
verification_status,open_rv_12m,7.23%,7.23%,9.68%,5.27%, - , 40.42 
inq_fi,pub_rec_bankruptcies,7.23%,7.23%,3.68%,2.17%, 40.42 , 0.07 
term,total_bc_limit,7.20%,7.20%,9.11%,7.27%, - , 2.36 
verification_status,revol_bal,7.19%,7.19%,9.68%,1.79%, - , - 
mo_sin_rcnt_tl,mths_since_recent_revol_delinq,-7.19%,7.19%,5.35%,0.67%, 3.33 , 66.98 
mths_since_last_record,inq_last_12m,-7.18%,7.18%,2.03%,6.37%, 84.01 , 40.42 
inq_last_6mths,bc_util,-7.18%,7.18%,7.88%,7.59%, 0.00 , 3.46 
open_acc_6m,mths_since_recent_bc_dlq,7.17%,7.17%,6.07%,0.31%, 40.42 , 76.74 
sub_grade,mths_since_recent_bc,-7.16%,7.16%,22.50%,4.36%, - , 3.34 
home_ownership,open_acc_6m,-7.16%,7.16%,5.05%,6.07%, - , 40.42 
term,dti,7.16%,7.16%,9.11%,7.83%, - , - 
inq_last_6mths,pub_rec_bankruptcies,7.15%,7.15%,7.88%,2.17%, 0.00 , 0.07 
int_rate,title,7.13%,7.13%,19.85%,2.77%, - , 1.05 
num_accts_ever_120_pd,num_bc_sats,-7.12%,7.12%,0.85%,0.43%, 3.33 , 2.77 
pub_rec_bankruptcies,total_bal_ex_mort,-7.12%,7.12%,2.17%,1.03%, 0.07 , 2.36 
purpose,num_bc_tl,-7.12%,7.12%,1.37%,1.56%, - , 3.33 
num_il_tl,num_tl_90g_dpd_24m,7.11%,7.11%,1.03%,1.22%, 3.33 , 3.33 
il_util,open_rv_12m,7.11%,7.11%,5.89%,5.27%, 48.95 , 40.42 
bc_open_to_buy,mo_sin_rcnt_tl,-7.10%,7.10%,8.08%,5.35%, 3.40 , 3.33 
emp_title,total_bal_il,-7.10%,7.10%,2.52%,0.20%, 6.96 , 40.42 
annual_inc,mths_since_rcnt_il,-7.07%,7.07%,3.54%,3.24%, - , 42.30 
mths_since_recent_inq,num_bc_sats,-7.06%,7.06%,5.32%,0.43%, 13.08 , 2.77 
inq_fi,mo_sin_rcnt_rev_tl_op,-7.06%,7.06%,3.68%,5.12%, 40.42 , 3.33 
mths_since_last_record,num_tl_90g_dpd_24m,-7.05%,7.05%,2.03%,1.22%, 84.01 , 3.33 
total_cu_tl,avg_cur_bal,7.04%,7.04%,0.93%,5.62%, 40.42 , 3.33 
emp_length,mort_acc,-7.04%,7.04%,2.21%,3.24%, 6.09 , 2.36 
open_rv_12m,num_accts_ever_120_pd,7.02%,7.02%,5.27%,0.85%, 40.42 , 3.33 
term,revol_util,7.02%,7.02%,9.11%,6.95%, - , 0.08 
mths_since_rcnt_il,mo_sin_old_il_acct,6.98%,6.98%,3.24%,2.12%, 42.30 , 6.37 
home_ownership,open_il_12m,-6.96%,6.96%,5.05%,6.05%, - , 40.42 
annual_inc,open_act_il,6.95%,6.95%,3.54%,0.89%, - , 40.42 
avg_cur_bal,percent_bc_gt_75,6.95%,6.95%,5.62%,7.83%, 3.33 , 3.43 
open_rv_24m,num_accts_ever_120_pd,6.95%,6.95%,6.91%,0.85%, 40.42 , 3.33 
acc_open_past_24mths,mort_acc,6.95%,6.95%,8.87%,3.24%, 2.36 , 2.36 
mths_since_last_major_derog,mo_sin_rcnt_rev_tl_op,-6.92%,6.92%,1.14%,5.12%, 73.98 , 3.33 
open_acc_6m,mort_acc,6.92%,6.92%,6.07%,3.24%, 40.42 , 2.36 
inq_fi,num_rev_accts,6.90%,6.90%,3.68%,2.22%, 40.42 , 3.33 
total_acc,num_tl_90g_dpd_24m,6.90%,6.90%,1.58%,1.22%, 0.00 , 3.33 
int_rate,mths_since_recent_bc,-6.90%,6.90%,19.85%,4.36%, - , 3.34 
title,num_actv_bc_tl,-6.90%,6.90%,2.77%,2.34%, 1.05 , 3.33 
installment,pct_tl_nvr_dlq,6.90%,6.90%,3.00%,0.37%, - , 3.33 
revol_util,mo_sin_old_il_acct,6.87%,6.87%,6.95%,2.12%, 0.08 , 6.37 
purpose,num_sats,-6.87%,6.87%,1.37%,1.84%, - , 2.77 
inq_fi,avg_cur_bal,6.86%,6.86%,3.68%,5.62%, 40.42 , 3.33 
total_cu_tl,num_actv_bc_tl,-6.85%,6.85%,0.93%,2.34%, 40.42 , 3.33 
percent_bc_gt_75,total_bal_ex_mort,6.83%,6.83%,7.83%,1.03%, 3.43 , 2.36 
pub_rec,tot_hi_cred_lim,-6.83%,6.83%,2.88%,6.20%, 0.00 , 3.33 
grade,mths_since_recent_bc,-6.82%,6.82%,22.19%,4.36%, - , 3.34 
sub_grade,annual_inc,-6.82%,6.82%,22.50%,3.54%, - , - 
mths_since_recent_bc_dlq,total_bc_limit,-6.82%,6.82%,0.31%,7.27%, 76.74 , 2.36 
inq_fi,num_op_rev_tl,6.81%,6.81%,3.68%,2.36%, 40.42 , 3.33 
mths_since_rcnt_il,bc_util,6.80%,6.80%,3.24%,7.59%, 42.30 , 3.46 
inq_fi,num_accts_ever_120_pd,6.80%,6.80%,3.68%,0.85%, 40.42 , 3.33 
pub_rec,mths_since_last_major_derog,6.78%,6.78%,2.88%,1.14%, 0.00 , 73.98 
emp_length,annual_inc,-6.78%,6.78%,2.21%,3.54%, 6.09 , - 
desc,inq_last_6mths,-6.76%,6.76%,1.96%,7.88%, 94.16 , 0.00 
term,purpose,-6.75%,6.75%,9.11%,1.37%, - , - 
inq_last_6mths,num_il_tl,6.71%,6.71%,7.88%,1.03%, 0.00 , 3.33 
purpose,num_rev_accts,-6.71%,6.71%,1.37%,2.22%, - , 3.33 
emp_length,home_ownership,6.70%,6.70%,2.21%,5.05%, 6.09 , - 
mths_since_last_major_derog,mo_sin_rcnt_tl,-6.70%,6.70%,1.14%,5.35%, 73.98 , 3.33 
home_ownership,num_tl_op_past_12m,-6.69%,6.69%,5.05%,7.72%, - , 3.33 
dti,mo_sin_old_il_acct,6.67%,6.67%,7.83%,2.12%, - , 6.37 
mths_since_last_delinq,open_rv_12m,6.66%,6.66%,1.30%,5.27%, 50.89 , 40.42 
mo_sin_old_il_acct,num_actv_rev_tl,6.65%,6.65%,2.12%,5.07%, 6.37 , 3.33 
mo_sin_old_il_acct,num_rev_tl_bal_gt_0,6.64%,6.64%,2.12%,5.06%, 6.37 , 3.33 
open_il_24m,mo_sin_rcnt_rev_tl_op,-6.64%,6.64%,6.07%,5.12%, 40.42 , 3.33 
int_rate,annual_inc,-6.61%,6.61%,19.85%,3.54%, - , - 
mths_since_last_delinq,mo_sin_rcnt_rev_tl_op,-6.61%,6.61%,1.30%,5.12%, 50.89 , 3.33 
mths_since_rcnt_il,mort_acc,-6.60%,6.60%,3.24%,3.24%, 42.30 , 2.36 
mths_since_last_delinq,pub_rec,6.59%,6.59%,1.30%,2.88%, 50.89 , 0.00 
loan_amnt,total_cu_tl,6.59%,6.59%,2.68%,0.93%, - , 40.42 
funded_amnt,total_cu_tl,6.59%,6.59%,2.68%,0.93%, - , 40.42 
funded_amnt_inv,total_cu_tl,6.59%,6.59%,2.64%,0.93%, - , 40.42 
open_acc_6m,num_accts_ever_120_pd,6.57%,6.57%,6.07%,0.85%, 40.42 , 3.33 
mort_acc,num_tl_op_past_12m,6.56%,6.56%,3.24%,7.72%, 2.36 , 3.33 
bc_util,num_actv_bc_tl,6.56%,6.56%,7.59%,2.34%, 3.46 , 3.33 
open_il_24m,percent_bc_gt_75,-6.55%,6.55%,6.07%,7.83%, 40.42 , 3.43 
mths_since_last_delinq,mo_sin_rcnt_tl,-6.54%,6.54%,1.30%,5.35%, 50.89 , 3.33 
sub_grade,delinq_2yrs,6.53%,6.53%,22.50%,1.91%, - , 0.00 
tot_coll_amt,pct_tl_nvr_dlq,-6.50%,6.50%,0.15%,0.37%, 3.33 , 3.33 
num_rev_accts,total_il_high_credit_limit,6.49%,6.49%,2.22%,1.21%, 3.33 , 3.33 
il_util,mths_since_recent_bc_dlq,6.49%,6.49%,5.89%,0.31%, 48.95 , 76.74 
annual_inc,inq_last_12m,6.48%,6.48%,3.54%,6.37%, - , 40.42 
mo_sin_rcnt_tl,pub_rec_bankruptcies,-6.47%,6.47%,5.35%,2.17%, 3.33 , 0.07 
acc_open_past_24mths,avg_cur_bal,-6.47%,6.47%,8.87%,5.62%, 2.36 , 3.33 
dti,mo_sin_old_rev_tl_op,6.47%,6.47%,7.83%,3.56%, - , 3.33 
open_il_24m,open_rv_12m,6.45%,6.45%,6.07%,5.27%, 40.42 , 40.42 
sub_grade,title,6.45%,6.45%,22.50%,2.77%, - , 1.05 
tot_coll_amt,mths_since_recent_revol_delinq,6.45%,6.45%,0.15%,0.67%, 3.33 , 66.98 
purpose,all_util,-6.44%,6.44%,1.37%,7.38%, - , 40.43 
installment,emp_length,-6.42%,6.42%,3.00%,2.21%, - , 6.09 
il_util,mo_sin_rcnt_rev_tl_op,-6.41%,6.41%,5.89%,5.12%, 48.95 , 3.33 
grade,delinq_2yrs,6.41%,6.41%,22.19%,1.91%, - , 0.00 
home_ownership,mo_sin_rcnt_tl,6.40%,6.40%,5.05%,5.35%, - , 3.33 
all_util,mo_sin_old_il_acct,6.40%,6.40%,7.38%,2.12%, 40.43 , 6.37 
il_util,mths_since_recent_revol_delinq,6.39%,6.39%,5.89%,0.67%, 48.95 , 66.98 
grade,annual_inc,-6.38%,6.38%,22.19%,3.54%, - , - 
all_util,inq_fi,6.37%,6.37%,7.38%,3.68%, 40.43 , 40.42 
mths_since_recent_inq,num_actv_rev_tl,-6.37%,6.37%,5.32%,5.07%, 13.08 , 3.33 
mths_since_last_delinq,mort_acc,-6.34%,6.34%,1.30%,3.24%, 50.89 , 2.36 
mo_sin_rcnt_rev_tl_op,mths_since_recent_revol_delinq,-6.33%,6.33%,5.12%,0.67%, 3.33 , 66.98 
mths_since_rcnt_il,pct_tl_nvr_dlq,-6.30%,6.30%,3.24%,0.37%, 42.30 , 3.33 
chargeoff_within_12_mths,mths_since_recent_revol_delinq,-6.28%,6.28%,0.21%,0.67%, 0.01 , 66.98 
sub_grade,num_bc_sats,-6.28%,6.28%,22.50%,0.43%, - , 2.77 
open_acc_6m,mths_since_recent_revol_delinq,6.27%,6.27%,6.07%,0.67%, 40.42 , 66.98 
grade,title,6.26%,6.26%,22.19%,2.77%, - , 1.05 
verification_status,mths_since_recent_inq,-6.26%,6.26%,9.68%,5.32%, - , 13.08 
pub_rec,inq_fi,6.25%,6.25%,2.88%,3.68%, 0.00 , 40.42 
pub_rec,tot_cur_bal,-6.24%,6.24%,2.88%,5.24%, 0.00 , 3.33 
inq_last_6mths,percent_bc_gt_75,-6.22%,6.22%,7.88%,7.83%, 0.00 , 3.43 
open_act_il,mo_sin_old_rev_tl_op,-6.22%,6.22%,0.89%,3.56%, 40.42 , 3.33 
sub_grade,pub_rec,6.21%,6.21%,22.50%,2.88%, - , 0.00 
avg_cur_bal,num_il_tl,6.20%,6.20%,5.62%,1.03%, 3.33 , 3.33 
installment,num_il_tl,6.19%,6.19%,3.00%,1.03%, - , 3.33 
mths_since_last_major_derog,mort_acc,-6.18%,6.18%,1.14%,3.24%, 73.98 , 2.36 
mo_sin_rcnt_tl,mort_acc,-6.18%,6.18%,5.35%,3.24%, 3.33 , 2.36 
mths_since_recent_bc,pub_rec_bankruptcies,-6.18%,6.18%,4.36%,2.17%, 3.34 , 0.07 
sub_grade,max_bal_bc,-6.17%,6.17%,22.50%,3.23%, - , 40.42 
open_il_12m,mths_since_recent_revol_delinq,6.17%,6.17%,6.05%,0.67%, 40.42 , 66.98 
mths_since_recent_inq,total_il_high_credit_limit,-6.17%,6.17%,5.32%,1.21%, 13.08 , 3.33 
mort_acc,mths_since_recent_inq,-6.17%,6.17%,3.24%,5.32%, 2.36 , 13.08 
mths_since_last_record,open_acc_6m,-6.16%,6.16%,2.03%,6.07%, 84.01 , 40.42 
title,open_acc,-6.15%,6.15%,2.77%,1.78%, 1.05 , 0.00 
title,revol_bal,-6.15%,6.15%,2.77%,1.79%, 1.05 , - 
mort_acc,num_accts_ever_120_pd,6.15%,6.15%,3.24%,0.85%, 2.36 , 3.33 
chargeoff_within_12_mths,mths_since_recent_bc_dlq,-6.14%,6.14%,0.21%,0.31%, 0.01 , 76.74 
all_util,mo_sin_old_rev_tl_op,-6.12%,6.12%,7.38%,3.56%, 40.43 , 3.33 
inq_last_12m,avg_cur_bal,6.11%,6.11%,6.37%,5.62%, 40.42 , 3.33 
num_bc_tl,pct_tl_nvr_dlq,6.11%,6.11%,1.56%,0.37%, 3.33 , 3.33 
open_il_24m,num_op_rev_tl,6.11%,6.11%,6.07%,2.36%, 40.42 , 3.33 
mo_sin_old_il_acct,num_op_rev_tl,6.11%,6.11%,2.12%,2.36%, 6.37 , 3.33 
inq_last_6mths,pub_rec,6.11%,6.11%,7.88%,2.88%, 0.00 , 0.00 
home_ownership,mths_since_rcnt_il,6.11%,6.11%,5.05%,3.24%, - , 42.30 
open_rv_24m,mo_sin_old_rev_tl_op,-6.10%,6.10%,6.91%,3.56%, 40.42 , 3.33 
verification_status,num_actv_rev_tl,6.10%,6.10%,9.68%,5.07%, - , 3.33 
grade,pub_rec,6.10%,6.10%,22.19%,2.88%, - , 0.00 
mths_since_last_delinq,avg_cur_bal,-6.09%,6.09%,1.30%,5.62%, 50.89 , 3.33 
term,open_il_24m,6.08%,6.08%,9.11%,6.07%, - , 40.42 
mths_since_last_record,mths_since_recent_inq,6.08%,6.08%,2.03%,5.32%, 84.01 , 13.08 
il_util,num_bc_sats,-6.07%,6.07%,5.89%,0.43%, 48.95 , 2.77 
bc_open_to_buy,mths_since_recent_bc_dlq,-6.07%,6.07%,8.08%,0.31%, 3.40 , 76.74 
emp_length,avg_cur_bal,-6.06%,6.06%,2.21%,5.62%, 6.09 , 3.33 
dti,bc_open_to_buy,-6.05%,6.05%,7.83%,8.08%, - , 3.40 
title,num_bc_sats,-6.05%,6.05%,2.77%,0.43%, 1.05 , 2.77 
delinq_2yrs,tot_cur_bal,6.05%,6.05%,1.91%,5.24%, 0.00 , 3.33 
total_acc,percent_bc_gt_75,-6.04%,6.04%,1.58%,7.83%, 0.00 , 3.43 
bc_util,mo_sin_old_il_acct,6.04%,6.04%,7.59%,2.12%, 3.46 , 6.37 
emp_title,mo_sin_old_rev_tl_op,6.03%,6.03%,2.52%,3.56%, 6.96 , 3.33 
delinq_2yrs,collections_12_mths_ex_med,6.03%,6.03%,1.91%,1.01%, 0.00 , 0.01 
home_ownership,num_bc_sats,-6.03%,6.03%,5.05%,0.43%, - , 2.77 
delinq_2yrs,tot_hi_cred_lim,6.03%,6.03%,1.91%,6.20%, 0.00 , 3.33 
emp_title,num_il_tl,-6.00%,6.00%,2.52%,1.03%, 6.96 , 3.33 
total_acc,avg_cur_bal,5.99%,5.99%,1.58%,5.62%, 0.00 , 3.33 
int_rate,num_bc_sats,-5.99%,5.99%,19.85%,0.43%, - , 2.77 
mort_acc,num_actv_rev_tl,5.99%,5.99%,3.24%,5.07%, 2.36 , 3.33 
total_bal_il,num_rev_accts,5.97%,5.97%,0.20%,2.22%, 40.42 , 3.33 
open_act_il,num_tl_90g_dpd_24m,5.97%,5.97%,0.89%,1.22%, 40.42 , 3.33 
delinq_2yrs,mths_since_recent_bc,5.97%,5.97%,1.91%,4.36%, 0.00 , 3.34 
num_tl_90g_dpd_24m,total_bc_limit,-5.97%,5.97%,1.22%,7.27%, 3.33 , 2.36 
num_actv_bc_tl,pub_rec_bankruptcies,-5.96%,5.96%,2.34%,2.17%, 3.33 , 0.07 
total_acc,year_issued,-5.95%,5.95%,1.58%,14.60%, 0.00 , - 
inq_last_6mths,total_bal_il,5.95%,5.95%,7.88%,0.20%, 0.00 , 40.42 
open_il_24m,mo_sin_old_il_acct,5.94%,5.94%,6.07%,2.12%, 40.42 , 6.37 
home_ownership,mths_since_recent_inq,5.92%,5.92%,5.05%,5.32%, - , 13.08 
emp_length,total_acc,-5.92%,5.92%,2.21%,1.58%, 6.09 , 0.00 
mths_since_rcnt_il,percent_bc_gt_75,5.92%,5.92%,3.24%,7.83%, 42.30 , 3.43 
tot_cur_bal,mths_since_recent_inq,-5.90%,5.90%,5.24%,5.32%, 3.33 , 13.08 
mths_since_recent_bc,pct_tl_nvr_dlq,-5.90%,5.90%,4.36%,0.37%, 3.34 , 3.33 
int_rate,max_bal_bc,-5.89%,5.89%,19.85%,3.23%, - , 40.42 
title,total_rev_hi_lim,-5.89%,5.89%,2.77%,5.74%, 1.05 , 3.33 
mths_since_last_major_derog,num_tl_op_past_12m,5.88%,5.88%,1.14%,7.72%, 73.98 , 3.33 
home_ownership,addr_state,-5.87%,5.87%,5.05%,0.36%, - , - 
inq_fi,mths_since_recent_bc,-5.87%,5.87%,3.68%,4.36%, 40.42 , 3.34 
open_il_24m,avg_cur_bal,5.87%,5.87%,6.07%,5.62%, 40.42 , 3.33 
open_il_24m,num_bc_tl,5.86%,5.86%,6.07%,1.56%, 40.42 , 3.33 
grade,num_bc_sats,-5.86%,5.86%,22.19%,0.43%, - , 2.77 
il_util,num_actv_rev_tl,-5.86%,5.86%,5.89%,5.07%, 48.95 , 3.33 
sub_grade,pub_rec_bankruptcies,5.86%,5.86%,22.50%,2.17%, - , 0.07 
verification_status,tot_cur_bal,5.86%,5.86%,9.68%,5.24%, - , 3.33 
num_accts_ever_120_pd,num_actv_bc_tl,-5.86%,5.86%,0.85%,2.34%, 3.33 , 3.33 
int_rate,mo_sin_old_il_acct,-5.84%,5.84%,19.85%,2.12%, - , 6.37 
open_acc_6m,total_bc_limit,5.84%,5.84%,6.07%,7.27%, 40.42 , 2.36 
mort_acc,num_rev_tl_bal_gt_0,5.84%,5.84%,3.24%,5.06%, 2.36 , 3.33 
mths_since_rcnt_il,mo_sin_rcnt_rev_tl_op,5.83%,5.83%,3.24%,5.12%, 42.30 , 3.33 
mo_sin_old_il_acct,mths_since_recent_bc,5.83%,5.83%,2.12%,4.36%, 6.37 , 3.34 
mths_since_recent_revol_delinq,tot_hi_cred_lim,-5.83%,5.83%,0.67%,6.20%, 66.98 , 3.33 
int_rate,delinq_2yrs,5.82%,5.82%,19.85%,1.91%, - , 0.00 
total_rev_hi_lim,mo_sin_rcnt_rev_tl_op,-5.82%,5.82%,5.74%,5.12%, 3.33 , 3.33 
annual_inc,inq_fi,5.81%,5.81%,3.54%,3.68%, - , 40.42 
open_il_12m,num_rev_accts,5.80%,5.80%,6.05%,2.22%, 40.42 , 3.33 
open_il_12m,mths_since_recent_bc_dlq,5.80%,5.80%,6.05%,0.31%, 40.42 , 76.74 
mths_since_last_major_derog,open_il_24m,5.80%,5.80%,1.14%,6.07%, 73.98 , 40.42 
delinq_2yrs,bc_open_to_buy,-5.79%,5.79%,1.91%,8.08%, 0.00 , 3.40 
mths_since_last_major_derog,year_issued,5.78%,5.78%,1.14%,14.60%, 73.98 , - 
acc_open_past_24mths,pct_tl_nvr_dlq,5.78%,5.78%,8.87%,0.37%, 2.36 , 3.33 
grade,pub_rec_bankruptcies,5.77%,5.77%,22.19%,2.17%, - , 0.07 
open_il_12m,mo_sin_rcnt_rev_tl_op,-5.77%,5.77%,6.05%,5.12%, 40.42 , 3.33 
desc,mths_since_last_record,-5.76%,5.76%,1.96%,2.03%, 94.16 , 84.01 
mths_since_recent_inq,tot_hi_cred_lim,-5.76%,5.76%,5.32%,6.20%, 13.08 , 3.33 
pct_tl_nvr_dlq,total_bal_ex_mort,5.76%,5.76%,0.37%,1.03%, 3.33 , 2.36 
num_bc_tl,total_il_high_credit_limit,5.75%,5.75%,1.56%,1.21%, 3.33 , 3.33 
emp_length,total_bal_ex_mort,-5.75%,5.75%,2.21%,1.03%, 6.09 , 2.36 
grade,max_bal_bc,-5.75%,5.75%,22.19%,3.23%, - , 40.42 
mo_sin_old_il_acct,percent_bc_gt_75,5.75%,5.75%,2.12%,7.83%, 6.37 , 3.43 
term,num_rev_tl_bal_gt_0,5.75%,5.75%,9.11%,5.06%, - , 3.33 
delinq_2yrs,open_act_il,5.74%,5.74%,1.91%,0.89%, 0.00 , 40.42 
term,num_actv_rev_tl,5.74%,5.74%,9.11%,5.07%, - , 3.33 
zip_code,mths_since_last_record,5.73%,5.73%,0.06%,2.03%, - , 84.01 
total_bal_il,bc_open_to_buy,5.72%,5.72%,0.20%,8.08%, 40.42 , 3.40 
delinq_2yrs,total_il_high_credit_limit,5.71%,5.71%,1.91%,1.21%, 0.00 , 3.33 
addr_state,num_il_tl,5.70%,5.70%,0.36%,1.03%, - , 3.33 
open_il_12m,max_bal_bc,-5.69%,5.69%,6.05%,3.23%, 40.42 , 40.42 
inq_last_6mths,max_bal_bc,-5.68%,5.68%,7.88%,3.23%, 0.00 , 40.42 
purpose,pct_tl_nvr_dlq,-5.68%,5.68%,1.37%,0.37%, - , 3.33 
mths_since_last_record,percent_bc_gt_75,5.68%,5.68%,2.03%,7.83%, 84.01 , 3.43 
sub_grade,mo_sin_old_il_acct,-5.68%,5.68%,22.50%,2.12%, - , 6.37 
purpose,total_rev_hi_lim,-5.67%,5.67%,1.37%,5.74%, - , 3.33 
num_accts_ever_120_pd,num_bc_tl,5.67%,5.67%,0.85%,1.56%, 3.33 , 3.33 
mths_since_recent_bc_dlq,tot_hi_cred_lim,-5.64%,5.64%,0.31%,6.20%, 76.74 , 3.33 
loan_amnt,pub_rec,-5.63%,5.63%,2.68%,2.88%, - , 0.00 
emp_title,all_util,-5.62%,5.62%,2.52%,7.38%, 6.96 , 40.43 
funded_amnt,pub_rec,-5.62%,5.62%,2.68%,2.88%, - , 0.00 
il_util,num_rev_tl_bal_gt_0,-5.60%,5.60%,5.89%,5.06%, 48.95 , 3.33 
pub_rec,mo_sin_rcnt_rev_tl_op,-5.59%,5.59%,2.88%,5.12%, 0.00 , 3.33 
mort_acc,mths_since_recent_bc,5.59%,5.59%,3.24%,4.36%, 2.36 , 3.34 
funded_amnt_inv,pub_rec,-5.58%,5.58%,2.64%,2.88%, - , 0.00 
term,annual_inc,5.56%,5.56%,9.11%,3.54%, - , - 
total_cu_tl,mo_sin_old_rev_tl_op,5.56%,5.56%,0.93%,3.56%, 40.42 , 3.33 
int_rate,pub_rec_bankruptcies,5.56%,5.56%,19.85%,2.17%, - , 0.07 
open_il_12m,avg_cur_bal,5.56%,5.56%,6.05%,5.62%, 40.42 , 3.33 
int_rate,year_issued,-5.56%,5.56%,19.85%,14.60%, - , - 
annual_inc,mths_since_last_record,-5.56%,5.56%,3.54%,2.03%, - , 84.01 
total_il_high_credit_limit,year_issued,5.55%,5.55%,1.21%,14.60%, 3.33 , - 
il_util,num_bc_tl,-5.54%,5.54%,5.89%,1.56%, 48.95 , 3.33 
pub_rec,open_acc_6m,5.52%,5.52%,2.88%,6.07%, 0.00 , 40.42 
purpose,total_acc,-5.52%,5.52%,1.37%,1.58%, - , 0.00 
il_util,bc_util,-5.51%,5.51%,5.89%,7.59%, 48.95 , 3.46 
mths_since_recent_inq,num_rev_tl_bal_gt_0,-5.51%,5.51%,5.32%,5.06%, 13.08 , 3.33 
num_bc_sats,total_il_high_credit_limit,5.51%,5.51%,0.43%,1.21%, 2.77 , 3.33 
sub_grade,num_accts_ever_120_pd,5.51%,5.51%,22.50%,0.85%, - , 3.33 
total_rev_hi_lim,mths_since_recent_bc,-5.50%,5.50%,5.74%,4.36%, 3.33 , 3.34 
int_rate,num_rev_accts,-5.50%,5.50%,19.85%,2.22%, - , 3.33 
num_op_rev_tl,total_il_high_credit_limit,5.48%,5.48%,2.36%,1.21%, 3.33 , 3.33 
total_cu_tl,num_op_rev_tl,5.48%,5.48%,0.93%,2.36%, 40.42 , 3.33 
num_tl_op_past_12m,total_bc_limit,5.47%,5.47%,7.72%,7.27%, 3.33 , 2.36 
term,num_bc_sats,5.43%,5.43%,9.11%,0.43%, - , 2.77 
term,bc_util,5.43%,5.43%,9.11%,7.59%, - , 3.46 
dti,total_bc_limit,5.42%,5.42%,7.83%,7.27%, - , 2.36 
collections_12_mths_ex_med,tot_coll_amt,5.42%,5.42%,1.01%,0.15%, 0.01 , 3.33 
total_rev_hi_lim,total_cu_tl,5.41%,5.41%,5.74%,0.93%, 3.33 , 40.42 
mths_since_last_record,mths_since_recent_bc_dlq,-5.41%,5.41%,2.03%,0.31%, 84.01 , 76.74 
mths_since_last_major_derog,delinq_amnt,-5.41%,5.41%,1.14%,0.59%, 73.98 , 0.00 
grade,mths_since_last_record,-5.40%,5.40%,22.19%,2.03%, - , 84.01 
grade,num_accts_ever_120_pd,5.40%,5.40%,22.19%,0.85%, - , 3.33 
open_acc_6m,pub_rec_bankruptcies,5.40%,5.40%,6.07%,2.17%, 40.42 , 0.07 
term,num_rev_accts,5.39%,5.39%,9.11%,2.22%, - , 3.33 
term,total_cu_tl,5.39%,5.39%,9.11%,0.93%, - , 40.42 
term,num_actv_bc_tl,5.38%,5.38%,9.11%,2.34%, - , 3.33 
total_rev_hi_lim,mths_since_recent_revol_delinq,-5.38%,5.38%,5.74%,0.67%, 3.33 , 66.98 
emp_length,total_il_high_credit_limit,-5.38%,5.38%,2.21%,1.21%, 6.09 , 3.33 
all_util,total_cu_tl,5.37%,5.37%,7.38%,0.93%, 40.43 , 40.42 
installment,total_cu_tl,5.36%,5.36%,3.00%,0.93%, - , 40.42 
num_bc_sats,pub_rec_bankruptcies,-5.35%,5.35%,0.43%,2.17%, 2.77 , 0.07 
int_rate,pub_rec,5.35%,5.35%,19.85%,2.88%, - , 0.00 
inq_fi,num_bc_tl,5.34%,5.34%,3.68%,1.56%, 40.42 , 3.33 
title,num_actv_rev_tl,-5.33%,5.33%,2.77%,5.07%, 1.05 , 3.33 
mths_since_last_delinq,num_tl_120dpd_2m,-5.32%,5.32%,1.30%,0.22%, 50.89 , 7.13 
mths_since_recent_inq,pub_rec_bankruptcies,-5.32%,5.32%,5.32%,2.17%, 13.08 , 0.07 
title,num_sats,-5.31%,5.31%,2.77%,1.84%, 1.05 , 2.77 
grade,mo_sin_old_il_acct,-5.30%,5.30%,22.19%,2.12%, - , 6.37 
pub_rec,revol_util,-5.29%,5.29%,2.88%,6.95%, 0.00 , 0.08 
mths_since_last_delinq,open_il_24m,5.28%,5.28%,1.30%,6.07%, 50.89 , 40.42 
emp_length,revol_bal,-5.28%,5.28%,2.21%,1.79%, 6.09 , - 
title,num_rev_tl_bal_gt_0,-5.28%,5.28%,2.77%,5.06%, 1.05 , 3.33 
total_bal_il,num_bc_tl,5.24%,5.24%,0.20%,1.56%, 40.42 , 3.33 
avg_cur_bal,pct_tl_nvr_dlq,-5.24%,5.24%,5.62%,0.37%, 3.33 , 3.33 
pub_rec,total_bal_ex_mort,-5.24%,5.24%,2.88%,1.03%, 0.00 , 2.36 
title,total_bal_ex_mort,-5.24%,5.24%,2.77%,1.03%, 1.05 , 2.36 
home_ownership,delinq_2yrs,-5.23%,5.23%,5.05%,1.91%, - , 0.00 
open_il_24m,pct_tl_nvr_dlq,5.23%,5.23%,6.07%,0.37%, 40.42 , 3.33 
sub_grade,mths_since_last_record,-5.23%,5.23%,22.50%,2.03%, - , 84.01 
open_acc_6m,all_util,-5.23%,5.23%,6.07%,7.38%, 40.42 , 40.43 
pct_tl_nvr_dlq,pub_rec_bankruptcies,5.22%,5.22%,0.37%,2.17%, 3.33 , 0.07 
mths_since_last_major_derog,num_rev_tl_bal_gt_0,5.22%,5.22%,1.14%,5.06%, 73.98 , 3.33 
funded_amnt_inv,mo_sin_rcnt_rev_tl_op,5.21%,5.21%,2.64%,5.12%, - , 3.33 
loan_amnt,mo_sin_rcnt_rev_tl_op,5.21%,5.21%,2.68%,5.12%, - , 3.33 
funded_amnt,mo_sin_rcnt_rev_tl_op,5.21%,5.21%,2.68%,5.12%, - , 3.33 
funded_amnt_inv,num_accts_ever_120_pd,-5.20%,5.20%,2.64%,0.85%, - , 3.33 
verification_status,total_bal_ex_mort,5.20%,5.20%,9.68%,1.03%, - , 2.36 
funded_amnt,num_accts_ever_120_pd,-5.20%,5.20%,2.68%,0.85%, - , 3.33 
loan_amnt,num_accts_ever_120_pd,-5.20%,5.20%,2.68%,0.85%, - , 3.33 
term,num_bc_tl,5.19%,5.19%,9.11%,1.56%, - , 3.33 
all_util,acc_open_past_24mths,-5.19%,5.19%,7.38%,8.87%, 40.43 , 2.36 
verification_status,num_rev_tl_bal_gt_0,5.19%,5.19%,9.68%,5.06%, - , 3.33 
initial_list_status,tot_hi_cred_lim,5.19%,5.19%,6.85%,6.20%, - , 3.33 
annual_inc,acc_open_past_24mths,5.17%,5.17%,3.54%,8.87%, - , 2.36 
delinq_2yrs,acc_open_past_24mths,-5.17%,5.17%,1.91%,8.87%, 0.00 , 2.36 
desc,bc_util,-5.16%,5.16%,1.96%,7.59%, 94.16 , 3.46 
mo_sin_old_il_acct,num_tl_90g_dpd_24m,5.15%,5.15%,2.12%,1.22%, 6.37 , 3.33 
title,revol_util,-5.15%,5.15%,2.77%,6.95%, 1.05 , 0.08 
initial_list_status,all_util,-5.15%,5.15%,6.85%,7.38%, - , 40.43 
term,num_op_rev_tl,5.14%,5.14%,9.11%,2.36%, - , 3.33 
open_il_24m,pub_rec_bankruptcies,5.14%,5.14%,6.07%,2.17%, 40.42 , 0.07 
il_util,year_issued,-5.13%,5.13%,5.89%,14.60%, 48.95 , - 
mths_since_recent_inq,total_bal_ex_mort,-5.13%,5.13%,5.32%,1.03%, 13.08 , 2.36 
desc,num_bc_tl,-5.13%,5.13%,1.96%,1.56%, 94.16 , 3.33 
int_rate,num_accts_ever_120_pd,5.13%,5.13%,19.85%,0.85%, - , 3.33 
mths_since_rcnt_il,mths_since_recent_bc,5.13%,5.13%,3.24%,4.36%, 42.30 , 3.34 
issue_d,desc,5.11%,5.11%,1.78%,1.96%, - , 94.16 
title,dti,-5.11%,5.11%,2.77%,7.83%, 1.05 , - 
il_util,bc_open_to_buy,-5.11%,5.11%,5.89%,8.08%, 48.95 , 3.40 
delinq_2yrs,avg_cur_bal,5.09%,5.09%,1.91%,5.62%, 0.00 , 3.33 
num_accts_ever_120_pd,total_il_high_credit_limit,5.08%,5.08%,0.85%,1.21%, 3.33 , 3.33 
mths_since_last_record,il_util,-5.08%,5.08%,2.03%,5.89%, 84.01 , 48.95 
total_rev_hi_lim,mo_sin_rcnt_tl,-5.06%,5.06%,5.74%,5.35%, 3.33 , 3.33 
all_util,num_tl_op_past_12m,-5.06%,5.06%,7.38%,7.72%, 40.43 , 3.33 
term,percent_bc_gt_75,5.05%,5.05%,9.11%,7.83%, - , 3.43 
acc_open_past_24mths,mo_sin_old_rev_tl_op,-5.04%,5.04%,8.87%,3.56%, 2.36 , 3.33 
mths_since_last_record,tot_coll_amt,-5.04%,5.04%,2.03%,0.15%, 84.01 , 3.33 
total_cu_tl,mths_since_recent_inq,-5.03%,5.03%,0.93%,5.32%, 40.42 , 13.08 
total_bal_il,num_op_rev_tl,5.03%,5.03%,0.20%,2.36%, 40.42 , 3.33 
funded_amnt,bc_util,5.03%,5.03%,2.68%,7.59%, - , 3.46 
loan_amnt,bc_util,5.02%,5.02%,2.68%,7.59%, - , 3.46 
max_bal_bc,mths_since_recent_inq,5.02%,5.02%,3.23%,5.32%, 40.42 , 13.08 
funded_amnt_inv,bc_util,5.02%,5.02%,2.64%,7.59%, - , 3.46 
inq_last_6mths,mort_acc,5.01%,5.01%,7.88%,3.24%, 0.00 , 2.36 
mths_since_last_record,all_util,-5.00%,5.00%,2.03%,7.38%, 84.01 , 40.43 
inq_last_6mths,num_accts_ever_120_pd,4.99%,4.99%,7.88%,0.85%, 0.00 , 3.33 
emp_length,total_bal_il,-4.98%,4.98%,2.21%,0.20%, 6.09 , 40.42 
verification_status,mths_since_last_record,-4.98%,4.98%,9.68%,2.03%, - , 84.01 
il_util,percent_bc_gt_75,-4.98%,4.98%,5.89%,7.83%, 48.95 , 3.43 
tot_cur_bal,mths_since_recent_bc,4.97%,4.97%,5.24%,4.36%, 3.33 , 3.34 
emp_length,open_il_24m,-4.97%,4.97%,2.21%,6.07%, 6.09 , 40.42 
pub_rec,mo_sin_rcnt_tl,-4.94%,4.94%,2.88%,5.35%, 0.00 , 3.33 
term,all_util,4.94%,4.94%,9.11%,7.38%, - , 40.43 
emp_length,open_acc,-4.94%,4.94%,2.21%,1.78%, 6.09 , 0.00 
delinq_2yrs,max_bal_bc,-4.93%,4.93%,1.91%,3.23%, 0.00 , 40.42 
total_rev_hi_lim,num_tl_90g_dpd_24m,-4.93%,4.93%,5.74%,1.22%, 3.33 , 3.33 
pub_rec,mths_since_recent_inq,-4.93%,4.93%,2.88%,5.32%, 0.00 , 13.08 
term,mo_sin_old_rev_tl_op,4.92%,4.92%,9.11%,3.56%, - , 3.33 
desc,percent_bc_gt_75,-4.91%,4.91%,1.96%,7.83%, 94.16 , 3.43 
total_cu_tl,num_bc_sats,-4.91%,4.91%,0.93%,0.43%, 40.42 , 2.77 
il_util,mths_since_recent_bc,-4.89%,4.89%,5.89%,4.36%, 48.95 , 3.34 
delinq_2yrs,open_acc,4.89%,4.89%,1.91%,1.78%, 0.00 , 0.00 
funded_amnt_inv,year_issued,4.89%,4.89%,2.64%,14.60%, - , - 
delinq_2yrs,num_tl_120dpd_2m,4.87%,4.87%,1.91%,0.22%, 0.00 , 7.13 
mths_since_recent_inq,num_accts_ever_120_pd,-4.85%,4.85%,5.32%,0.85%, 13.08 , 3.33 
delinq_2yrs,total_rev_hi_lim,-4.85%,4.85%,1.91%,5.74%, 0.00 , 3.33 
delinq_2yrs,pub_rec_bankruptcies,-4.84%,4.84%,1.91%,2.17%, 0.00 , 0.07 
mths_since_last_delinq,il_util,4.84%,4.84%,1.30%,5.89%, 50.89 , 48.95 
mths_since_last_record,bc_util,4.83%,4.83%,2.03%,7.59%, 84.01 , 3.46 
pub_rec,avg_cur_bal,-4.82%,4.82%,2.88%,5.62%, 0.00 , 3.33 
annual_inc,total_cu_tl,4.82%,4.82%,3.54%,0.93%, - , 40.42 
open_il_24m,mths_since_recent_bc,-4.81%,4.81%,6.07%,4.36%, 40.42 , 3.34 
sub_grade,num_rev_accts,-4.81%,4.81%,22.50%,2.22%, - , 3.33 
mths_since_rcnt_il,num_rev_accts,-4.81%,4.81%,3.24%,2.22%, 42.30 , 3.33 
emp_length,num_sats,-4.80%,4.80%,2.21%,1.84%, 6.09 , 2.77 
mths_since_last_record,num_rev_tl_bal_gt_0,4.80%,4.80%,2.03%,5.06%, 84.01 , 3.33 
emp_title,title,4.78%,4.78%,2.52%,2.77%, 6.96 , 1.05 
term,title,-4.77%,4.77%,9.11%,2.77%, - , 1.05 
mths_since_rcnt_il,open_rv_24m,-4.77%,4.77%,3.24%,6.91%, 42.30 , 40.42 
mths_since_last_major_derog,num_actv_bc_tl,4.77%,4.77%,1.14%,2.34%, 73.98 , 3.33 
mths_since_last_major_derog,avg_cur_bal,-4.76%,4.76%,1.14%,5.62%, 73.98 , 3.33 
zip_code,mths_since_last_major_derog,4.76%,4.76%,0.06%,1.14%, - , 73.98 
all_util,mths_since_recent_revol_delinq,4.76%,4.76%,7.38%,0.67%, 40.43 , 66.98 
mths_since_last_delinq,open_acc_6m,4.75%,4.75%,1.30%,6.07%, 50.89 , 40.42 
avg_cur_bal,num_bc_tl,-4.74%,4.74%,5.62%,1.56%, 3.33 , 3.33 
purpose,mths_since_last_record,-4.72%,4.72%,1.37%,2.03%, - , 84.01 
emp_length,total_rev_hi_lim,-4.70%,4.70%,2.21%,5.74%, 6.09 , 3.33 
desc,revol_util,-4.70%,4.70%,1.96%,6.95%, 94.16 , 0.08 
delinq_2yrs,total_bal_il,4.69%,4.69%,1.91%,0.20%, 0.00 , 40.42 
num_bc_tl,num_il_tl,4.69%,4.69%,1.56%,1.03%, 3.33 , 3.33 
tot_cur_bal,bc_util,4.69%,4.69%,5.24%,7.59%, 3.33 , 3.46 
verification_status,avg_cur_bal,4.68%,4.68%,9.68%,5.62%, - , 3.33 
annual_inc,year_issued,4.66%,4.66%,3.54%,14.60%, - , - 
emp_length,max_bal_bc,-4.66%,4.66%,2.21%,3.23%, 6.09 , 40.42 
sub_grade,mths_since_last_delinq,-4.66%,4.66%,22.50%,1.30%, - , 50.89 
mths_since_recent_revol_delinq,total_bc_limit,-4.65%,4.65%,0.67%,7.27%, 66.98 , 2.36 
tot_cur_bal,mths_since_recent_bc_dlq,-4.65%,4.65%,5.24%,0.31%, 3.33 , 76.74 
annual_inc,num_tl_op_past_12m,4.63%,4.63%,3.54%,7.72%, - , 3.33 
zip_code,mths_since_last_delinq,4.63%,4.63%,0.06%,1.30%, - , 50.89 
emp_length,mo_sin_old_il_acct,-4.62%,4.62%,2.21%,2.12%, 6.09 , 6.37 
total_rev_hi_lim,mths_since_recent_bc_dlq,-4.62%,4.62%,5.74%,0.31%, 3.33 , 76.74 
bc_open_to_buy,mths_since_recent_revol_delinq,-4.61%,4.61%,8.08%,0.67%, 3.40 , 66.98 
installment,pub_rec,-4.58%,4.58%,3.00%,2.88%, - , 0.00 
inq_last_12m,num_actv_bc_tl,4.58%,4.58%,6.37%,2.34%, 40.42 , 3.33 
tot_cur_bal,mths_since_recent_revol_delinq,-4.58%,4.58%,5.24%,0.67%, 3.33 , 66.98 
open_acc,mths_since_recent_revol_delinq,-4.57%,4.57%,1.78%,0.67%, 0.00 , 66.98 
num_rev_accts,pub_rec_bankruptcies,4.57%,4.57%,2.22%,2.17%, 3.33 , 0.07 
verification_status,inq_fi,4.56%,4.56%,9.68%,3.68%, - , 40.42 
mths_since_last_record,num_il_tl,-4.56%,4.56%,2.03%,1.03%, 84.01 , 3.33 
zip_code,num_bc_tl,-4.56%,4.56%,0.06%,1.56%, - , 3.33 
title,inq_last_6mths,4.55%,4.55%,2.77%,7.88%, 1.05 , 0.00 
mths_since_last_delinq,mo_sin_old_rev_tl_op,-4.54%,4.54%,1.30%,3.56%, 50.89 , 3.33 
max_bal_bc,num_tl_90g_dpd_24m,-4.53%,4.53%,3.23%,1.22%, 40.42 , 3.33 
annual_inc,initial_list_status,4.52%,4.52%,3.54%,6.85%, - , - 
verification_status,mort_acc,4.52%,4.52%,9.68%,3.24%, - , 2.36 
num_rev_accts,pct_tl_nvr_dlq,4.50%,4.50%,2.22%,0.37%, 3.33 , 3.33 
emp_length,mths_since_rcnt_il,4.50%,4.50%,2.21%,3.24%, 6.09 , 42.30 
term,emp_length,-4.48%,4.48%,9.11%,2.21%, - , 6.09 
mths_since_recent_revol_delinq,num_sats,-4.47%,4.47%,0.67%,1.84%, 66.98 , 2.77 
grade,mths_since_last_delinq,-4.47%,4.47%,22.19%,1.30%, - , 50.89 
title,num_op_rev_tl,-4.46%,4.46%,2.77%,2.36%, 1.05 , 3.33 
term,mths_since_last_record,4.46%,4.46%,9.11%,2.03%, - , 84.01 
home_ownership,mths_since_last_delinq,4.46%,4.46%,5.05%,1.30%, - , 50.89 
delinq_2yrs,num_sats,4.45%,4.45%,1.91%,1.84%, 0.00 , 2.77 
tot_coll_amt,max_bal_bc,-4.45%,4.45%,0.15%,3.23%, 3.33 , 40.42 
zip_code,num_sats,-4.44%,4.44%,0.06%,1.84%, - , 2.77 
emp_title,num_sats,-4.42%,4.42%,2.52%,1.84%, 6.96 , 2.77 
delinq_2yrs,open_rv_24m,-4.42%,4.42%,1.91%,6.91%, 0.00 , 40.42 
grade,num_rev_accts,-4.42%,4.42%,22.19%,2.22%, - , 3.33 
addr_state,pub_rec_bankruptcies,-4.41%,4.41%,0.36%,2.17%, - , 0.07 
mths_since_last_major_derog,num_op_rev_tl,4.41%,4.41%,1.14%,2.36%, 73.98 , 3.33 
total_acc,mths_since_last_major_derog,-4.39%,4.39%,1.58%,1.14%, 0.00 , 73.98 
zip_code,open_acc,-4.39%,4.39%,0.06%,1.78%, - , 0.00 
inq_last_6mths,total_il_high_credit_limit,4.38%,4.38%,7.88%,1.21%, 0.00 , 3.33 
total_bal_il,num_bc_sats,4.38%,4.38%,0.20%,0.43%, 40.42 , 2.77 
term,open_il_12m,4.38%,4.38%,9.11%,6.05%, - , 40.42 
bc_open_to_buy,num_tl_90g_dpd_24m,-4.37%,4.37%,8.08%,1.22%, 3.40 , 3.33 
tot_cur_bal,il_util,4.36%,4.36%,5.24%,5.89%, 3.33 , 48.95 
emp_title,tot_cur_bal,-4.35%,4.35%,2.52%,5.24%, 6.96 , 3.33 
mths_since_rcnt_il,num_op_rev_tl,-4.35%,4.35%,3.24%,2.36%, 42.30 , 3.33 
verification_status,tot_hi_cred_lim,4.35%,4.35%,9.68%,6.20%, - , 3.33 
open_il_12m,mo_sin_old_il_acct,4.35%,4.35%,6.05%,2.12%, 40.42 , 6.37 
home_ownership,num_actv_bc_tl,-4.34%,4.34%,5.05%,2.34%, - , 3.33 
installment,percent_bc_gt_75,4.30%,4.30%,3.00%,7.83%, - , 3.43 
funded_amnt,emp_title,-4.29%,4.29%,2.68%,2.52%, - , 6.96 
loan_amnt,emp_title,-4.29%,4.29%,2.68%,2.52%, - , 6.96 
installment,num_accts_ever_120_pd,-4.28%,4.28%,3.00%,0.85%, - , 3.33 
funded_amnt_inv,open_rv_12m,-4.27%,4.27%,2.64%,5.27%, - , 40.42 
dti,num_accts_ever_120_pd,-4.27%,4.27%,7.83%,0.85%, - , 3.33 
loan_amnt,open_rv_12m,-4.27%,4.27%,2.68%,5.27%, - , 40.42 
funded_amnt,open_rv_12m,-4.27%,4.27%,2.68%,5.27%, - , 40.42 
revol_bal,total_cu_tl,4.27%,4.27%,1.79%,0.93%, - , 40.42 
annual_inc,mths_since_recent_inq,-4.27%,4.27%,3.54%,5.32%, - , 13.08 
funded_amnt_inv,emp_title,-4.27%,4.27%,2.64%,2.52%, - , 6.96 
delinq_2yrs,num_actv_bc_tl,-4.27%,4.27%,1.91%,2.34%, 0.00 , 3.33 
emp_title,open_acc,-4.27%,4.27%,2.52%,1.78%, 6.96 , 0.00 
emp_length,open_il_12m,-4.26%,4.26%,2.21%,6.05%, 6.09 , 40.42 
collections_12_mths_ex_med,pct_tl_nvr_dlq,-4.26%,4.26%,1.01%,0.37%, 0.01 , 3.33 
pub_rec,open_il_24m,4.26%,4.26%,2.88%,6.07%, 0.00 , 40.42 
open_il_12m,num_accts_ever_120_pd,4.26%,4.26%,6.05%,0.85%, 40.42 , 3.33 
open_act_il,percent_bc_gt_75,4.26%,4.26%,0.89%,7.83%, 40.42 , 3.43 
num_rev_tl_bal_gt_0,year_issued,-4.25%,4.25%,5.06%,14.60%, 3.33 , - 
open_act_il,bc_util,4.25%,4.25%,0.89%,7.59%, 40.42 , 3.46 
funded_amnt,year_issued,4.24%,4.24%,2.68%,14.60%, - , - 
addr_state,total_acc,4.24%,4.24%,0.36%,1.58%, - , 0.00 
mths_since_last_delinq,total_acc,-4.23%,4.23%,1.30%,1.58%, 50.89 , 0.00 
term,pct_tl_nvr_dlq,4.23%,4.23%,9.11%,0.37%, - , 3.33 
open_rv_24m,mort_acc,-4.21%,4.21%,6.91%,3.24%, 40.42 , 2.36 
annual_inc,mths_since_last_delinq,-4.20%,4.20%,3.54%,1.30%, - , 50.89 
zip_code,num_rev_accts,-4.20%,4.20%,0.06%,2.22%, - , 3.33 
initial_list_status,total_il_high_credit_limit,4.20%,4.20%,6.85%,1.21%, - , 3.33 
title,bc_util,-4.18%,4.18%,2.77%,7.59%, 1.05 , 3.46 
tot_coll_amt,total_bc_limit,-4.18%,4.18%,0.15%,7.27%, 3.33 , 2.36 
mo_sin_rcnt_tl,num_accts_ever_120_pd,-4.17%,4.17%,5.35%,0.85%, 3.33 , 3.33 
mths_since_last_record,num_op_rev_tl,4.16%,4.16%,2.03%,2.36%, 84.01 , 3.33 
initial_list_status,max_bal_bc,4.16%,4.16%,6.85%,3.23%, - , 40.42 
desc,dti,4.15%,4.15%,1.96%,7.83%, 94.16 , - 
open_il_12m,num_bc_tl,4.15%,4.15%,6.05%,1.56%, 40.42 , 3.33 
num_rev_tl_bal_gt_0,total_il_high_credit_limit,4.15%,4.15%,5.06%,1.21%, 3.33 , 3.33 
open_il_12m,pub_rec_bankruptcies,4.15%,4.15%,6.05%,2.17%, 40.42 , 0.07 
num_actv_bc_tl,total_il_high_credit_limit,4.14%,4.14%,2.34%,1.21%, 3.33 , 3.33 
mo_sin_old_il_acct,mo_sin_rcnt_rev_tl_op,4.14%,4.14%,2.12%,5.12%, 6.37 , 3.33 
mths_since_rcnt_il,avg_cur_bal,-4.12%,4.12%,3.24%,5.62%, 42.30 , 3.33 
revol_bal,inq_fi,-4.12%,4.12%,1.79%,3.68%, - , 40.42 
pub_rec,mths_since_recent_bc,-4.12%,4.12%,2.88%,4.36%, 0.00 , 3.34 
num_accts_ever_120_pd,num_tl_120dpd_2m,4.11%,4.11%,0.85%,0.22%, 3.33 , 7.13 
inq_last_6mths,mths_since_recent_bc_dlq,4.11%,4.11%,7.88%,0.31%, 0.00 , 76.74 
open_il_24m,max_bal_bc,-4.11%,4.11%,6.07%,3.23%, 40.42 , 40.42 
addr_state,dti,4.11%,4.11%,0.36%,7.83%, - , - 
mths_since_last_major_derog,tot_hi_cred_lim,-4.11%,4.11%,1.14%,6.20%, 73.98 , 3.33 
revol_util,open_act_il,4.09%,4.09%,6.95%,0.89%, 0.08 , 40.42 
emp_length,verification_status,4.09%,4.09%,2.21%,9.68%, 6.09 , - 
annual_inc,revol_util,4.08%,4.08%,3.54%,6.95%, - , 0.08 
il_util,num_rev_accts,-4.08%,4.08%,5.89%,2.22%, 48.95 , 3.33 
mths_since_recent_revol_delinq,num_op_rev_tl,-4.08%,4.08%,0.67%,2.36%, 66.98 , 3.33 
mths_since_last_delinq,open_il_12m,4.07%,4.07%,1.30%,6.05%, 50.89 , 40.42 
mo_sin_old_rev_tl_op,total_il_high_credit_limit,4.07%,4.07%,3.56%,1.21%, 3.33 , 3.33 
loan_amnt,year_issued,4.06%,4.06%,2.68%,14.60%, - , - 
revol_util,tot_coll_amt,-4.05%,4.05%,6.95%,0.15%, 0.08 , 3.33 
all_util,mths_since_recent_bc_dlq,4.04%,4.04%,7.38%,0.31%, 40.43 , 76.74 
emp_title,tot_hi_cred_lim,-4.03%,4.03%,2.52%,6.20%, 6.96 , 3.33 
term,open_act_il,4.03%,4.03%,9.11%,0.89%, - , 40.42 
num_il_tl,num_op_rev_tl,4.01%,4.01%,1.03%,2.36%, 3.33 , 3.33 
annual_inc,mths_since_recent_bc_dlq,-4.00%,4.00%,3.54%,0.31%, - , 76.74 
open_rv_24m,pct_tl_nvr_dlq,4.00%,4.00%,6.91%,0.37%, 40.42 , 3.33 
purpose,initial_list_status,-4.00%,4.00%,1.37%,6.85%, - , - 
earliest_cr_line,mo_sin_old_rev_tl_op,-3.99%,3.99%,0.11%,3.56%, 0.00 , 3.33 
int_rate,mths_since_last_delinq,-3.98%,3.98%,19.85%,1.30%, - , 50.89 
open_il_12m,mths_since_recent_bc,-3.97%,3.97%,6.05%,4.36%, 40.42 , 3.34 
num_actv_rev_tl,total_il_high_credit_limit,3.97%,3.97%,5.07%,1.21%, 3.33 , 3.33 
total_cu_tl,pct_tl_nvr_dlq,3.97%,3.97%,0.93%,0.37%, 40.42 , 3.33 
int_rate,total_acc,-3.97%,3.97%,19.85%,1.58%, - , 0.00 
mths_since_last_major_derog,num_actv_rev_tl,3.97%,3.97%,1.14%,5.07%, 73.98 , 3.33 
term,mths_since_rcnt_il,-3.96%,3.96%,9.11%,3.24%, - , 42.30 
emp_length,num_rev_tl_bal_gt_0,-3.94%,3.94%,2.21%,5.06%, 6.09 , 3.33 
mths_since_last_major_derog,open_act_il,-3.94%,3.94%,1.14%,0.89%, 73.98 , 40.42 
sub_grade,mths_since_last_major_derog,-3.94%,3.94%,22.50%,1.14%, - , 73.98 
collections_12_mths_ex_med,num_accts_ever_120_pd,3.94%,3.94%,1.01%,0.85%, 0.01 , 3.33 
mort_acc,num_actv_bc_tl,3.93%,3.93%,3.24%,2.34%, 2.36 , 3.33 
il_util,total_cu_tl,3.92%,3.92%,5.89%,0.93%, 48.95 , 40.42 
emp_length,num_actv_rev_tl,-3.92%,3.92%,2.21%,5.07%, 6.09 , 3.33 
inq_last_6mths,total_cu_tl,3.92%,3.92%,7.88%,0.93%, 0.00 , 40.42 
max_bal_bc,num_il_tl,3.91%,3.91%,3.23%,1.03%, 40.42 , 3.33 
initial_list_status,tot_cur_bal,3.90%,3.90%,6.85%,5.24%, - , 3.33 
mths_since_rcnt_il,num_bc_tl,-3.90%,3.90%,3.24%,1.56%, 42.30 , 3.33 
total_bal_il,num_tl_90g_dpd_24m,3.89%,3.89%,0.20%,1.22%, 40.42 , 3.33 
annual_inc,pub_rec_bankruptcies,-3.88%,3.88%,3.54%,2.17%, - , 0.07 
mths_since_last_record,num_actv_rev_tl,3.88%,3.88%,2.03%,5.07%, 84.01 , 3.33 
mths_since_recent_bc,tot_hi_cred_lim,3.88%,3.88%,4.36%,6.20%, 3.34 , 3.33 
all_util,num_tl_90g_dpd_24m,3.88%,3.88%,7.38%,1.22%, 40.43 , 3.33 
mths_since_recent_bc_dlq,num_bc_sats,-3.87%,3.87%,0.31%,0.43%, 76.74 , 2.77 
delinq_amnt,num_tl_90g_dpd_24m,3.86%,3.86%,0.59%,1.22%, 0.00 , 3.33 
initial_list_status,total_bal_ex_mort,3.86%,3.86%,6.85%,1.03%, - , 2.36 
inq_last_12m,mo_sin_old_rev_tl_op,-3.86%,3.86%,6.37%,3.56%, 40.42 , 3.33 
emp_length,num_rev_accts,-3.85%,3.85%,2.21%,2.22%, 6.09 , 3.33 
open_act_il,mths_since_recent_inq,-3.84%,3.84%,0.89%,5.32%, 40.42 , 13.08 
mths_since_rcnt_il,bc_open_to_buy,-3.84%,3.84%,3.24%,8.08%, 42.30 , 3.40 
annual_inc,il_util,-3.83%,3.83%,3.54%,5.89%, - , 48.95 
mths_since_last_delinq,num_rev_accts,-3.83%,3.83%,1.30%,2.22%, 50.89 , 3.33 
mths_since_last_delinq,collections_12_mths_ex_med,-3.82%,3.82%,1.30%,1.01%, 50.89 , 0.01 
tot_cur_bal,percent_bc_gt_75,3.82%,3.82%,5.24%,7.83%, 3.33 , 3.43 
inq_last_6mths,all_util,-3.81%,3.81%,7.88%,7.38%, 0.00 , 40.43 
pub_rec,mo_sin_old_rev_tl_op,3.81%,3.81%,2.88%,3.56%, 0.00 , 3.33 
dti,pub_rec,-3.80%,3.80%,7.83%,2.88%, - , 0.00 
mths_since_last_major_derog,tot_cur_bal,-3.80%,3.80%,1.14%,5.24%, 73.98 , 3.33 
il_util,mort_acc,-3.80%,3.80%,5.89%,3.24%, 48.95 , 2.36 
revol_util,mort_acc,3.80%,3.80%,6.95%,3.24%, 0.08 , 2.36 
emp_length,mths_since_last_delinq,3.80%,3.80%,2.21%,1.30%, 6.09 , 50.89 
chargeoff_within_12_mths,num_rev_accts,3.78%,3.78%,0.21%,2.22%, 0.01 , 3.33 
total_bal_il,num_rev_tl_bal_gt_0,3.78%,3.78%,0.20%,5.06%, 40.42 , 3.33 
avg_cur_bal,mths_since_recent_bc_dlq,-3.77%,3.77%,5.62%,0.31%, 3.33 , 76.74 
emp_title,annual_inc,-3.77%,3.77%,2.52%,3.54%, 6.96 , - 
grade,mths_since_last_major_derog,-3.77%,3.77%,22.19%,1.14%, - , 73.98 
emp_length,total_bc_limit,-3.76%,3.76%,2.21%,7.27%, 6.09 , 2.36 
zip_code,num_rev_tl_bal_gt_0,-3.76%,3.76%,0.06%,5.06%, - , 3.33 
open_acc,initial_list_status,3.75%,3.75%,1.78%,6.85%, 0.00 , - 
loan_amnt,mths_since_recent_bc,3.75%,3.75%,2.68%,4.36%, - , 3.34 
funded_amnt_inv,mths_since_recent_bc,3.75%,3.75%,2.64%,4.36%, - , 3.34 
funded_amnt,mths_since_recent_bc,3.74%,3.74%,2.68%,4.36%, - , 3.34 
mo_sin_old_rev_tl_op,year_issued,-3.74%,3.74%,3.56%,14.60%, 3.33 , - 
inq_fi,mo_sin_old_rev_tl_op,-3.74%,3.74%,3.68%,3.56%, 40.42 , 3.33 
total_acc,chargeoff_within_12_mths,3.73%,3.73%,1.58%,0.21%, 0.00 , 0.01 
avg_cur_bal,num_tl_op_past_12m,-3.73%,3.73%,5.62%,7.72%, 3.33 , 3.33 
annual_inc,open_acc_6m,3.73%,3.73%,3.54%,6.07%, - , 40.42 
emp_length,all_util,-3.73%,3.73%,2.21%,7.38%, 6.09 , 40.43 
annual_inc,delinq_2yrs,3.73%,3.73%,3.54%,1.91%, - , 0.00 
installment,emp_title,-3.72%,3.72%,3.00%,2.52%, - , 6.96 
tot_cur_bal,open_rv_24m,-3.72%,3.72%,5.24%,6.91%, 3.33 , 40.42 
mo_sin_rcnt_rev_tl_op,pct_tl_nvr_dlq,-3.71%,3.71%,5.12%,0.37%, 3.33 , 3.33 
verification_status,num_actv_bc_tl,3.71%,3.71%,9.68%,2.34%, - , 3.33 
sub_grade,num_tl_90g_dpd_24m,3.70%,3.70%,22.50%,1.22%, - , 3.33 
mo_sin_old_rev_tl_op,pub_rec_bankruptcies,3.70%,3.70%,3.56%,2.17%, 3.33 , 0.07 
open_il_24m,num_accts_ever_120_pd,3.70%,3.70%,6.07%,0.85%, 40.42 , 3.33 
grade,num_tl_90g_dpd_24m,3.69%,3.69%,22.19%,1.22%, - , 3.33 
verification_status,pub_rec,3.69%,3.69%,9.68%,2.88%, - , 0.00 
inq_fi,mths_since_recent_bc_dlq,3.69%,3.69%,3.68%,0.31%, 40.42 , 76.74 
sub_grade,total_bal_il,3.69%,3.69%,22.50%,0.20%, - , 40.42 
int_rate,mths_since_last_major_derog,-3.68%,3.68%,19.85%,1.14%, - , 73.98 
pub_rec,num_bc_sats,-3.68%,3.68%,2.88%,0.43%, 0.00 , 2.77 
verification_status,mths_since_last_major_derog,-3.67%,3.67%,9.68%,1.14%, - , 73.98 
mths_since_last_major_derog,open_rv_12m,3.67%,3.67%,1.14%,5.27%, 73.98 , 40.42 
percent_bc_gt_75,pub_rec_bankruptcies,-3.67%,3.67%,7.83%,2.17%, 3.43 , 0.07 
mths_since_recent_revol_delinq,num_tl_120dpd_2m,-3.66%,3.66%,0.67%,0.22%, 66.98 , 7.13 
open_acc,year_issued,3.66%,3.66%,1.78%,14.60%, 0.00 , - 
zip_code,num_actv_rev_tl,-3.66%,3.66%,0.06%,5.07%, - , 3.33 
mths_since_last_record,mo_sin_rcnt_tl,3.65%,3.65%,2.03%,5.35%, 84.01 , 3.33 
grade,total_bal_il,3.64%,3.64%,22.19%,0.20%, - , 40.42 
inq_last_12m,year_issued,-3.64%,3.64%,6.37%,14.60%, 40.42 , - 
zip_code,num_op_rev_tl,-3.64%,3.64%,0.06%,2.36%, - , 3.33 
delinq_amnt,num_tl_30dpd,3.63%,3.63%,0.59%,0.48%, 0.00 , 3.33 
verification_status,total_bal_il,3.63%,3.63%,9.68%,0.20%, - , 40.42 
il_util,pct_tl_nvr_dlq,-3.63%,3.63%,5.89%,0.37%, 48.95 , 3.33 
pub_rec,open_il_12m,3.63%,3.63%,2.88%,6.05%, 0.00 , 40.42 
avg_cur_bal,bc_open_to_buy,3.63%,3.63%,5.62%,8.08%, 3.33 , 3.40 
inq_last_6mths,open_act_il,3.61%,3.61%,7.88%,0.89%, 0.00 , 40.42 
num_actv_rev_tl,year_issued,-3.61%,3.61%,5.07%,14.60%, 3.33 , - 
total_bal_il,num_actv_rev_tl,3.61%,3.61%,0.20%,5.07%, 40.42 , 3.33 
int_rate,total_bal_il,3.61%,3.61%,19.85%,0.20%, - , 40.42 
total_bal_ex_mort,year_issued,3.60%,3.60%,1.03%,14.60%, 2.36 , - 
mths_since_last_delinq,open_acc,-3.59%,3.59%,1.30%,1.78%, 50.89 , 0.00 
inq_fi,year_issued,3.58%,3.58%,3.68%,14.60%, 40.42 , - 
mths_since_last_delinq,delinq_amnt,-3.58%,3.58%,1.30%,0.59%, 50.89 , 0.00 
purpose,total_bal_ex_mort,-3.57%,3.57%,1.37%,1.03%, - , 2.36 
purpose,num_accts_ever_120_pd,3.56%,3.56%,1.37%,0.85%, - , 3.33 
collections_12_mths_ex_med,max_bal_bc,-3.56%,3.56%,1.01%,3.23%, 0.01 , 40.42 
mths_since_recent_bc_dlq,num_tl_120dpd_2m,-3.55%,3.55%,0.31%,0.22%, 76.74 , 7.13 
inq_last_6mths,total_bal_ex_mort,3.55%,3.55%,7.88%,1.03%, 0.00 , 2.36 
zip_code,num_actv_bc_tl,-3.55%,3.55%,0.06%,2.34%, - , 3.33 
zip_code,mths_since_recent_revol_delinq,3.55%,3.55%,0.06%,0.67%, - , 66.98 
pub_rec,mo_sin_old_il_acct,3.53%,3.53%,2.88%,2.12%, 0.00 , 6.37 
installment,mo_sin_rcnt_rev_tl_op,3.52%,3.52%,3.00%,5.12%, - , 3.33 
emp_title,max_bal_bc,-3.52%,3.52%,2.52%,3.23%, 6.96 , 40.42 
pub_rec_bankruptcies,year_issued,3.51%,3.51%,2.17%,14.60%, 0.07 , - 
zip_code,open_il_24m,3.51%,3.51%,0.06%,6.07%, - , 40.42 
installment,mths_since_recent_bc_dlq,-3.51%,3.51%,3.00%,0.31%, - , 76.74 
tot_coll_amt,percent_bc_gt_75,-3.50%,3.50%,0.15%,7.83%, 3.33 , 3.43 
mths_since_last_delinq,num_sats,-3.50%,3.50%,1.30%,1.84%, 50.89 , 2.77 
pub_rec_bankruptcies,total_il_high_credit_limit,-3.49%,3.49%,2.17%,1.21%, 0.07 , 3.33 
all_util,num_actv_bc_tl,-3.49%,3.49%,7.38%,2.34%, 40.43 , 3.33 
addr_state,mo_sin_old_il_acct,3.48%,3.48%,0.36%,2.12%, - , 6.37 
mths_since_last_major_derog,tot_coll_amt,3.48%,3.48%,1.14%,0.15%, 73.98 , 3.33 
emp_length,total_cu_tl,-3.47%,3.47%,2.21%,0.93%, 6.09 , 40.42 
mths_since_last_record,num_sats,3.47%,3.47%,2.03%,1.84%, 84.01 , 2.77 
revol_bal,mths_since_recent_revol_delinq,-3.47%,3.47%,1.79%,0.67%, - , 66.98 
chargeoff_within_12_mths,num_tl_120dpd_2m,3.46%,3.46%,0.21%,0.22%, 0.01 , 7.13 
mo_sin_old_il_acct,num_actv_bc_tl,3.46%,3.46%,2.12%,2.34%, 6.37 , 3.33 
bc_util,mths_since_recent_bc_dlq,3.46%,3.46%,7.59%,0.31%, 3.46 , 76.74 
pub_rec,num_actv_bc_tl,-3.46%,3.46%,2.88%,2.34%, 0.00 , 3.33 
dti,inq_last_12m,3.46%,3.46%,7.83%,6.37%, - , 40.42 
title,all_util,-3.45%,3.45%,2.77%,7.38%, 1.05 , 40.43 
num_actv_bc_tl,num_tl_90g_dpd_24m,-3.45%,3.45%,2.34%,1.22%, 3.33 , 3.33 
mort_acc,num_tl_90g_dpd_24m,3.45%,3.45%,3.24%,1.22%, 2.36 , 3.33 
mths_since_last_delinq,total_il_high_credit_limit,-3.44%,3.44%,1.30%,1.21%, 50.89 , 3.33 
mths_since_rcnt_il,open_rv_12m,-3.44%,3.44%,3.24%,5.27%, 42.30 , 40.42 
inq_fi,total_bc_limit,-3.44%,3.44%,3.68%,7.27%, 40.42 , 2.36 
desc,mort_acc,-3.43%,3.43%,1.96%,3.24%, 94.16 , 2.36 
delinq_2yrs,num_bc_sats,-3.42%,3.42%,1.91%,0.43%, 0.00 , 2.77 
inq_last_6mths,mths_since_recent_revol_delinq,3.42%,3.42%,7.88%,0.67%, 0.00 , 66.98 
open_acc_6m,year_issued,-3.42%,3.42%,6.07%,14.60%, 40.42 , - 
mths_since_rcnt_il,mths_since_recent_bc_dlq,-3.40%,3.40%,3.24%,0.31%, 42.30 , 76.74 
verification_status,desc,-3.40%,3.40%,9.68%,1.96%, - , 94.16 
inq_fi,mths_since_recent_revol_delinq,3.39%,3.39%,3.68%,0.67%, 40.42 , 66.98 
zip_code,delinq_2yrs,-3.39%,3.39%,0.06%,1.91%, - , 0.00 
emp_length,num_op_rev_tl,-3.38%,3.38%,2.21%,2.36%, 6.09 , 3.33 
emp_length,open_act_il,-3.38%,3.38%,2.21%,0.89%, 6.09 , 40.42 
mths_since_rcnt_il,mths_since_recent_revol_delinq,-3.38%,3.38%,3.24%,0.67%, 42.30 , 66.98 
collections_12_mths_ex_med,chargeoff_within_12_mths,3.38%,3.38%,1.01%,0.21%, 0.01 , 0.01 
open_rv_12m,mo_sin_old_rev_tl_op,-3.38%,3.38%,5.27%,3.56%, 40.42 , 3.33 
int_rate,num_tl_90g_dpd_24m,3.38%,3.38%,19.85%,1.22%, - , 3.33 
emp_title,il_util,-3.37%,3.37%,2.52%,5.89%, 6.96 , 48.95 
zip_code,num_bc_sats,-3.37%,3.37%,0.06%,0.43%, - , 2.77 
mo_sin_old_il_acct,num_bc_sats,3.37%,3.37%,2.12%,0.43%, 6.37 , 2.77 
home_ownership,inq_last_6mths,-3.36%,3.36%,5.05%,7.88%, - , 0.00 
pub_rec,percent_bc_gt_75,-3.36%,3.36%,2.88%,7.83%, 0.00 , 3.43 
purpose,mths_since_recent_inq,-3.36%,3.36%,1.37%,5.32%, - , 13.08 
verification_status,total_acc,3.36%,3.36%,9.68%,1.58%, - , 0.00 
mo_sin_rcnt_rev_tl_op,num_accts_ever_120_pd,-3.34%,3.34%,5.12%,0.85%, 3.33 , 3.33 
emp_length,num_il_tl,-3.34%,3.34%,2.21%,1.03%, 6.09 , 3.33 
mths_since_last_major_derog,max_bal_bc,3.34%,3.34%,1.14%,3.23%, 73.98 , 40.42 
initial_list_status,open_rv_12m,-3.34%,3.34%,6.85%,5.27%, - , 40.42 
inq_last_6mths,tot_hi_cred_lim,3.34%,3.34%,7.88%,6.20%, 0.00 , 3.33 
annual_inc,mths_since_recent_revol_delinq,-3.33%,3.33%,3.54%,0.67%, - , 66.98 
delinq_2yrs,num_bc_tl,3.32%,3.32%,1.91%,1.56%, 0.00 , 3.33 
tot_cur_bal,mo_sin_rcnt_rev_tl_op,3.32%,3.32%,5.24%,5.12%, 3.33 , 3.33 
desc,bc_open_to_buy,3.32%,3.32%,1.96%,8.08%, 94.16 , 3.40 
open_il_12m,num_op_rev_tl,3.32%,3.32%,6.05%,2.36%, 40.42 , 3.33 
mo_sin_old_rev_tl_op,mo_sin_rcnt_tl,3.31%,3.31%,3.56%,5.35%, 3.33 , 3.33 
open_il_24m,bc_open_to_buy,3.31%,3.31%,6.07%,8.08%, 40.42 , 3.40 
dti,open_acc_6m,3.31%,3.31%,7.83%,6.07%, - , 40.42 
mths_since_last_delinq,tot_coll_amt,3.31%,3.31%,1.30%,0.15%, 50.89 , 3.33 
inq_last_12m,bc_open_to_buy,3.31%,3.31%,6.37%,8.08%, 40.42 , 3.40 
revol_bal,num_tl_90g_dpd_24m,-3.30%,3.30%,1.79%,1.22%, - , 3.33 
inq_last_6mths,tot_cur_bal,3.30%,3.30%,7.88%,5.24%, 0.00 , 3.33 
annual_inc,mo_sin_rcnt_rev_tl_op,3.29%,3.29%,3.54%,5.12%, - , 3.33 
loan_amnt,mths_since_recent_bc_dlq,-3.29%,3.29%,2.68%,0.31%, - , 76.74 
funded_amnt,mths_since_recent_bc_dlq,-3.29%,3.29%,2.68%,0.31%, - , 76.74 
funded_amnt_inv,mths_since_recent_bc_dlq,-3.28%,3.28%,2.64%,0.31%, - , 76.74 
acc_open_past_24mths,year_issued,3.28%,3.28%,8.87%,14.60%, 2.36 , - 
inq_last_12m,mths_since_recent_bc_dlq,3.28%,3.28%,6.37%,0.31%, 40.42 , 76.74 
initial_list_status,open_rv_24m,-3.27%,3.27%,6.85%,6.91%, - , 40.42 
total_rev_hi_lim,num_il_tl,3.26%,3.26%,5.74%,1.03%, 3.33 , 3.33 
sub_grade,open_act_il,3.26%,3.26%,22.50%,0.89%, - , 40.42 
verification_status,title,3.25%,3.25%,9.68%,2.77%, - , 1.05 
installment,open_il_24m,3.24%,3.24%,3.00%,6.07%, - , 40.42 
pub_rec_bankruptcies,tax_liens,3.24%,3.24%,2.17%,1.36%, 0.07 , 0.00 
installment,mths_since_recent_revol_delinq,-3.23%,3.23%,3.00%,0.67%, - , 66.98 
initial_list_status,num_bc_sats,3.22%,3.22%,6.85%,0.43%, - , 2.77 
desc,acc_open_past_24mths,3.22%,3.22%,1.96%,8.87%, 94.16 , 2.36 
open_rv_24m,year_issued,-3.21%,3.21%,6.91%,14.60%, 40.42 , - 
emp_length,num_bc_tl,-3.21%,3.21%,2.21%,1.56%, 6.09 , 3.33 
tot_coll_amt,total_rev_hi_lim,-3.21%,3.21%,0.15%,5.74%, 3.33 , 3.33 
desc,open_acc,3.21%,3.21%,1.96%,1.78%, 94.16 , 0.00 
tot_coll_amt,bc_util,-3.20%,3.20%,0.15%,7.59%, 3.33 , 3.46 
mths_since_rcnt_il,mo_sin_old_rev_tl_op,3.20%,3.20%,3.24%,3.56%, 42.30 , 3.33 
il_util,num_tl_90g_dpd_24m,3.20%,3.20%,5.89%,1.22%, 48.95 , 3.33 
bc_util,pub_rec_bankruptcies,-3.19%,3.19%,7.59%,2.17%, 3.46 , 0.07 
total_bal_il,num_actv_bc_tl,3.19%,3.19%,0.20%,2.34%, 40.42 , 3.33 
addr_state,total_cu_tl,3.19%,3.19%,0.36%,0.93%, - , 40.42 
installment,year_issued,3.19%,3.19%,3.00%,14.60%, - , - 
title,total_acc,-3.17%,3.17%,2.77%,1.58%, 1.05 , 0.00 
num_accts_ever_120_pd,num_actv_rev_tl,-3.16%,3.16%,0.85%,5.07%, 3.33 , 3.33 
mths_since_last_major_derog,bc_open_to_buy,3.16%,3.16%,1.14%,8.08%, 73.98 , 3.40 
sub_grade,total_acc,-3.16%,3.16%,22.50%,1.58%, - , 0.00 
purpose,mths_since_recent_bc,3.16%,3.16%,1.37%,4.36%, - , 3.34 
num_tl_30dpd,pct_tl_nvr_dlq,-3.15%,3.15%,0.48%,0.37%, 3.33 , 3.33 
title,open_il_12m,3.15%,3.15%,2.77%,6.05%, 1.05 , 40.42 
title,inq_last_12m,3.15%,3.15%,2.77%,6.37%, 1.05 , 40.42 
home_ownership,mths_since_recent_bc,-3.15%,3.15%,5.05%,4.36%, - , 3.34 
purpose,inq_last_6mths,3.15%,3.15%,1.37%,7.88%, - , 0.00 
zip_code,pct_tl_nvr_dlq,3.14%,3.14%,0.06%,0.37%, - , 3.33 
mths_since_last_record,mths_since_last_major_derog,3.14%,3.14%,2.03%,1.14%, 84.01 , 73.98 
annual_inc,verification_status,3.13%,3.13%,3.54%,9.68%, - , - 
mths_since_last_record,mo_sin_rcnt_rev_tl_op,3.13%,3.13%,2.03%,5.12%, 84.01 , 3.33 
verification_status,purpose,3.13%,3.13%,9.68%,1.37%, - , - 
addr_state,mths_since_last_record,-3.12%,3.12%,0.36%,2.03%, - , 84.01 
revol_util,collections_12_mths_ex_med,-3.12%,3.12%,6.95%,1.01%, 0.08 , 0.01 
open_il_12m,bc_open_to_buy,3.12%,3.12%,6.05%,8.08%, 40.42 , 3.40 
mths_since_last_major_derog,total_bc_limit,3.12%,3.12%,1.14%,7.27%, 73.98 , 2.36 
num_tl_90g_dpd_24m,total_il_high_credit_limit,3.12%,3.12%,1.22%,1.21%, 3.33 , 3.33 
revol_util,total_il_high_credit_limit,3.12%,3.12%,6.95%,1.21%, 0.08 , 3.33 
delinq_2yrs,mo_sin_rcnt_rev_tl_op,3.12%,3.12%,1.91%,5.12%, 0.00 , 3.33 
int_rate,open_act_il,3.12%,3.12%,19.85%,0.89%, - , 40.42 
open_rv_24m,mo_sin_old_il_acct,-3.12%,3.12%,6.91%,2.12%, 40.42 , 6.37 
emp_length,delinq_2yrs,-3.11%,3.11%,2.21%,1.91%, 6.09 , 0.00 
chargeoff_within_12_mths,mort_acc,3.11%,3.11%,0.21%,3.24%, 0.01 , 2.36 
title,pct_tl_nvr_dlq,-3.11%,3.11%,2.77%,0.37%, 1.05 , 3.33 
mths_since_last_delinq,num_actv_bc_tl,3.11%,3.11%,1.30%,2.34%, 50.89 , 3.33 
mths_since_last_delinq,year_issued,3.11%,3.11%,1.30%,14.60%, 50.89 , - 
acc_open_past_24mths,num_tl_90g_dpd_24m,-3.08%,3.08%,8.87%,1.22%, 2.36 , 3.33 
funded_amnt_inv,open_act_il,3.08%,3.08%,2.64%,0.89%, - , 40.42 
loan_amnt,open_act_il,3.08%,3.08%,2.68%,0.89%, - , 40.42 
funded_amnt,open_act_il,3.08%,3.08%,2.68%,0.89%, - , 40.42 
mort_acc,pct_tl_nvr_dlq,-3.08%,3.08%,3.24%,0.37%, 2.36 , 3.33 
emp_title,verification_status,3.08%,3.08%,2.52%,9.68%, 6.96 , - 
revol_bal,tot_coll_amt,-3.07%,3.07%,1.79%,0.15%, - , 3.33 
mo_sin_rcnt_tl,pct_tl_nvr_dlq,-3.07%,3.07%,5.35%,0.37%, 3.33 , 3.33 
mths_since_rcnt_il,pub_rec_bankruptcies,-3.07%,3.07%,3.24%,2.17%, 42.30 , 0.07 
mths_since_rcnt_il,num_bc_sats,-3.07%,3.07%,3.24%,0.43%, 42.30 , 2.77 
num_accts_ever_120_pd,pub_rec_bankruptcies,-3.06%,3.06%,0.85%,2.17%, 3.33 , 0.07 
open_il_12m,num_actv_bc_tl,-3.06%,3.06%,6.05%,2.34%, 40.42 , 3.33 
mths_since_recent_inq,num_actv_bc_tl,-3.06%,3.06%,5.32%,2.34%, 13.08 , 3.33 
total_cu_tl,num_rev_tl_bal_gt_0,3.05%,3.05%,0.93%,5.06%, 40.42 , 3.33 
mo_sin_old_rev_tl_op,num_tl_90g_dpd_24m,3.05%,3.05%,3.56%,1.22%, 3.33 , 3.33 
home_ownership,il_util,3.05%,3.05%,5.05%,5.89%, - , 48.95 
all_util,mo_sin_rcnt_tl,3.04%,3.04%,7.38%,5.35%, 40.43 , 3.33 
mths_since_last_record,mths_since_recent_bc,3.04%,3.04%,2.03%,4.36%, 84.01 , 3.34 
open_act_il,max_bal_bc,3.04%,3.04%,0.89%,3.23%, 40.42 , 40.42 
grade,open_act_il,3.04%,3.04%,22.19%,0.89%, - , 40.42 
verification_status,max_bal_bc,3.04%,3.04%,9.68%,3.23%, - , 40.42 
purpose,inq_last_12m,3.04%,3.04%,1.37%,6.37%, - , 40.42 
funded_amnt_inv,open_rv_24m,-3.04%,3.04%,2.64%,6.91%, - , 40.42 
loan_amnt,open_rv_24m,-3.03%,3.03%,2.68%,6.91%, - , 40.42 
funded_amnt,open_rv_24m,-3.03%,3.03%,2.68%,6.91%, - , 40.42 
installment,inq_last_12m,3.03%,3.03%,3.00%,6.37%, - , 40.42 
revol_bal,mths_since_recent_bc,3.03%,3.03%,1.79%,4.36%, - , 3.34 
initial_list_status,open_acc_6m,-3.03%,3.03%,6.85%,6.07%, - , 40.42 
dti,year_issued,3.02%,3.02%,7.83%,14.60%, - , - 
delinq_2yrs,inq_last_12m,3.01%,3.01%,1.91%,6.37%, 0.00 , 40.42 
title,total_il_high_credit_limit,-3.01%,3.01%,2.77%,1.21%, 1.05 , 3.33 
term,inq_last_12m,2.99%,2.99%,9.11%,6.37%, - , 40.42 
revol_bal,mths_since_recent_bc_dlq,-2.99%,2.99%,1.79%,0.31%, - , 76.74 
num_bc_sats,year_issued,2.99%,2.99%,0.43%,14.60%, 2.77 , - 
bc_util,mths_since_recent_revol_delinq,2.97%,2.97%,7.59%,0.67%, 3.46 , 66.98 
il_util,num_op_rev_tl,-2.96%,2.96%,5.89%,2.36%, 48.95 , 3.33 
chargeoff_within_12_mths,mo_sin_old_rev_tl_op,2.96%,2.96%,0.21%,3.56%, 0.01 , 3.33 
desc,pub_rec,2.94%,2.94%,1.96%,2.88%, 94.16 , 0.00 
mths_since_last_record,revol_util,2.94%,2.94%,2.03%,6.95%, 84.01 , 0.08 
emp_length,num_bc_sats,-2.92%,2.92%,2.21%,0.43%, 6.09 , 2.77 
term,inq_fi,2.91%,2.91%,9.11%,3.68%, - , 40.42 
emp_length,num_actv_bc_tl,-2.91%,2.91%,2.21%,2.34%, 6.09 , 3.33 
bc_open_to_buy,mo_sin_old_il_acct,2.91%,2.91%,8.08%,2.12%, 3.40 , 6.37 
desc,num_rev_accts,-2.90%,2.90%,1.96%,2.22%, 94.16 , 3.33 
mths_since_last_record,inq_fi,-2.90%,2.90%,2.03%,3.68%, 84.01 , 40.42 
emp_title,mths_since_rcnt_il,2.89%,2.89%,2.52%,3.24%, 6.96 , 42.30 
verification_status,mo_sin_rcnt_tl,-2.89%,2.89%,9.68%,5.35%, - , 3.33 
delinq_2yrs,all_util,2.89%,2.89%,1.91%,7.38%, 0.00 , 40.43 
desc,total_il_high_credit_limit,2.89%,2.89%,1.96%,1.21%, 94.16 , 3.33 
zip_code,mths_since_recent_bc_dlq,2.89%,2.89%,0.06%,0.31%, - , 76.74 
annual_inc,mths_since_recent_bc,2.89%,2.89%,3.54%,4.36%, - , 3.34 
mo_sin_old_il_acct,year_issued,-2.88%,2.88%,2.12%,14.60%, 6.37 , - 
max_bal_bc,mths_since_recent_bc_dlq,-2.88%,2.88%,3.23%,0.31%, 40.42 , 76.74 
dti,mths_since_last_major_derog,2.88%,2.88%,7.83%,1.14%, - , 73.98 
open_il_24m,total_rev_hi_lim,2.88%,2.88%,6.07%,5.74%, 40.42 , 3.33 
emp_length,mths_since_recent_bc_dlq,2.88%,2.88%,2.21%,0.31%, 6.09 , 76.74 
purpose,open_rv_24m,-2.87%,2.87%,1.37%,6.91%, - , 40.42 
zip_code,pub_rec_bankruptcies,2.87%,2.87%,0.06%,2.17%, - , 0.07 
purpose,inq_fi,2.87%,2.87%,1.37%,3.68%, - , 40.42 
annual_inc,mo_sin_rcnt_tl,-2.86%,2.86%,3.54%,5.35%, - , 3.33 
mo_sin_rcnt_rev_tl_op,total_bc_limit,-2.86%,2.86%,5.12%,7.27%, 3.33 , 2.36 
title,num_bc_tl,-2.86%,2.86%,2.77%,1.56%, 1.05 , 3.33 
loan_amnt,mths_since_recent_revol_delinq,-2.86%,2.86%,2.68%,0.67%, - , 66.98 
funded_amnt,mths_since_recent_revol_delinq,-2.86%,2.86%,2.68%,0.67%, - , 66.98 
mths_since_last_major_derog,num_bc_sats,2.86%,2.86%,1.14%,0.43%, 73.98 , 2.77 
initial_list_status,mths_since_recent_inq,2.86%,2.86%,6.85%,5.32%, - , 13.08 
mths_since_recent_inq,pct_tl_nvr_dlq,2.86%,2.86%,5.32%,0.37%, 13.08 , 3.33 
funded_amnt_inv,mths_since_recent_revol_delinq,-2.86%,2.86%,2.64%,0.67%, - , 66.98 
mths_since_recent_inq,year_issued,2.86%,2.86%,5.32%,14.60%, 13.08 , - 
mths_since_last_record,open_acc,2.85%,2.85%,2.03%,1.78%, 84.01 , 0.00 
tot_coll_amt,mo_sin_old_rev_tl_op,2.85%,2.85%,0.15%,3.56%, 3.33 , 3.33 
chargeoff_within_12_mths,num_bc_tl,2.85%,2.85%,0.21%,1.56%, 0.01 , 3.33 
inq_last_6mths,num_tl_90g_dpd_24m,2.85%,2.85%,7.88%,1.22%, 0.00 , 3.33 
mths_since_recent_bc,num_tl_90g_dpd_24m,2.84%,2.84%,4.36%,1.22%, 3.34 , 3.33 
home_ownership,purpose,2.84%,2.84%,5.05%,1.37%, - , - 
grade,total_acc,-2.83%,2.83%,22.19%,1.58%, - , 0.00 
title,bc_open_to_buy,-2.83%,2.83%,2.77%,8.08%, 1.05 , 3.40 
delinq_2yrs,total_bal_ex_mort,2.83%,2.83%,1.91%,1.03%, 0.00 , 2.36 
verification_status,total_cu_tl,2.83%,2.83%,9.68%,0.93%, - , 40.42 
emp_title,avg_cur_bal,-2.83%,2.83%,2.52%,5.62%, 6.96 , 3.33 
revol_util,tot_hi_cred_lim,2.82%,2.82%,6.95%,6.20%, 0.08 , 3.33 
mort_acc,mths_since_recent_bc_dlq,-2.82%,2.82%,3.24%,0.31%, 2.36 , 76.74 
purpose,open_il_12m,2.82%,2.82%,1.37%,6.05%, - , 40.42 
annual_inc,tax_liens,2.81%,2.81%,3.54%,1.36%, - , 0.00 
initial_list_status,avg_cur_bal,2.81%,2.81%,6.85%,5.62%, - , 3.33 
mo_sin_old_rev_tl_op,percent_bc_gt_75,2.80%,2.80%,3.56%,7.83%, 3.33 , 3.43 
emp_length,revol_util,-2.79%,2.79%,2.21%,6.95%, 6.09 , 0.08 
collections_12_mths_ex_med,percent_bc_gt_75,-2.79%,2.79%,1.01%,7.83%, 0.01 , 3.43 
collections_12_mths_ex_med,year_issued,2.78%,2.78%,1.01%,14.60%, 0.01 , - 
revol_util,pct_tl_nvr_dlq,-2.78%,2.78%,6.95%,0.37%, 0.08 , 3.33 
bc_util,pct_tl_nvr_dlq,-2.78%,2.78%,7.59%,0.37%, 3.46 , 3.33 
mort_acc,mths_since_recent_revol_delinq,-2.77%,2.77%,3.24%,0.67%, 2.36 , 66.98 
mths_since_last_record,chargeoff_within_12_mths,-2.77%,2.77%,2.03%,0.21%, 84.01 , 0.01 
inq_last_12m,mths_since_recent_revol_delinq,2.77%,2.77%,6.37%,0.67%, 40.42 , 66.98 
term,acc_open_past_24mths,2.75%,2.75%,9.11%,8.87%, - , 2.36 
initial_list_status,il_util,-2.74%,2.74%,6.85%,5.89%, - , 48.95 
revol_util,mo_sin_old_rev_tl_op,2.74%,2.74%,6.95%,3.56%, 0.08 , 3.33 
mths_since_last_major_derog,num_il_tl,-2.74%,2.74%,1.14%,1.03%, 73.98 , 3.33 
installment,initial_list_status,2.74%,2.74%,3.00%,6.85%, - , - 
revol_bal,inq_last_12m,-2.74%,2.74%,1.79%,6.37%, - , 40.42 
delinq_2yrs,delinq_amnt,2.73%,2.73%,1.91%,0.59%, 0.00 , 0.00 
loan_amnt,open_il_24m,2.72%,2.72%,2.68%,6.07%, - , 40.42 
funded_amnt,open_il_24m,2.72%,2.72%,2.68%,6.07%, - , 40.42 
funded_amnt_inv,open_il_24m,2.72%,2.72%,2.64%,6.07%, - , 40.42 
installment,dti,2.72%,2.72%,3.00%,7.83%, - , - 
open_il_24m,year_issued,-2.71%,2.71%,6.07%,14.60%, 40.42 , - 
verification_status,mths_since_rcnt_il,-2.70%,2.70%,9.68%,3.24%, - , 42.30 
inq_last_6mths,pct_tl_nvr_dlq,-2.70%,2.70%,7.88%,0.37%, 0.00 , 3.33 
emp_title,pub_rec_bankruptcies,2.69%,2.69%,2.52%,2.17%, 6.96 , 0.07 
term,il_util,2.68%,2.68%,9.11%,5.89%, - , 48.95 
int_rate,revol_bal,-2.68%,2.68%,19.85%,1.79%, - , - 
purpose,mort_acc,-2.68%,2.68%,1.37%,3.24%, - , 2.36 
zip_code,avg_cur_bal,2.66%,2.66%,0.06%,5.62%, - , 3.33 
num_actv_bc_tl,percent_bc_gt_75,2.66%,2.66%,2.34%,7.83%, 3.33 , 3.43 
open_act_il,pub_rec_bankruptcies,-2.66%,2.66%,0.89%,2.17%, 40.42 , 0.07 
installment,mths_since_last_delinq,-2.66%,2.66%,3.00%,1.30%, - , 50.89 
delinq_2yrs,mths_since_recent_inq,-2.65%,2.65%,1.91%,5.32%, 0.00 , 13.08 
revol_bal,initial_list_status,2.65%,2.65%,1.79%,6.85%, - , - 
pct_tl_nvr_dlq,tax_liens,-2.65%,2.65%,0.37%,1.36%, 3.33 , 0.00 
num_rev_accts,num_tl_90g_dpd_24m,2.65%,2.65%,2.22%,1.22%, 3.33 , 3.33 
desc,total_bal_ex_mort,2.65%,2.65%,1.96%,1.03%, 94.16 , 2.36 
num_bc_sats,num_tl_90g_dpd_24m,-2.64%,2.64%,0.43%,1.22%, 2.77 , 3.33 
emp_title,pub_rec,2.64%,2.64%,2.52%,2.88%, 6.96 , 0.00 
desc,pub_rec_bankruptcies,2.64%,2.64%,1.96%,2.17%, 94.16 , 0.07 
term,open_rv_12m,-2.63%,2.63%,9.11%,5.27%, - , 40.42 
emp_length,pct_tl_nvr_dlq,2.63%,2.63%,2.21%,0.37%, 6.09 , 3.33 
collections_12_mths_ex_med,bc_util,-2.63%,2.63%,1.01%,7.59%, 0.01 , 3.46 
pub_rec,open_act_il,-2.62%,2.62%,2.88%,0.89%, 0.00 , 40.42 
num_rev_tl_bal_gt_0,num_tl_90g_dpd_24m,-2.62%,2.62%,5.06%,1.22%, 3.33 , 3.33 
title,inq_fi,2.62%,2.62%,2.77%,3.68%, 1.05 , 40.42 
open_il_12m,year_issued,-2.62%,2.62%,6.05%,14.60%, 40.42 , - 
mths_since_last_major_derog,mths_since_rcnt_il,-2.62%,2.62%,1.14%,3.24%, 73.98 , 42.30 
dti,tot_hi_cred_lim,2.61%,2.61%,7.83%,6.20%, - , 3.33 
dti,tax_liens,-2.61%,2.61%,7.83%,1.36%, - , 0.00 
initial_list_status,mo_sin_old_rev_tl_op,2.61%,2.61%,6.85%,3.56%, - , 3.33 
num_accts_ever_120_pd,num_rev_tl_bal_gt_0,-2.60%,2.60%,0.85%,5.06%, 3.33 , 3.33 
emp_length,mths_since_recent_revol_delinq,2.60%,2.60%,2.21%,0.67%, 6.09 , 66.98 
open_rv_12m,year_issued,-2.60%,2.60%,5.27%,14.60%, 40.42 , - 
tot_coll_amt,open_rv_24m,2.59%,2.59%,0.15%,6.91%, 3.33 , 40.42 
num_sats,pub_rec_bankruptcies,-2.59%,2.59%,1.84%,2.17%, 2.77 , 0.07 
purpose,mo_sin_old_rev_tl_op,-2.59%,2.59%,1.37%,3.56%, - , 3.33 
desc,num_tl_op_past_12m,2.59%,2.59%,1.96%,7.72%, 94.16 , 3.33 
home_ownership,initial_list_status,-2.59%,2.59%,5.05%,6.85%, - , - 
initial_list_status,inq_last_12m,-2.58%,2.58%,6.85%,6.37%, - , 40.42 
issue_d,mths_since_last_record,2.58%,2.58%,1.78%,2.03%, - , 84.01 
mths_since_rcnt_il,total_rev_hi_lim,-2.58%,2.58%,3.24%,5.74%, 42.30 , 3.33 
avg_cur_bal,mths_since_recent_revol_delinq,-2.58%,2.58%,5.62%,0.67%, 3.33 , 66.98 
mths_since_recent_bc_dlq,percent_bc_gt_75,2.57%,2.57%,0.31%,7.83%, 76.74 , 3.43 
verification_status,total_bc_limit,-2.56%,2.56%,9.68%,7.27%, - , 2.36 
title,num_rev_accts,-2.56%,2.56%,2.77%,2.22%, 1.05 , 3.33 
revol_bal,num_il_tl,2.56%,2.56%,1.79%,1.03%, - , 3.33 
il_util,pub_rec_bankruptcies,2.55%,2.55%,5.89%,2.17%, 48.95 , 0.07 
num_accts_ever_120_pd,percent_bc_gt_75,-2.55%,2.55%,0.85%,7.83%, 3.33 , 3.43 
emp_title,total_bc_limit,-2.55%,2.55%,2.52%,7.27%, 6.96 , 2.36 
zip_code,total_rev_hi_lim,-2.55%,2.55%,0.06%,5.74%, - , 3.33 
collections_12_mths_ex_med,total_bc_limit,-2.54%,2.54%,1.01%,7.27%, 0.01 , 2.36 
term,emp_title,-2.53%,2.53%,9.11%,2.52%, - , 6.96 
initial_list_status,open_il_12m,-2.53%,2.53%,6.85%,6.05%, - , 40.42 
addr_state,pub_rec,-2.53%,2.53%,0.36%,2.88%, - , 0.00 
revol_bal,open_il_12m,-2.53%,2.53%,1.79%,6.05%, - , 40.42 
num_op_rev_tl,num_tl_90g_dpd_24m,-2.53%,2.53%,2.36%,1.22%, 3.33 , 3.33 
mths_since_last_delinq,open_act_il,-2.52%,2.52%,1.30%,0.89%, 50.89 , 40.42 
annual_inc,inq_last_6mths,2.52%,2.52%,3.54%,7.88%, - , 0.00 
bc_open_to_buy,mths_since_recent_inq,-2.51%,2.51%,8.08%,5.32%, 3.40 , 13.08 
mths_since_rcnt_il,max_bal_bc,2.50%,2.50%,3.24%,3.23%, 42.30 , 40.42 
delinq_2yrs,revol_bal,-2.50%,2.50%,1.91%,1.79%, 0.00 , - 
mths_since_last_record,mths_since_rcnt_il,-2.49%,2.49%,2.03%,3.24%, 84.01 , 42.30 
emp_length,mths_since_last_major_derog,2.49%,2.49%,2.21%,1.14%, 6.09 , 73.98 
revol_util,num_accts_ever_120_pd,-2.48%,2.48%,6.95%,0.85%, 0.08 , 3.33 
total_bal_il,mo_sin_old_rev_tl_op,2.47%,2.47%,0.20%,3.56%, 40.42 , 3.33 
open_act_il,avg_cur_bal,-2.47%,2.47%,0.89%,5.62%, 40.42 , 3.33 
funded_amnt_inv,num_tl_op_past_12m,-2.47%,2.47%,2.64%,7.72%, - , 3.33 
loan_amnt,num_tl_op_past_12m,-2.47%,2.47%,2.68%,7.72%, - , 3.33 
funded_amnt,num_tl_op_past_12m,-2.47%,2.47%,2.68%,7.72%, - , 3.33 
funded_amnt_inv,tot_coll_amt,-2.46%,2.46%,2.64%,0.15%, - , 3.33 
revol_bal,mo_sin_rcnt_rev_tl_op,2.46%,2.46%,1.79%,5.12%, - , 3.33 
loan_amnt,tot_coll_amt,-2.46%,2.46%,2.68%,0.15%, - , 3.33 
funded_amnt,tot_coll_amt,-2.46%,2.46%,2.68%,0.15%, - , 3.33 
tot_coll_amt,inq_last_12m,2.46%,2.46%,0.15%,6.37%, 3.33 , 40.42 
funded_amnt_inv,inq_last_6mths,-2.46%,2.46%,2.64%,7.88%, - , 0.00 
mo_sin_old_il_acct,pub_rec_bankruptcies,2.45%,2.45%,2.12%,2.17%, 6.37 , 0.07 
pub_rec,total_il_high_credit_limit,-2.45%,2.45%,2.88%,1.21%, 0.00 , 3.33 
num_accts_ever_120_pd,num_op_rev_tl,-2.45%,2.45%,0.85%,2.36%, 3.33 , 3.33 
dti,mort_acc,-2.45%,2.45%,7.83%,3.24%, - , 2.36 
title,open_il_24m,2.45%,2.45%,2.77%,6.07%, 1.05 , 40.42 
pub_rec,tot_coll_amt,2.45%,2.45%,2.88%,0.15%, 0.00 , 3.33 
pub_rec,il_util,2.45%,2.45%,2.88%,5.89%, 0.00 , 48.95 
home_ownership,revol_util,-2.45%,2.45%,5.05%,6.95%, - , 0.08 
mths_since_last_record,num_actv_bc_tl,2.45%,2.45%,2.03%,2.34%, 84.01 , 3.33 
initial_list_status,mo_sin_rcnt_rev_tl_op,2.45%,2.45%,6.85%,5.12%, - , 3.33 
installment,open_act_il,2.44%,2.44%,3.00%,0.89%, - , 40.42 
mo_sin_rcnt_rev_tl_op,tot_hi_cred_lim,2.44%,2.44%,5.12%,6.20%, 3.33 , 3.33 
home_ownership,mths_since_last_record,-2.43%,2.43%,5.05%,2.03%, - , 84.01 
dti,pub_rec_bankruptcies,-2.41%,2.41%,7.83%,2.17%, - , 0.07 
inq_last_12m,pct_tl_nvr_dlq,-2.41%,2.41%,6.37%,0.37%, 40.42 , 3.33 
emp_title,total_acc,-2.40%,2.40%,2.52%,1.58%, 6.96 , 0.00 
funded_amnt_inv,mo_sin_rcnt_tl,2.40%,2.40%,2.64%,5.35%, - , 3.33 
emp_title,open_il_24m,-2.40%,2.40%,2.52%,6.07%, 6.96 , 40.42 
funded_amnt,mo_sin_rcnt_tl,2.40%,2.40%,2.68%,5.35%, - , 3.33 
loan_amnt,mo_sin_rcnt_tl,2.40%,2.40%,2.68%,5.35%, - , 3.33 
mths_since_last_major_derog,open_il_12m,2.39%,2.39%,1.14%,6.05%, 73.98 , 40.42 
emp_length,mths_since_last_record,2.39%,2.39%,2.21%,2.03%, 6.09 , 84.01 
purpose,delinq_2yrs,2.39%,2.39%,1.37%,1.91%, - , 0.00 
revol_bal,num_tl_op_past_12m,-2.39%,2.39%,1.79%,7.72%, - , 3.33 
addr_state,open_act_il,2.37%,2.37%,0.36%,0.89%, - , 40.42 
open_rv_24m,total_il_high_credit_limit,-2.37%,2.37%,6.91%,1.21%, 40.42 , 3.33 
sub_grade,revol_bal,-2.37%,2.37%,22.50%,1.79%, - , - 
verification_status,pub_rec_bankruptcies,2.37%,2.37%,9.68%,2.17%, - , 0.07 
pub_rec,bc_util,-2.36%,2.36%,2.88%,7.59%, 0.00 , 3.46 
desc,total_bc_limit,2.36%,2.36%,1.96%,7.27%, 94.16 , 2.36 
avg_cur_bal,num_accts_ever_120_pd,2.36%,2.36%,5.62%,0.85%, 3.33 , 3.33 
open_il_24m,num_bc_sats,2.35%,2.35%,6.07%,0.43%, 40.42 , 2.77 
mths_since_last_major_derog,total_il_high_credit_limit,-2.35%,2.35%,1.14%,1.21%, 73.98 , 3.33 
pub_rec,num_sats,-2.35%,2.35%,2.88%,1.84%, 0.00 , 2.77 
all_util,inq_last_12m,2.35%,2.35%,7.38%,6.37%, 40.43 , 40.42 
title,mths_since_recent_inq,-2.35%,2.35%,2.77%,5.32%, 1.05 , 13.08 
tax_liens,total_bc_limit,-2.35%,2.35%,1.36%,7.27%, 0.00 , 2.36 
mths_since_last_record,avg_cur_bal,-2.34%,2.34%,2.03%,5.62%, 84.01 , 3.33 
title,tot_hi_cred_lim,-2.34%,2.34%,2.77%,6.20%, 1.05 , 3.33 
revol_bal,open_acc_6m,-2.34%,2.34%,1.79%,6.07%, - , 40.42 
installment,all_util,2.33%,2.33%,3.00%,7.38%, - , 40.43 
home_ownership,mths_since_recent_revol_delinq,2.33%,2.33%,5.05%,0.67%, - , 66.98 
inq_last_12m,tax_liens,2.33%,2.33%,6.37%,1.36%, 40.42 , 0.00 
delinq_2yrs,num_tl_op_past_12m,-2.32%,2.32%,1.91%,7.72%, 0.00 , 3.33 
sub_grade,tax_liens,2.32%,2.32%,22.50%,1.36%, - , 0.00 
pct_tl_nvr_dlq,tot_hi_cred_lim,2.32%,2.32%,0.37%,6.20%, 3.33 , 3.33 
emp_length,inq_fi,-2.32%,2.32%,2.21%,3.68%, 6.09 , 40.42 
desc,pct_tl_nvr_dlq,-2.30%,2.30%,1.96%,0.37%, 94.16 , 3.33 
total_acc,num_tl_30dpd,2.30%,2.30%,1.58%,0.48%, 0.00 , 3.33 
funded_amnt_inv,dti,2.30%,2.30%,2.64%,7.83%, - , - 
mths_since_last_major_derog,total_bal_il,-2.29%,2.29%,1.14%,0.20%, 73.98 , 40.42 
mo_sin_rcnt_rev_tl_op,mort_acc,2.29%,2.29%,5.12%,3.24%, 3.33 , 2.36 
mths_since_recent_bc_dlq,num_rev_tl_bal_gt_0,2.29%,2.29%,0.31%,5.06%, 76.74 , 3.33 
revol_util,total_cu_tl,2.29%,2.29%,6.95%,0.93%, 0.08 , 40.42 
open_act_il,open_rv_24m,-2.29%,2.29%,0.89%,6.91%, 40.42 , 40.42 
desc,mths_since_last_major_derog,2.29%,2.29%,1.96%,1.14%, 94.16 , 73.98 
emp_title,revol_util,-2.29%,2.29%,2.52%,6.95%, 6.96 , 0.08 
mths_since_last_delinq,total_bal_ex_mort,-2.28%,2.28%,1.30%,1.03%, 50.89 , 2.36 
revol_bal,mo_sin_rcnt_tl,2.28%,2.28%,1.79%,5.35%, - , 3.33 
emp_title,revol_bal,-2.28%,2.28%,2.52%,1.79%, 6.96 , - 
tot_cur_bal,delinq_amnt,2.28%,2.28%,5.24%,0.59%, 3.33 , 0.00 
tot_coll_amt,num_rev_accts,2.27%,2.27%,0.15%,2.22%, 3.33 , 3.33 
tot_hi_cred_lim,year_issued,2.27%,2.27%,6.20%,14.60%, 3.33 , - 
open_rv_24m,num_tl_90g_dpd_24m,-2.27%,2.27%,6.91%,1.22%, 40.42 , 3.33 
zip_code,open_rv_24m,-2.27%,2.27%,0.06%,6.91%, - , 40.42 
delinq_2yrs,mo_sin_rcnt_tl,2.27%,2.27%,1.91%,5.35%, 0.00 , 3.33 
inq_fi,num_bc_sats,2.26%,2.26%,3.68%,0.43%, 40.42 , 2.77 
open_rv_24m,tax_liens,2.25%,2.25%,6.91%,1.36%, 40.42 , 0.00 
verification_status,total_il_high_credit_limit,2.25%,2.25%,9.68%,1.21%, - , 3.33 
num_accts_ever_120_pd,total_bal_ex_mort,2.25%,2.25%,0.85%,1.03%, 3.33 , 2.36 
initial_list_status,num_sats,2.25%,2.25%,6.85%,1.84%, - , 2.77 
verification_status,tax_liens,2.25%,2.25%,9.68%,1.36%, - , 0.00 
verification_status,num_rev_accts,2.25%,2.25%,9.68%,2.22%, - , 3.33 
mths_since_last_major_derog,total_rev_hi_lim,2.24%,2.24%,1.14%,5.74%, 73.98 , 3.33 
mths_since_recent_revol_delinq,percent_bc_gt_75,2.24%,2.24%,0.67%,7.83%, 66.98 , 3.43 
mths_since_recent_revol_delinq,num_rev_accts,-2.24%,2.24%,0.67%,2.22%, 66.98 , 3.33 
mths_since_recent_bc_dlq,num_actv_rev_tl,2.23%,2.23%,0.31%,5.07%, 76.74 , 3.33 
total_cu_tl,num_actv_rev_tl,2.23%,2.23%,0.93%,5.07%, 40.42 , 3.33 
dti,open_rv_24m,2.23%,2.23%,7.83%,6.91%, - , 40.42 
grade,revol_bal,-2.23%,2.23%,22.19%,1.79%, - , - 
grade,tax_liens,2.22%,2.22%,22.19%,1.36%, - , 0.00 
total_bal_il,pub_rec_bankruptcies,-2.22%,2.22%,0.20%,2.17%, 40.42 , 0.07 
num_accts_ever_120_pd,num_sats,2.22%,2.22%,0.85%,1.84%, 3.33 , 2.77 
funded_amnt,percent_bc_gt_75,2.21%,2.21%,2.68%,7.83%, - , 3.43 
funded_amnt,inq_last_6mths,-2.21%,2.21%,2.68%,7.88%, - , 0.00 
total_rev_hi_lim,inq_last_12m,2.21%,2.21%,5.74%,6.37%, 3.33 , 40.42 
purpose,mo_sin_rcnt_rev_tl_op,2.21%,2.21%,1.37%,5.12%, - , 3.33 
loan_amnt,percent_bc_gt_75,2.21%,2.21%,2.68%,7.83%, - , 3.43 
funded_amnt_inv,percent_bc_gt_75,2.21%,2.21%,2.64%,7.83%, - , 3.43 
funded_amnt,dti,2.20%,2.20%,2.68%,7.83%, - , - 
tot_coll_amt,inq_fi,2.20%,2.20%,0.15%,3.68%, 3.33 , 40.42 
mo_sin_rcnt_tl,total_bc_limit,-2.20%,2.20%,5.35%,7.27%, 3.33 , 2.36 
initial_list_status,num_tl_op_past_12m,-2.19%,2.19%,6.85%,7.72%, - , 3.33 
revol_util,total_bal_il,2.19%,2.19%,6.95%,0.20%, 0.08 , 40.42 
inq_last_6mths,total_rev_hi_lim,2.19%,2.19%,7.88%,5.74%, 0.00 , 3.33 
loan_amnt,inq_last_6mths,-2.19%,2.19%,2.68%,7.88%, - , 0.00 
open_acc,num_accts_ever_120_pd,2.18%,2.18%,1.78%,0.85%, 0.00 , 3.33 
initial_list_status,mo_sin_old_il_acct,2.18%,2.18%,6.85%,2.12%, - , 6.37 
tot_coll_amt,open_rv_12m,2.17%,2.17%,0.15%,5.27%, 3.33 , 40.42 
total_acc,pct_tl_nvr_dlq,2.17%,2.17%,1.58%,0.37%, 0.00 , 3.33 
mths_since_recent_inq,num_tl_90g_dpd_24m,-2.17%,2.17%,5.32%,1.22%, 13.08 , 3.33 
loan_amnt,dti,2.17%,2.17%,2.68%,7.83%, - , - 
num_rev_accts,num_tl_30dpd,2.17%,2.17%,2.22%,0.48%, 3.33 , 3.33 
tot_coll_amt,mo_sin_old_il_acct,2.17%,2.17%,0.15%,2.12%, 3.33 , 6.37 
mo_sin_old_rev_tl_op,num_tl_30dpd,2.17%,2.17%,3.56%,0.48%, 3.33 , 3.33 
funded_amnt_inv,num_tl_90g_dpd_24m,-2.16%,2.16%,2.64%,1.22%, - , 3.33 
loan_amnt,num_tl_90g_dpd_24m,-2.16%,2.16%,2.68%,1.22%, - , 3.33 
funded_amnt,num_tl_90g_dpd_24m,-2.16%,2.16%,2.68%,1.22%, - , 3.33 
annual_inc,title,-2.16%,2.16%,3.54%,2.77%, - , 1.05 
issue_d,year_issued,2.16%,2.16%,1.78%,14.60%, - , - 
open_rv_12m,tax_liens,2.16%,2.16%,5.27%,1.36%, 40.42 , 0.00 
tot_coll_amt,num_tl_op_past_12m,2.16%,2.16%,0.15%,7.72%, 3.33 , 3.33 
mo_sin_old_il_acct,tax_liens,2.16%,2.16%,2.12%,1.36%, 6.37 , 0.00 
total_rev_hi_lim,mths_since_recent_inq,-2.16%,2.16%,5.74%,5.32%, 3.33 , 13.08 
inq_fi,num_rev_tl_bal_gt_0,2.15%,2.15%,3.68%,5.06%, 40.42 , 3.33 
purpose,mo_sin_old_il_acct,-2.15%,2.15%,1.37%,2.12%, - , 6.37 
delinq_amnt,tot_hi_cred_lim,2.14%,2.14%,0.59%,6.20%, 0.00 , 3.33 
title,mths_since_recent_bc,2.14%,2.14%,2.77%,4.36%, 1.05 , 3.34 
mo_sin_old_rev_tl_op,num_tl_op_past_12m,-2.14%,2.14%,3.56%,7.72%, 3.33 , 3.33 
mo_sin_rcnt_rev_tl_op,year_issued,2.14%,2.14%,5.12%,14.60%, 3.33 , - 
delinq_2yrs,open_rv_12m,-2.14%,2.14%,1.91%,5.27%, 0.00 , 40.42 
delinq_2yrs,inq_last_6mths,2.13%,2.13%,1.91%,7.88%, 0.00 , 0.00 
inq_last_6mths,mths_since_last_major_derog,-2.13%,2.13%,7.88%,1.14%, 0.00 , 73.98 
installment,mths_since_recent_bc,2.13%,2.13%,3.00%,4.36%, - , 3.34 
delinq_2yrs,open_il_24m,-2.13%,2.13%,1.91%,6.07%, 0.00 , 40.42 
addr_state,open_il_24m,2.13%,2.13%,0.36%,6.07%, - , 40.42 
verification_status,delinq_2yrs,2.13%,2.13%,9.68%,1.91%, - , 0.00 
title,percent_bc_gt_75,-2.12%,2.12%,2.77%,7.83%, 1.05 , 3.43 
tot_coll_amt,bc_open_to_buy,-2.12%,2.12%,0.15%,8.08%, 3.33 , 3.40 
dti,mo_sin_rcnt_rev_tl_op,-2.12%,2.12%,7.83%,5.12%, - , 3.33 
term,mths_since_recent_inq,-2.12%,2.12%,9.11%,5.32%, - , 13.08 
verification_status,num_bc_tl,2.10%,2.10%,9.68%,1.56%, - , 3.33 
purpose,tot_cur_bal,-2.09%,2.09%,1.37%,5.24%, - , 3.33 
zip_code,open_rv_12m,-2.09%,2.09%,0.06%,5.27%, - , 40.42 
installment,mths_since_rcnt_il,-2.09%,2.09%,3.00%,3.24%, - , 42.30 
desc,total_rev_hi_lim,2.08%,2.08%,1.96%,5.74%, 94.16 , 3.33 
sub_grade,collections_12_mths_ex_med,2.08%,2.08%,22.50%,1.01%, - , 0.01 
tot_coll_amt,acc_open_past_24mths,2.08%,2.08%,0.15%,8.87%, 3.33 , 2.36 
purpose,open_il_24m,2.08%,2.08%,1.37%,6.07%, - , 40.42 
term,mths_since_recent_bc,2.08%,2.08%,9.11%,4.36%, - , 3.34 
open_act_il,open_rv_12m,-2.08%,2.08%,0.89%,5.27%, 40.42 , 40.42 
num_actv_bc_tl,num_il_tl,-2.07%,2.07%,2.34%,1.03%, 3.33 , 3.33 
num_tl_op_past_12m,year_issued,2.07%,2.07%,7.72%,14.60%, 3.33 , - 
title,open_act_il,-2.07%,2.07%,2.77%,0.89%, 1.05 , 40.42 
title,tot_cur_bal,-2.05%,2.05%,2.77%,5.24%, 1.05 , 3.33 
purpose,tot_hi_cred_lim,-2.05%,2.05%,1.37%,6.20%, - , 3.33 
int_rate,num_actv_bc_tl,2.05%,2.05%,19.85%,2.34%, - , 3.33 
grade,collections_12_mths_ex_med,2.05%,2.05%,22.19%,1.01%, - , 0.01 
zip_code,open_il_12m,2.05%,2.05%,0.06%,6.05%, - , 40.42 
zip_code,total_bc_limit,-2.05%,2.05%,0.06%,7.27%, - , 2.36 
revol_util,mths_since_recent_revol_delinq,2.05%,2.05%,6.95%,0.67%, 0.08 , 66.98 
term,open_rv_24m,-2.04%,2.04%,9.11%,6.91%, - , 40.42 
mths_since_last_record,initial_list_status,2.04%,2.04%,2.03%,6.85%, 84.01 , - 
avg_cur_bal,delinq_amnt,2.04%,2.04%,5.62%,0.59%, 3.33 , 0.00 
sub_grade,num_il_tl,2.04%,2.04%,22.50%,1.03%, - , 3.33 
open_rv_12m,mort_acc,-2.04%,2.04%,5.27%,3.24%, 40.42 , 2.36 
grade,num_actv_bc_tl,2.04%,2.04%,22.19%,2.34%, - , 3.33 
all_util,tot_hi_cred_lim,2.04%,2.04%,7.38%,6.20%, 40.43 , 3.33 
total_acc,tot_coll_amt,2.03%,2.03%,1.58%,0.15%, 0.00 , 3.33 
initial_list_status,mths_since_last_major_derog,2.03%,2.03%,6.85%,1.14%, - , 73.98 
open_act_il,year_issued,-2.03%,2.03%,0.89%,14.60%, 40.42 , - 
open_il_12m,pct_tl_nvr_dlq,2.03%,2.03%,6.05%,0.37%, 40.42 , 3.33 
total_acc,pub_rec_bankruptcies,2.03%,2.03%,1.58%,2.17%, 0.00 , 0.07 
revol_bal,collections_12_mths_ex_med,-2.02%,2.02%,1.79%,1.01%, - , 0.01 
inq_last_12m,num_tl_90g_dpd_24m,2.01%,2.01%,6.37%,1.22%, 40.42 , 3.33 
dti,il_util,-2.01%,2.01%,7.83%,5.89%, - , 48.95 
desc,delinq_2yrs,2.01%,2.01%,1.96%,1.91%, 94.16 , 0.00 
sub_grade,num_actv_bc_tl,2.00%,2.00%,22.50%,2.34%, - , 3.33 
grade,num_il_tl,2.00%,2.00%,22.19%,1.03%, - , 3.33 
initial_list_status,open_il_24m,-2.00%,2.00%,6.85%,6.07%, - , 40.42 
all_util,num_actv_rev_tl,-2.00%,2.00%,7.38%,5.07%, 40.43 , 3.33 
collections_12_mths_ex_med,open_rv_24m,2.00%,2.00%,1.01%,6.91%, 0.01 , 40.42 
dti,tot_coll_amt,-1.99%,1.99%,7.83%,0.15%, - , 3.33 
home_ownership,year_issued,1.99%,1.99%,5.05%,14.60%, - , - 
delinq_2yrs,total_cu_tl,1.99%,1.99%,1.91%,0.93%, 0.00 , 40.42 
addr_state,mths_since_last_major_derog,-1.99%,1.99%,0.36%,1.14%, - , 73.98 
mort_acc,num_tl_30dpd,1.99%,1.99%,3.24%,0.48%, 2.36 , 3.33 
num_actv_rev_tl,num_tl_90g_dpd_24m,-1.99%,1.99%,5.07%,1.22%, 3.33 , 3.33 
emp_length,pub_rec_bankruptcies,1.99%,1.99%,2.21%,2.17%, 6.09 , 0.07 
delinq_2yrs,pub_rec,-1.98%,1.98%,1.91%,2.88%, 0.00 , 0.00 
installment,open_rv_12m,-1.98%,1.98%,3.00%,5.27%, - , 40.42 
desc,collections_12_mths_ex_med,1.98%,1.98%,1.96%,1.01%, 94.16 , 0.01 
zip_code,revol_bal,-1.98%,1.98%,0.06%,1.79%, - , - 
num_tl_120dpd_2m,pct_tl_nvr_dlq,-1.98%,1.98%,0.22%,0.37%, 7.13 , 3.33 
mths_since_recent_bc_dlq,total_il_high_credit_limit,-1.98%,1.98%,0.31%,1.21%, 76.74 , 3.33 
num_il_tl,percent_bc_gt_75,1.97%,1.97%,1.03%,7.83%, 3.33 , 3.43 
mths_since_recent_revol_delinq,num_bc_tl,1.96%,1.96%,0.67%,1.56%, 66.98 , 3.33 
installment,tot_coll_amt,-1.96%,1.96%,3.00%,0.15%, - , 3.33 
mths_since_recent_revol_delinq,total_il_high_credit_limit,-1.95%,1.95%,0.67%,1.21%, 66.98 , 3.33 
bc_util,num_accts_ever_120_pd,-1.95%,1.95%,7.59%,0.85%, 3.46 , 3.33 
zip_code,open_act_il,-1.95%,1.95%,0.06%,0.89%, - , 40.42 
sub_grade,mths_since_recent_revol_delinq,-1.95%,1.95%,22.50%,0.67%, - , 66.98 
annual_inc,mths_since_last_major_derog,-1.94%,1.94%,3.54%,1.14%, - , 73.98 
verification_status,num_bc_sats,1.94%,1.94%,9.68%,0.43%, - , 2.77 
mths_since_last_record,total_bal_ex_mort,-1.94%,1.94%,2.03%,1.03%, 84.01 , 2.36 
mths_since_last_delinq,num_bc_sats,1.93%,1.93%,1.30%,0.43%, 50.89 , 2.77 
verification_status,mo_sin_rcnt_rev_tl_op,-1.93%,1.93%,9.68%,5.12%, - , 3.33 
addr_state,open_acc,1.93%,1.93%,0.36%,1.78%, - , 0.00 
int_rate,collections_12_mths_ex_med,1.92%,1.92%,19.85%,1.01%, - , 0.01 
avg_cur_bal,mo_sin_rcnt_tl,1.91%,1.91%,5.62%,5.35%, 3.33 , 3.33 
open_rv_12m,total_il_high_credit_limit,-1.91%,1.91%,5.27%,1.21%, 40.42 , 3.33 
revol_bal,delinq_amnt,1.91%,1.91%,1.79%,0.59%, - , 0.00 
tot_cur_bal,open_rv_12m,-1.91%,1.91%,5.24%,5.27%, 3.33 , 40.42 
mths_since_last_record,num_tl_30dpd,-1.91%,1.91%,2.03%,0.48%, 84.01 , 3.33 
mths_since_recent_bc,total_bal_ex_mort,1.90%,1.90%,4.36%,1.03%, 3.34 , 2.36 
zip_code,mort_acc,1.90%,1.90%,0.06%,3.24%, - , 2.36 
installment,acc_open_past_24mths,1.89%,1.89%,3.00%,8.87%, - , 2.36 
pub_rec,total_bal_il,-1.89%,1.89%,2.88%,0.20%, 0.00 , 40.42 
loan_amnt,collections_12_mths_ex_med,-1.89%,1.89%,2.68%,1.01%, - , 0.01 
term,desc,1.88%,1.88%,9.11%,1.96%, - , 94.16 
mths_since_recent_bc_dlq,mths_since_recent_inq,-1.88%,1.88%,0.31%,5.32%, 76.74 , 13.08 
funded_amnt,collections_12_mths_ex_med,-1.88%,1.88%,2.68%,1.01%, - , 0.01 
emp_length,inq_last_12m,-1.88%,1.88%,2.21%,6.37%, 6.09 , 40.42 
grade,num_tl_30dpd,1.88%,1.88%,22.19%,0.48%, - , 3.33 
addr_state,num_sats,1.87%,1.87%,0.36%,1.84%, - , 2.77 
mths_since_last_major_derog,num_tl_30dpd,-1.87%,1.87%,1.14%,0.48%, 73.98 , 3.33 
tot_coll_amt,mths_since_recent_inq,-1.87%,1.87%,0.15%,5.32%, 3.33 , 13.08 
loan_amnt,mths_since_rcnt_il,-1.87%,1.87%,2.68%,3.24%, - , 42.30 
funded_amnt,mths_since_rcnt_il,-1.87%,1.87%,2.68%,3.24%, - , 42.30 
funded_amnt_inv,mths_since_rcnt_il,-1.87%,1.87%,2.64%,3.24%, - , 42.30 
collections_12_mths_ex_med,total_rev_hi_lim,-1.87%,1.87%,1.01%,5.74%, 0.01 , 3.33 
tot_coll_amt,num_actv_bc_tl,-1.86%,1.86%,0.15%,2.34%, 3.33 , 3.33 
all_util,pub_rec_bankruptcies,-1.86%,1.86%,7.38%,2.17%, 40.43 , 0.07 
funded_amnt_inv,collections_12_mths_ex_med,-1.86%,1.86%,2.64%,1.01%, - , 0.01 
emp_length,bc_util,-1.86%,1.86%,2.21%,7.59%, 6.09 , 3.46 
open_acc_6m,mo_sin_old_il_acct,1.86%,1.86%,6.07%,2.12%, 40.42 , 6.37 
sub_grade,num_tl_30dpd,1.86%,1.86%,22.50%,0.48%, - , 3.33 
revol_bal,open_act_il,1.86%,1.86%,1.79%,0.89%, - , 40.42 
addr_state,avg_cur_bal,-1.86%,1.86%,0.36%,5.62%, - , 3.33 
dti,mths_since_recent_bc_dlq,1.85%,1.85%,7.83%,0.31%, - , 76.74 
emp_title,num_bc_tl,1.85%,1.85%,2.52%,1.56%, 6.96 , 3.33 
initial_list_status,num_bc_tl,-1.85%,1.85%,6.85%,1.56%, - , 3.33 
all_util,mths_since_recent_inq,1.85%,1.85%,7.38%,5.32%, 40.43 , 13.08 
open_acc_6m,tax_liens,1.85%,1.85%,6.07%,1.36%, 40.42 , 0.00 
num_tl_30dpd,tot_hi_cred_lim,1.84%,1.84%,0.48%,6.20%, 3.33 , 3.33 
issue_d,title,-1.84%,1.84%,1.78%,2.77%, - , 1.05 
tot_cur_bal,num_accts_ever_120_pd,1.84%,1.84%,5.24%,0.85%, 3.33 , 3.33 
emp_title,total_rev_hi_lim,-1.84%,1.84%,2.52%,5.74%, 6.96 , 3.33 
bc_util,total_il_high_credit_limit,1.83%,1.83%,7.59%,1.21%, 3.46 , 3.33 
collections_12_mths_ex_med,mths_since_recent_bc_dlq,-1.83%,1.83%,1.01%,0.31%, 0.01 , 76.74 
home_ownership,mths_since_recent_bc_dlq,1.83%,1.83%,5.05%,0.31%, - , 76.74 
mths_since_last_record,revol_bal,-1.83%,1.83%,2.03%,1.79%, 84.01 , - 
earliest_cr_line,mort_acc,-1.83%,1.83%,0.11%,3.24%, 0.00 , 2.36 
addr_state,mths_since_recent_revol_delinq,-1.83%,1.83%,0.36%,0.67%, - , 66.98 
zip_code,mths_since_rcnt_il,-1.82%,1.82%,0.06%,3.24%, - , 42.30 
tot_coll_amt,total_bal_ex_mort,-1.81%,1.81%,0.15%,1.03%, 3.33 , 2.36 
funded_amnt,mths_since_last_delinq,-1.81%,1.81%,2.68%,1.30%, - , 50.89 
loan_amnt,mths_since_last_delinq,-1.81%,1.81%,2.68%,1.30%, - , 50.89 
term,zip_code,-1.81%,1.81%,9.11%,0.06%, - , - 
num_rev_tl_bal_gt_0,pub_rec_bankruptcies,-1.81%,1.81%,5.06%,2.17%, 3.33 , 0.07 
addr_state,mort_acc,1.80%,1.80%,0.36%,3.24%, - , 2.36 
open_il_24m,num_tl_90g_dpd_24m,-1.80%,1.80%,6.07%,1.22%, 40.42 , 3.33 
emp_length,acc_open_past_24mths,-1.79%,1.79%,2.21%,8.87%, 6.09 , 2.36 
pub_rec,mths_since_rcnt_il,-1.79%,1.79%,2.88%,3.24%, 0.00 , 42.30 
addr_state,mths_since_last_delinq,-1.79%,1.79%,0.36%,1.30%, - , 50.89 
title,num_accts_ever_120_pd,1.78%,1.78%,2.77%,0.85%, 1.05 , 3.33 
inq_last_6mths,avg_cur_bal,-1.78%,1.78%,7.88%,5.62%, 0.00 , 3.33 
earliest_cr_line,total_bc_limit,-1.78%,1.78%,0.11%,7.27%, 0.00 , 2.36 
initial_list_status,mo_sin_rcnt_tl,1.78%,1.78%,6.85%,5.35%, - , 3.33 
avg_cur_bal,mths_since_recent_inq,-1.78%,1.78%,5.62%,5.32%, 3.33 , 13.08 
mths_since_last_record,collections_12_mths_ex_med,-1.77%,1.77%,2.03%,1.01%, 84.01 , 0.01 
term,mo_sin_rcnt_rev_tl_op,1.77%,1.77%,9.11%,5.12%, - , 3.33 
mths_since_last_delinq,revol_bal,-1.77%,1.77%,1.30%,1.79%, 50.89 , - 
mths_since_recent_inq,mths_since_recent_revol_delinq,-1.77%,1.77%,5.32%,0.67%, 13.08 , 66.98 
max_bal_bc,tax_liens,-1.77%,1.77%,3.23%,1.36%, 40.42 , 0.00 
num_tl_op_past_12m,tax_liens,1.76%,1.76%,7.72%,1.36%, 3.33 , 0.00 
emp_length,num_tl_op_past_12m,-1.76%,1.76%,2.21%,7.72%, 6.09 , 3.33 
mo_sin_old_il_acct,mths_since_recent_inq,-1.76%,1.76%,2.12%,5.32%, 6.37 , 13.08 
inq_fi,tax_liens,1.76%,1.76%,3.68%,1.36%, 40.42 , 0.00 
title,mths_since_last_major_derog,-1.75%,1.75%,2.77%,1.14%, 1.05 , 73.98 
purpose,mths_since_rcnt_il,-1.75%,1.75%,1.37%,3.24%, - , 42.30 
verification_status,mths_since_last_delinq,-1.75%,1.75%,9.68%,1.30%, - , 50.89 
grade,mths_since_recent_revol_delinq,-1.75%,1.75%,22.19%,0.67%, - , 66.98 
chargeoff_within_12_mths,total_bc_limit,-1.74%,1.74%,0.21%,7.27%, 0.01 , 2.36 
int_rate,tax_liens,1.74%,1.74%,19.85%,1.36%, - , 0.00 
zip_code,tot_coll_amt,1.74%,1.74%,0.06%,0.15%, - , 3.33 
addr_state,total_il_high_credit_limit,1.74%,1.74%,0.36%,1.21%, - , 3.33 
verification_status,num_tl_90g_dpd_24m,1.74%,1.74%,9.68%,1.22%, - , 3.33 
inq_fi,pct_tl_nvr_dlq,-1.73%,1.73%,3.68%,0.37%, 40.42 , 3.33 
mo_sin_rcnt_rev_tl_op,num_il_tl,-1.73%,1.73%,5.12%,1.03%, 3.33 , 3.33 
bc_open_to_buy,tax_liens,-1.73%,1.73%,8.08%,1.36%, 3.40 , 0.00 
mo_sin_old_rev_tl_op,tax_liens,1.72%,1.72%,3.56%,1.36%, 3.33 , 0.00 
int_rate,mths_since_recent_revol_delinq,-1.72%,1.72%,19.85%,0.67%, - , 66.98 
emp_title,bc_util,-1.72%,1.72%,2.52%,7.59%, 6.96 , 3.46 
mths_since_last_major_derog,num_sats,1.72%,1.72%,1.14%,1.84%, 73.98 , 2.77 
total_cu_tl,total_bc_limit,-1.72%,1.72%,0.93%,7.27%, 40.42 , 2.36 
emp_title,purpose,1.72%,1.72%,2.52%,1.37%, 6.96 , - 
purpose,num_tl_90g_dpd_24m,1.72%,1.72%,1.37%,1.22%, - , 3.33 
initial_list_status,num_rev_tl_bal_gt_0,-1.72%,1.72%,6.85%,5.06%, - , 3.33 
mths_since_last_delinq,total_rev_hi_lim,-1.72%,1.72%,1.30%,5.74%, 50.89 , 3.33 
int_rate,num_op_rev_tl,-1.71%,1.71%,19.85%,2.36%, - , 3.33 
mort_acc,percent_bc_gt_75,1.71%,1.71%,3.24%,7.83%, 2.36 , 3.43 
revol_util,num_tl_30dpd,-1.71%,1.71%,6.95%,0.48%, 0.08 , 3.33 
funded_amnt_inv,mths_since_last_delinq,-1.70%,1.70%,2.64%,1.30%, - , 50.89 
mths_since_recent_revol_delinq,total_bal_ex_mort,-1.70%,1.70%,0.67%,1.03%, 66.98 , 2.36 
emp_title,open_il_12m,-1.70%,1.70%,2.52%,6.05%, 6.96 , 40.42 
title,open_acc_6m,1.70%,1.70%,2.77%,6.07%, 1.05 , 40.42 
num_accts_ever_120_pd,year_issued,1.69%,1.69%,0.85%,14.60%, 3.33 , - 
mths_since_recent_bc_dlq,num_bc_tl,1.68%,1.68%,0.31%,1.56%, 76.74 , 3.33 
grade,tot_coll_amt,1.68%,1.68%,22.19%,0.15%, - , 3.33 
zip_code,total_acc,-1.68%,1.68%,0.06%,1.58%, - , 0.00 
addr_state,percent_bc_gt_75,1.67%,1.67%,0.36%,7.83%, - , 3.43 
open_acc,pub_rec_bankruptcies,-1.67%,1.67%,1.78%,2.17%, 0.00 , 0.07 
mths_since_recent_bc_dlq,total_bal_ex_mort,-1.67%,1.67%,0.31%,1.03%, 76.74 , 2.36 
pct_tl_nvr_dlq,year_issued,-1.66%,1.66%,0.37%,14.60%, 3.33 , - 
mths_since_last_delinq,mths_since_rcnt_il,-1.66%,1.66%,1.30%,3.24%, 50.89 , 42.30 
open_act_il,mths_since_recent_bc_dlq,-1.66%,1.66%,0.89%,0.31%, 40.42 , 76.74 
delinq_2yrs,inq_fi,1.66%,1.66%,1.91%,3.68%, 0.00 , 40.42 
collections_12_mths_ex_med,mths_since_recent_revol_delinq,-1.66%,1.66%,1.01%,0.67%, 0.01 , 66.98 
home_ownership,num_tl_30dpd,-1.66%,1.66%,5.05%,0.48%, - , 3.33 
emp_length,mo_sin_rcnt_tl,1.66%,1.66%,2.21%,5.35%, 6.09 , 3.33 
tot_coll_amt,open_acc_6m,1.66%,1.66%,0.15%,6.07%, 3.33 , 40.42 
num_tl_30dpd,year_issued,-1.66%,1.66%,0.48%,14.60%, 3.33 , - 
open_acc,pub_rec,-1.65%,1.65%,1.78%,2.88%, 0.00 , 0.00 
earliest_cr_line,num_il_tl,1.65%,1.65%,0.11%,1.03%, 0.00 , 3.33 
chargeoff_within_12_mths,mo_sin_old_il_acct,1.65%,1.65%,0.21%,2.12%, 0.01 , 6.37 
total_cu_tl,num_bc_tl,1.65%,1.65%,0.93%,1.56%, 40.42 , 3.33 
tot_coll_amt,num_bc_sats,-1.65%,1.65%,0.15%,0.43%, 3.33 , 2.77 
term,num_accts_ever_120_pd,-1.64%,1.64%,9.11%,0.85%, - , 3.33 
earliest_cr_line,open_act_il,1.64%,1.64%,0.11%,0.89%, 0.00 , 40.42 
dti,num_tl_90g_dpd_24m,-1.64%,1.64%,7.83%,1.22%, - , 3.33 
inq_last_12m,mo_sin_old_il_acct,1.64%,1.64%,6.37%,2.12%, 40.42 , 6.37 
int_rate,desc,-1.64%,1.64%,19.85%,1.96%, - , 94.16 
emp_title,num_rev_accts,1.64%,1.64%,2.52%,2.22%, 6.96 , 3.33 
open_acc,all_util,-1.64%,1.64%,1.78%,7.38%, 0.00 , 40.43 
home_ownership,verification_status,-1.63%,1.63%,5.05%,9.68%, - , - 
home_ownership,pct_tl_nvr_dlq,1.63%,1.63%,5.05%,0.37%, - , 3.33 
inq_last_6mths,tax_liens,1.63%,1.63%,7.88%,1.36%, 0.00 , 0.00 
annual_inc,desc,1.63%,1.63%,3.54%,1.96%, - , 94.16 
pub_rec,num_il_tl,-1.63%,1.63%,2.88%,1.03%, 0.00 , 3.33 
purpose,mths_since_last_delinq,-1.63%,1.63%,1.37%,1.30%, - , 50.89 
term,bc_open_to_buy,1.62%,1.62%,9.11%,8.08%, - , 3.40 
pub_rec,num_rev_accts,1.62%,1.62%,2.88%,2.22%, 0.00 , 3.33 
mths_since_last_major_derog,num_rev_accts,-1.62%,1.62%,1.14%,2.22%, 73.98 , 3.33 
addr_state,open_il_12m,1.62%,1.62%,0.36%,6.05%, - , 40.42 
all_util,num_sats,-1.62%,1.62%,7.38%,1.84%, 40.43 , 2.77 
emp_length,percent_bc_gt_75,-1.62%,1.62%,2.21%,7.83%, 6.09 , 3.43 
collections_12_mths_ex_med,acc_open_past_24mths,1.62%,1.62%,1.01%,8.87%, 0.01 , 2.36 
mo_sin_rcnt_rev_tl_op,num_tl_90g_dpd_24m,1.62%,1.62%,5.12%,1.22%, 3.33 , 3.33 
mths_since_last_major_derog,total_bal_ex_mort,-1.61%,1.61%,1.14%,1.03%, 73.98 , 2.36 
bc_util,mort_acc,1.61%,1.61%,7.59%,3.24%, 3.46 , 2.36 
mths_since_last_major_derog,open_acc_6m,1.61%,1.61%,1.14%,6.07%, 73.98 , 40.42 
home_ownership,zip_code,1.61%,1.61%,5.05%,0.06%, - , - 
open_acc,num_tl_30dpd,1.61%,1.61%,1.78%,0.48%, 0.00 , 3.33 
bc_util,num_il_tl,1.60%,1.60%,7.59%,1.03%, 3.46 , 3.33 
desc,num_accts_ever_120_pd,1.60%,1.60%,1.96%,0.85%, 94.16 , 3.33 
emp_title,percent_bc_gt_75,-1.60%,1.60%,2.52%,7.83%, 6.96 , 3.43 
total_rev_hi_lim,tax_liens,-1.60%,1.60%,5.74%,1.36%, 3.33 , 0.00 
zip_code,num_il_tl,1.60%,1.60%,0.06%,1.03%, - , 3.33 
total_bal_il,bc_util,1.60%,1.60%,0.20%,7.59%, 40.42 , 3.46 
num_il_tl,num_rev_tl_bal_gt_0,1.60%,1.60%,1.03%,5.06%, 3.33 , 3.33 
collections_12_mths_ex_med,inq_last_12m,1.60%,1.60%,1.01%,6.37%, 0.01 , 40.42 
int_rate,num_il_tl,1.59%,1.59%,19.85%,1.03%, - , 3.33 
dti,mths_since_last_delinq,1.59%,1.59%,7.83%,1.30%, - , 50.89 
open_il_24m,num_rev_tl_bal_gt_0,1.58%,1.58%,6.07%,5.06%, 40.42 , 3.33 
addr_state,all_util,1.58%,1.58%,0.36%,7.38%, - , 40.43 
mths_since_last_major_derog,mths_since_recent_inq,1.57%,1.57%,1.14%,5.32%, 73.98 , 13.08 
loan_amnt,inq_last_12m,1.57%,1.57%,2.68%,6.37%, - , 40.42 
funded_amnt,inq_last_12m,1.57%,1.57%,2.68%,6.37%, - , 40.42 
mths_since_rcnt_il,total_bc_limit,-1.57%,1.57%,3.24%,7.27%, 42.30 , 2.36 
funded_amnt_inv,inq_last_12m,1.57%,1.57%,2.64%,6.37%, - , 40.42 
total_acc,tax_liens,-1.57%,1.57%,1.58%,1.36%, 0.00 , 0.00 
installment,tax_liens,1.57%,1.57%,3.00%,1.36%, - , 0.00 
inq_last_6mths,tot_coll_amt,1.56%,1.56%,7.88%,0.15%, 0.00 , 3.33 
installment,num_tl_90g_dpd_24m,-1.56%,1.56%,3.00%,1.22%, - , 3.33 
total_rev_hi_lim,inq_fi,-1.56%,1.56%,5.74%,3.68%, 3.33 , 40.42 
revol_util,num_il_tl,1.56%,1.56%,6.95%,1.03%, 0.08 , 3.33 
earliest_cr_line,total_rev_hi_lim,-1.55%,1.55%,0.11%,5.74%, 0.00 , 3.33 
funded_amnt_inv,desc,1.55%,1.55%,2.64%,1.96%, - , 94.16 
int_rate,num_sats,-1.55%,1.55%,19.85%,1.84%, - , 2.77 
issue_d,all_util,-1.55%,1.55%,1.78%,7.38%, - , 40.43 
total_cu_tl,mths_since_recent_bc_dlq,1.54%,1.54%,0.93%,0.31%, 40.42 , 76.74 
delinq_amnt,num_accts_ever_120_pd,1.53%,1.53%,0.59%,0.85%, 0.00 , 3.33 
funded_amnt_inv,open_acc_6m,-1.53%,1.53%,2.64%,6.07%, - , 40.42 
home_ownership,percent_bc_gt_75,-1.53%,1.53%,5.05%,7.83%, - , 3.43 
loan_amnt,open_acc_6m,-1.53%,1.53%,2.68%,6.07%, - , 40.42 
funded_amnt,open_acc_6m,-1.53%,1.53%,2.68%,6.07%, - , 40.42 
installment,mths_since_last_record,-1.53%,1.53%,3.00%,2.03%, - , 84.01 
total_cu_tl,mo_sin_rcnt_rev_tl_op,-1.53%,1.53%,0.93%,5.12%, 40.42 , 3.33 
verification_status,mths_since_recent_bc,-1.52%,1.52%,9.68%,4.36%, - , 3.34 
mths_since_recent_inq,tax_liens,-1.52%,1.52%,5.32%,1.36%, 13.08 , 0.00 
collections_12_mths_ex_med,open_rv_12m,1.52%,1.52%,1.01%,5.27%, 0.01 , 40.42 
acc_open_past_24mths,tax_liens,1.52%,1.52%,8.87%,1.36%, 2.36 , 0.00 
max_bal_bc,mths_since_recent_revol_delinq,-1.52%,1.52%,3.23%,0.67%, 40.42 , 66.98 
addr_state,num_accts_ever_120_pd,-1.52%,1.52%,0.36%,0.85%, - , 3.33 
sub_grade,tot_coll_amt,1.52%,1.52%,22.50%,0.15%, - , 3.33 
verification_status,chargeoff_within_12_mths,1.52%,1.52%,9.68%,0.21%, - , 0.01 
zip_code,num_tl_90g_dpd_24m,-1.51%,1.51%,0.06%,1.22%, - , 3.33 
mo_sin_old_il_acct,num_tl_op_past_12m,1.51%,1.51%,2.12%,7.72%, 6.37 , 3.33 
zip_code,bc_open_to_buy,-1.51%,1.51%,0.06%,8.08%, - , 3.40 
annual_inc,all_util,1.51%,1.51%,3.54%,7.38%, - , 40.43 
title,num_il_tl,-1.51%,1.51%,2.77%,1.03%, 1.05 , 3.33 
pct_tl_nvr_dlq,total_il_high_credit_limit,1.51%,1.51%,0.37%,1.21%, 3.33 , 3.33 
home_ownership,bc_util,-1.51%,1.51%,5.05%,7.59%, - , 3.46 
addr_state,mths_since_recent_bc_dlq,-1.50%,1.50%,0.36%,0.31%, - , 76.74 
inq_last_6mths,bc_open_to_buy,1.50%,1.50%,7.88%,8.08%, 0.00 , 3.40 
avg_cur_bal,num_tl_90g_dpd_24m,1.50%,1.50%,5.62%,1.22%, 3.33 , 3.33 
total_acc,mths_since_recent_revol_delinq,-1.49%,1.49%,1.58%,0.67%, 0.00 , 66.98 
initial_list_status,num_actv_rev_tl,-1.49%,1.49%,6.85%,5.07%, - , 3.33 
installment,mths_since_recent_inq,-1.49%,1.49%,3.00%,5.32%, - , 13.08 
revol_bal,open_rv_12m,-1.49%,1.49%,1.79%,5.27%, - , 40.42 
open_rv_24m,total_cu_tl,1.49%,1.49%,6.91%,0.93%, 40.42 , 40.42 
tot_cur_bal,num_tl_30dpd,1.49%,1.49%,5.24%,0.48%, 3.33 , 3.33 
purpose,open_rv_12m,-1.48%,1.48%,1.37%,5.27%, - , 40.42 
collections_12_mths_ex_med,avg_cur_bal,-1.48%,1.48%,1.01%,5.62%, 0.01 , 3.33 
sub_grade,chargeoff_within_12_mths,1.47%,1.47%,22.50%,0.21%, - , 0.01 
sub_grade,num_op_rev_tl,-1.47%,1.47%,22.50%,2.36%, - , 3.33 
grade,chargeoff_within_12_mths,1.46%,1.46%,22.19%,0.21%, - , 0.01 
inq_last_6mths,mths_since_last_delinq,1.46%,1.46%,7.88%,1.30%, 0.00 , 50.89 
bc_util,num_tl_30dpd,-1.46%,1.46%,7.59%,0.48%, 3.46 , 3.33 
funded_amnt,desc,1.45%,1.45%,2.68%,1.96%, - , 94.16 
int_rate,mths_since_last_record,-1.44%,1.44%,19.85%,2.03%, - , 84.01 
mths_since_last_delinq,all_util,1.44%,1.44%,1.30%,7.38%, 50.89 , 40.43 
collections_12_mths_ex_med,bc_open_to_buy,-1.44%,1.44%,1.01%,8.08%, 0.01 , 3.40 
tot_coll_amt,all_util,-1.44%,1.44%,0.15%,7.38%, 3.33 , 40.43 
mths_since_last_record,bc_open_to_buy,1.44%,1.44%,2.03%,8.08%, 84.01 , 3.40 
mths_since_recent_bc_dlq,num_actv_bc_tl,-1.44%,1.44%,0.31%,2.34%, 76.74 , 3.33 
term,issue_d,1.44%,1.44%,9.11%,1.78%, - , - 
inq_last_6mths,mo_sin_old_il_acct,1.43%,1.43%,7.88%,2.12%, 0.00 , 6.37 
term,pub_rec,-1.43%,1.43%,9.11%,2.88%, - , 0.00 
title,il_util,1.43%,1.43%,2.77%,5.89%, 1.05 , 48.95 
initial_list_status,num_il_tl,1.43%,1.43%,6.85%,1.03%, - , 3.33 
mths_since_last_record,total_bc_limit,1.42%,1.42%,2.03%,7.27%, 84.01 , 2.36 
installment,collections_12_mths_ex_med,-1.42%,1.42%,3.00%,1.01%, - , 0.01 
emp_length,open_acc_6m,-1.42%,1.42%,2.21%,6.07%, 6.09 , 40.42 
zip_code,inq_last_12m,1.41%,1.41%,0.06%,6.37%, - , 40.42 
addr_state,revol_util,1.41%,1.41%,0.36%,6.95%, - , 0.08 
num_il_tl,pub_rec_bankruptcies,-1.41%,1.41%,1.03%,2.17%, 3.33 , 0.07 
title,total_bal_il,-1.41%,1.41%,2.77%,0.20%, 1.05 , 40.42 
open_rv_12m,mo_sin_old_il_acct,-1.41%,1.41%,5.27%,2.12%, 40.42 , 6.37 
purpose,tax_liens,1.40%,1.40%,1.37%,1.36%, - , 0.00 
mths_since_last_major_derog,mo_sin_old_il_acct,-1.40%,1.40%,1.14%,2.12%, 73.98 , 6.37 
num_tl_90g_dpd_24m,total_bal_ex_mort,1.40%,1.40%,1.22%,1.03%, 3.33 , 2.36 
dti,delinq_2yrs,-1.40%,1.40%,7.83%,1.91%, - , 0.00 
bc_util,mo_sin_old_rev_tl_op,1.40%,1.40%,7.59%,3.56%, 3.46 , 3.33 
desc,tax_liens,1.40%,1.40%,1.96%,1.36%, 94.16 , 0.00 
num_rev_accts,tax_liens,-1.39%,1.39%,2.22%,1.36%, 3.33 , 0.00 
int_rate,num_tl_30dpd,1.39%,1.39%,19.85%,0.48%, - , 3.33 
tot_coll_amt,mo_sin_rcnt_tl,-1.39%,1.39%,0.15%,5.35%, 3.33 , 3.33 
addr_state,mths_since_rcnt_il,-1.39%,1.39%,0.36%,3.24%, - , 42.30 
addr_state,bc_util,1.39%,1.39%,0.36%,7.59%, - , 3.46 
addr_state,mths_since_recent_bc,1.39%,1.39%,0.36%,4.36%, - , 3.34 
verification_status,open_acc,1.38%,1.38%,9.68%,1.78%, - , 0.00 
open_rv_24m,tot_hi_cred_lim,-1.38%,1.38%,6.91%,6.20%, 40.42 , 3.33 
title,mths_since_rcnt_il,-1.38%,1.38%,2.77%,3.24%, 1.05 , 42.30 
verification_status,num_tl_120dpd_2m,1.38%,1.38%,9.68%,0.22%, - , 7.13 
home_ownership,earliest_cr_line,1.37%,1.37%,5.05%,0.11%, - , 0.00 
tot_coll_amt,mo_sin_rcnt_rev_tl_op,-1.37%,1.37%,0.15%,5.12%, 3.33 , 3.33 
annual_inc,open_rv_24m,-1.37%,1.37%,3.54%,6.91%, - , 40.42 
all_util,num_tl_30dpd,-1.37%,1.37%,7.38%,0.48%, 40.43 , 3.33 
loan_amnt,desc,1.36%,1.36%,2.68%,1.96%, - , 94.16 
open_il_12m,num_rev_tl_bal_gt_0,-1.36%,1.36%,6.05%,5.06%, 40.42 , 3.33 
open_acc,mths_since_last_major_derog,1.36%,1.36%,1.78%,1.14%, 0.00 , 73.98 
pub_rec,year_issued,1.36%,1.36%,2.88%,14.60%, 0.00 , - 
delinq_amnt,pct_tl_nvr_dlq,-1.36%,1.36%,0.59%,0.37%, 0.00 , 3.33 
total_rev_hi_lim,chargeoff_within_12_mths,-1.35%,1.35%,5.74%,0.21%, 3.33 , 0.01 
total_cu_tl,pub_rec_bankruptcies,1.35%,1.35%,0.93%,2.17%, 40.42 , 0.07 
issue_d,inq_last_6mths,-1.35%,1.35%,1.78%,7.88%, - , 0.00 
term,addr_state,1.34%,1.34%,9.11%,0.36%, - , - 
initial_list_status,mths_since_recent_bc,1.34%,1.34%,6.85%,4.36%, - , 3.34 
earliest_cr_line,revol_bal,-1.34%,1.34%,0.11%,1.79%, 0.00 , - 
mths_since_recent_bc,num_accts_ever_120_pd,-1.34%,1.34%,4.36%,0.85%, 3.34 , 3.33 
earliest_cr_line,tot_hi_cred_lim,-1.34%,1.34%,0.11%,6.20%, 0.00 , 3.33 
initial_list_status,num_op_rev_tl,1.34%,1.34%,6.85%,2.36%, - , 3.33 
emp_length,initial_list_status,-1.34%,1.34%,2.21%,6.85%, 6.09 , - 
emp_title,mths_since_last_record,1.33%,1.33%,2.52%,2.03%, 6.96 , 84.01 
initial_list_status,mths_since_rcnt_il,1.33%,1.33%,6.85%,3.24%, - , 42.30 
mo_sin_rcnt_rev_tl_op,total_bal_ex_mort,1.33%,1.33%,5.12%,1.03%, 3.33 , 2.36 
collections_12_mths_ex_med,tot_cur_bal,-1.33%,1.33%,1.01%,5.24%, 0.01 , 3.33 
title,mo_sin_old_il_acct,-1.32%,1.32%,2.77%,2.12%, 1.05 , 6.37 
chargeoff_within_12_mths,percent_bc_gt_75,-1.32%,1.32%,0.21%,7.83%, 0.01 , 3.43 
collections_12_mths_ex_med,mort_acc,-1.32%,1.32%,1.01%,3.24%, 0.01 , 2.36 
earliest_cr_line,num_bc_tl,-1.32%,1.32%,0.11%,1.56%, 0.00 , 3.33 
mths_since_last_record,total_rev_hi_lim,1.32%,1.32%,2.03%,5.74%, 84.01 , 3.33 
int_rate,chargeoff_within_12_mths,1.32%,1.32%,19.85%,0.21%, - , 0.01 
mths_since_recent_bc_dlq,num_rev_accts,1.32%,1.32%,0.31%,2.22%, 76.74 , 3.33 
num_bc_tl,num_tl_90g_dpd_24m,1.31%,1.31%,1.56%,1.22%, 3.33 , 3.33 
pub_rec,mort_acc,-1.31%,1.31%,2.88%,3.24%, 0.00 , 2.36 
emp_title,mo_sin_old_il_acct,-1.31%,1.31%,2.52%,2.12%, 6.96 , 6.37 
total_cu_tl,tax_liens,-1.31%,1.31%,0.93%,1.36%, 40.42 , 0.00 
total_bal_il,percent_bc_gt_75,1.30%,1.30%,0.20%,7.83%, 40.42 , 3.43 
grade,num_op_rev_tl,-1.30%,1.30%,22.19%,2.36%, - , 3.33 
emp_length,mo_sin_old_rev_tl_op,-1.30%,1.30%,2.21%,3.56%, 6.09 , 3.33 
int_rate,tot_coll_amt,1.30%,1.30%,19.85%,0.15%, - , 3.33 
issue_d,initial_list_status,1.30%,1.30%,1.78%,6.85%, - , - 
collections_12_mths_ex_med,open_acc_6m,1.30%,1.30%,1.01%,6.07%, 0.01 , 40.42 
mths_since_last_record,open_il_24m,1.30%,1.30%,2.03%,6.07%, 84.01 , 40.42 
emp_length,mths_since_recent_bc,-1.30%,1.30%,2.21%,4.36%, 6.09 , 3.34 
mo_sin_old_il_acct,mo_sin_rcnt_tl,1.29%,1.29%,2.12%,5.35%, 6.37 , 3.33 
earliest_cr_line,il_util,1.29%,1.29%,0.11%,5.89%, 0.00 , 48.95 
mths_since_last_delinq,total_bal_il,-1.28%,1.28%,1.30%,0.20%, 50.89 , 40.42 
num_tl_30dpd,pub_rec_bankruptcies,-1.28%,1.28%,0.48%,2.17%, 3.33 , 0.07 
purpose,tot_coll_amt,1.28%,1.28%,1.37%,0.15%, - , 3.33 
mths_since_last_delinq,inq_fi,1.28%,1.28%,1.30%,3.68%, 50.89 , 40.42 
earliest_cr_line,max_bal_bc,-1.28%,1.28%,0.11%,3.23%, 0.00 , 40.42 
term,tot_coll_amt,-1.27%,1.27%,9.11%,0.15%, - , 3.33 
open_act_il,num_bc_tl,-1.27%,1.27%,0.89%,1.56%, 40.42 , 3.33 
num_actv_rev_tl,num_il_tl,1.27%,1.27%,5.07%,1.03%, 3.33 , 3.33 
collections_12_mths_ex_med,all_util,-1.27%,1.27%,1.01%,7.38%, 0.01 , 40.43 
collections_12_mths_ex_med,tot_hi_cred_lim,-1.27%,1.27%,1.01%,6.20%, 0.01 , 3.33 
purpose,mths_since_last_major_derog,-1.27%,1.27%,1.37%,1.14%, - , 73.98 
purpose,open_act_il,-1.27%,1.27%,1.37%,0.89%, - , 40.42 
purpose,pub_rec,1.26%,1.26%,1.37%,2.88%, - , 0.00 
mo_sin_rcnt_tl,num_tl_90g_dpd_24m,1.25%,1.25%,5.35%,1.22%, 3.33 , 3.33 
addr_state,tot_cur_bal,-1.25%,1.25%,0.36%,5.24%, - , 3.33 
annual_inc,earliest_cr_line,-1.25%,1.25%,3.54%,0.11%, - , 0.00 
il_util,delinq_amnt,-1.25%,1.25%,5.89%,0.59%, 48.95 , 0.00 
open_acc_6m,num_tl_90g_dpd_24m,1.25%,1.25%,6.07%,1.22%, 40.42 , 3.33 
inq_fi,mo_sin_old_il_acct,1.25%,1.25%,3.68%,2.12%, 40.42 , 6.37 
initial_list_status,num_rev_accts,-1.25%,1.25%,6.85%,2.22%, - , 3.33 
mo_sin_old_il_acct,num_tl_30dpd,1.25%,1.25%,2.12%,0.48%, 6.37 , 3.33 
open_il_24m,num_actv_rev_tl,1.24%,1.24%,6.07%,5.07%, 40.42 , 3.33 
num_tl_30dpd,total_il_high_credit_limit,1.24%,1.24%,0.48%,1.21%, 3.33 , 3.33 
max_bal_bc,chargeoff_within_12_mths,-1.24%,1.24%,3.23%,0.21%, 40.42 , 0.01 
collections_12_mths_ex_med,num_tl_op_past_12m,1.24%,1.24%,1.01%,7.72%, 0.01 , 3.33 
mths_since_last_delinq,num_op_rev_tl,-1.23%,1.23%,1.30%,2.36%, 50.89 , 3.33 
percent_bc_gt_75,total_il_high_credit_limit,1.23%,1.23%,7.83%,1.21%, 3.43 , 3.33 
mths_since_last_major_derog,il_util,1.23%,1.23%,1.14%,5.89%, 73.98 , 48.95 
initial_list_status,total_cu_tl,1.23%,1.23%,6.85%,0.93%, - , 40.42 
mths_since_last_major_derog,all_util,-1.23%,1.23%,1.14%,7.38%, 73.98 , 40.43 
grade,total_bal_ex_mort,1.23%,1.23%,22.19%,1.03%, - , 2.36 
int_rate,open_acc,-1.22%,1.22%,19.85%,1.78%, - , 0.00 
initial_list_status,inq_fi,-1.22%,1.22%,6.85%,3.68%, - , 40.42 
open_il_12m,total_rev_hi_lim,1.21%,1.21%,6.05%,5.74%, 40.42 , 3.33 
num_tl_90g_dpd_24m,year_issued,-1.21%,1.21%,1.22%,14.60%, 3.33 , - 
revol_bal,acc_open_past_24mths,-1.21%,1.21%,1.79%,8.87%, - , 2.36 
installment,mo_sin_rcnt_tl,1.20%,1.20%,3.00%,5.35%, - , 3.33 
verification_status,num_op_rev_tl,1.20%,1.20%,9.68%,2.36%, - , 3.33 
revol_bal,chargeoff_within_12_mths,-1.20%,1.20%,1.79%,0.21%, - , 0.01 
mths_since_last_record,total_il_high_credit_limit,-1.20%,1.20%,2.03%,1.21%, 84.01 , 3.33 
sub_grade,total_bal_ex_mort,1.20%,1.20%,22.50%,1.03%, - , 2.36 
open_act_il,tax_liens,-1.20%,1.20%,0.89%,1.36%, 40.42 , 0.00 
addr_state,num_bc_sats,-1.20%,1.20%,0.36%,0.43%, - , 2.77 
mths_since_last_delinq,num_accts_ever_120_pd,1.19%,1.19%,1.30%,0.85%, 50.89 , 3.33 
annual_inc,num_tl_30dpd,1.19%,1.19%,3.54%,0.48%, - , 3.33 
desc,max_bal_bc,-1.19%,1.19%,1.96%,3.23%, 94.16 , 40.42 
pct_tl_nvr_dlq,percent_bc_gt_75,-1.19%,1.19%,0.37%,7.83%, 3.33 , 3.43 
earliest_cr_line,bc_open_to_buy,-1.18%,1.18%,0.11%,8.08%, 0.00 , 3.40 
revol_util,chargeoff_within_12_mths,-1.18%,1.18%,6.95%,0.21%, 0.08 , 0.01 
purpose,mths_since_recent_revol_delinq,-1.18%,1.18%,1.37%,0.67%, - , 66.98 
verification_status,issue_d,-1.18%,1.18%,9.68%,1.78%, - , - 
addr_state,total_bal_il,1.18%,1.18%,0.36%,0.20%, - , 40.42 
emp_title,mo_sin_rcnt_tl,1.18%,1.18%,2.52%,5.35%, 6.96 , 3.33 
initial_list_status,total_bal_il,1.18%,1.18%,6.85%,0.20%, - , 40.42 
num_tl_30dpd,percent_bc_gt_75,-1.17%,1.17%,0.48%,7.83%, 3.33 , 3.43 
addr_state,delinq_2yrs,1.17%,1.17%,0.36%,1.91%, - , 0.00 
installment,open_il_12m,1.17%,1.17%,3.00%,6.05%, - , 40.42 
earliest_cr_line,num_rev_accts,-1.17%,1.17%,0.11%,2.22%, 0.00 , 3.33 
mths_since_last_record,tot_hi_cred_lim,-1.16%,1.16%,2.03%,6.20%, 84.01 , 3.33 
open_il_12m,num_bc_sats,1.16%,1.16%,6.05%,0.43%, 40.42 , 2.77 
emp_length,pub_rec,1.16%,1.16%,2.21%,2.88%, 6.09 , 0.00 
mths_since_recent_revol_delinq,year_issued,1.15%,1.15%,0.67%,14.60%, 66.98 , - 
percent_bc_gt_75,tax_liens,-1.15%,1.15%,7.83%,1.36%, 3.43 , 0.00 
emp_length,num_accts_ever_120_pd,-1.15%,1.15%,2.21%,0.85%, 6.09 , 3.33 
zip_code,mths_since_recent_inq,-1.15%,1.15%,0.06%,5.32%, - , 13.08 
desc,num_sats,1.15%,1.15%,1.96%,1.84%, 94.16 , 2.77 
delinq_amnt,mort_acc,1.15%,1.15%,0.59%,3.24%, 0.00 , 2.36 
desc,num_rev_tl_bal_gt_0,-1.15%,1.15%,1.96%,5.06%, 94.16 , 3.33 
emp_title,initial_list_status,-1.14%,1.14%,2.52%,6.85%, 6.96 , - 
num_op_rev_tl,num_tl_30dpd,1.14%,1.14%,2.36%,0.48%, 3.33 , 3.33 
mths_since_last_record,delinq_amnt,-1.14%,1.14%,2.03%,0.59%, 84.01 , 0.00 
mort_acc,tax_liens,-1.13%,1.13%,3.24%,1.36%, 2.36 , 0.00 
open_il_24m,num_actv_bc_tl,-1.13%,1.13%,6.07%,2.34%, 40.42 , 3.33 
verification_status,num_il_tl,1.13%,1.13%,9.68%,1.03%, - , 3.33 
emp_title,mort_acc,1.13%,1.13%,2.52%,3.24%, 6.96 , 2.36 
addr_state,total_bal_ex_mort,1.13%,1.13%,0.36%,1.03%, - , 2.36 
earliest_cr_line,tot_cur_bal,-1.13%,1.13%,0.11%,5.24%, 0.00 , 3.33 
collections_12_mths_ex_med,num_bc_tl,-1.12%,1.12%,1.01%,1.56%, 0.01 , 3.33 
mths_since_last_major_derog,tax_liens,1.12%,1.12%,1.14%,1.36%, 73.98 , 0.00 
mths_since_recent_bc,total_il_high_credit_limit,1.12%,1.12%,4.36%,1.21%, 3.34 , 3.33 
tot_cur_bal,num_tl_90g_dpd_24m,1.12%,1.12%,5.24%,1.22%, 3.33 , 3.33 
open_acc_6m,avg_cur_bal,-1.12%,1.12%,6.07%,5.62%, 40.42 , 3.33 
bc_util,chargeoff_within_12_mths,-1.11%,1.11%,7.59%,0.21%, 3.46 , 0.01 
earliest_cr_line,mths_since_last_major_derog,1.11%,1.11%,0.11%,1.14%, 0.00 , 73.98 
sub_grade,num_sats,-1.11%,1.11%,22.50%,1.84%, - , 2.77 
all_util,mort_acc,-1.11%,1.11%,7.38%,3.24%, 40.43 , 2.36 
desc,num_il_tl,1.10%,1.10%,1.96%,1.03%, 94.16 , 3.33 
verification_status,collections_12_mths_ex_med,1.10%,1.10%,9.68%,1.01%, - , 0.01 
num_tl_op_past_12m,pct_tl_nvr_dlq,1.10%,1.10%,7.72%,0.37%, 3.33 , 3.33 
bc_util,tot_hi_cred_lim,-1.10%,1.10%,7.59%,6.20%, 3.46 , 3.33 
mths_since_rcnt_il,num_tl_90g_dpd_24m,1.10%,1.10%,3.24%,1.22%, 42.30 , 3.33 
num_tl_90g_dpd_24m,percent_bc_gt_75,-1.10%,1.10%,1.22%,7.83%, 3.33 , 3.43 
collections_12_mths_ex_med,mo_sin_rcnt_rev_tl_op,-1.10%,1.10%,1.01%,5.12%, 0.01 , 3.33 
num_actv_rev_tl,pub_rec_bankruptcies,-1.10%,1.10%,5.07%,2.17%, 3.33 , 0.07 
mths_since_last_major_derog,mo_sin_old_rev_tl_op,-1.09%,1.09%,1.14%,3.56%, 73.98 , 3.33 
tot_coll_amt,num_bc_tl,1.09%,1.09%,0.15%,1.56%, 3.33 , 3.33 
chargeoff_within_12_mths,num_actv_bc_tl,-1.09%,1.09%,0.21%,2.34%, 0.01 , 3.33 
emp_length,bc_open_to_buy,-1.09%,1.09%,2.21%,8.08%, 6.09 , 3.40 
mths_since_recent_revol_delinq,num_bc_sats,-1.09%,1.09%,0.67%,0.43%, 66.98 , 2.77 
emp_title,home_ownership,-1.09%,1.09%,2.52%,5.05%, 6.96 , - 
dti,tot_cur_bal,1.08%,1.08%,7.83%,5.24%, - , 3.33 
loan_amnt,earliest_cr_line,-1.08%,1.08%,2.68%,0.11%, - , 0.00 
earliest_cr_line,avg_cur_bal,-1.08%,1.08%,0.11%,5.62%, 0.00 , 3.33 
mths_since_rcnt_il,num_actv_rev_tl,-1.08%,1.08%,3.24%,5.07%, 42.30 , 3.33 
num_tl_90g_dpd_24m,pub_rec_bankruptcies,-1.08%,1.08%,1.22%,2.17%, 3.33 , 0.07 
open_il_12m,num_actv_rev_tl,-1.08%,1.08%,6.05%,5.07%, 40.42 , 3.33 
funded_amnt_inv,earliest_cr_line,-1.08%,1.08%,2.64%,0.11%, - , 0.00 
funded_amnt,earliest_cr_line,-1.08%,1.08%,2.68%,0.11%, - , 0.00 
term,collections_12_mths_ex_med,-1.08%,1.08%,9.11%,1.01%, - , 0.01 
emp_title,dti,1.07%,1.07%,2.52%,7.83%, 6.96 , - 
num_bc_tl,num_tl_30dpd,1.07%,1.07%,1.56%,0.48%, 3.33 , 3.33 
total_cu_tl,year_issued,-1.07%,1.07%,0.93%,14.60%, 40.42 , - 
tot_coll_amt,tot_hi_cred_lim,-1.06%,1.06%,0.15%,6.20%, 3.33 , 3.33 
mths_since_last_delinq,num_actv_rev_tl,1.06%,1.06%,1.30%,5.07%, 50.89 , 3.33 
bc_open_to_buy,chargeoff_within_12_mths,-1.06%,1.06%,8.08%,0.21%, 3.40 , 0.01 
mths_since_last_major_derog,bc_util,1.06%,1.06%,1.14%,7.59%, 73.98 , 3.46 
open_acc,mths_since_recent_bc_dlq,-1.06%,1.06%,1.78%,0.31%, 0.00 , 76.74 
delinq_2yrs,tax_liens,1.05%,1.05%,1.91%,1.36%, 0.00 , 0.00 
addr_state,num_actv_bc_tl,-1.05%,1.05%,0.36%,2.34%, - , 3.33 
tot_coll_amt,tot_cur_bal,-1.05%,1.05%,0.15%,5.24%, 3.33 , 3.33 
purpose,mths_since_recent_bc_dlq,-1.05%,1.05%,1.37%,0.31%, - , 76.74 
max_bal_bc,total_cu_tl,-1.05%,1.05%,3.23%,0.93%, 40.42 , 40.42 
total_acc,num_tl_120dpd_2m,1.05%,1.05%,1.58%,0.22%, 0.00 , 7.13 
total_acc,mths_since_recent_bc_dlq,1.05%,1.05%,1.58%,0.31%, 0.00 , 76.74 
title,num_tl_90g_dpd_24m,1.05%,1.05%,2.77%,1.22%, 1.05 , 3.33 
addr_state,mths_since_recent_inq,1.05%,1.05%,0.36%,5.32%, - , 13.08 
sub_grade,total_cu_tl,1.05%,1.05%,22.50%,0.93%, - , 40.42 
open_rv_12m,num_il_tl,1.05%,1.05%,5.27%,1.03%, 40.42 , 3.33 
home_ownership,open_rv_24m,1.05%,1.05%,5.05%,6.91%, - , 40.42 
total_rev_hi_lim,delinq_amnt,1.04%,1.04%,5.74%,0.59%, 3.33 , 0.00 
open_il_24m,tax_liens,1.04%,1.04%,6.07%,1.36%, 40.42 , 0.00 
grade,total_cu_tl,1.04%,1.04%,22.19%,0.93%, - , 40.42 
zip_code,mths_since_recent_bc,1.04%,1.04%,0.06%,4.36%, - , 3.34 
revol_bal,mths_since_recent_inq,1.04%,1.04%,1.79%,5.32%, - , 13.08 
purpose,il_util,1.04%,1.04%,1.37%,5.89%, - , 48.95 
issue_d,revol_util,-1.04%,1.04%,1.78%,6.95%, - , 0.08 
home_ownership,pub_rec_bankruptcies,1.04%,1.04%,5.05%,2.17%, - , 0.07 
num_il_tl,total_bc_limit,1.03%,1.03%,1.03%,7.27%, 3.33 , 2.36 
desc,tot_coll_amt,1.03%,1.03%,1.96%,0.15%, 94.16 , 3.33 
home_ownership,chargeoff_within_12_mths,-1.03%,1.03%,5.05%,0.21%, - , 0.01 
emp_length,num_tl_90g_dpd_24m,-1.03%,1.03%,2.21%,1.22%, 6.09 , 3.33 
installment,earliest_cr_line,-1.03%,1.03%,3.00%,0.11%, - , 0.00 
emp_title,zip_code,-1.03%,1.03%,2.52%,0.06%, 6.96 , - 
grade,emp_title,1.02%,1.02%,22.19%,2.52%, - , 6.96 
zip_code,inq_fi,1.02%,1.02%,0.06%,3.68%, - , 40.42 
avg_cur_bal,chargeoff_within_12_mths,1.02%,1.02%,5.62%,0.21%, 3.33 , 0.01 
open_act_il,total_rev_hi_lim,1.02%,1.02%,0.89%,5.74%, 40.42 , 3.33 
total_cu_tl,mths_since_recent_bc,1.02%,1.02%,0.93%,4.36%, 40.42 , 3.34 
open_il_12m,total_bc_limit,-1.01%,1.01%,6.05%,7.27%, 40.42 , 2.36 
total_cu_tl,num_accts_ever_120_pd,1.01%,1.01%,0.93%,0.85%, 40.42 , 3.33 
annual_inc,addr_state,-1.01%,1.01%,3.54%,0.36%, - , - 
sub_grade,mths_since_recent_bc_dlq,-1.01%,1.01%,22.50%,0.31%, - , 76.74 
open_acc,num_tl_90g_dpd_24m,1.01%,1.01%,1.78%,1.22%, 0.00 , 3.33 
open_act_il,num_tl_120dpd_2m,1.00%,1.00%,0.89%,0.22%, 40.42 , 7.13 
mths_since_last_record,tot_cur_bal,-1.00%,1.00%,2.03%,5.24%, 84.01 , 3.33 
grade,num_sats,-1.00%,1.00%,22.19%,1.84%, - , 2.77 
zip_code,tax_liens,-1.00%,1.00%,0.06%,1.36%, - , 0.00 
mths_since_last_delinq,num_rev_tl_bal_gt_0,0.99%,0.99%,1.30%,5.06%, 50.89 , 3.33 
revol_bal,open_rv_24m,-0.99%,0.99%,1.79%,6.91%, - , 40.42 
home_ownership,dti,-0.99%,0.99%,5.05%,7.83%, - , - 
mths_since_last_major_derog,inq_fi,0.99%,0.99%,1.14%,3.68%, 73.98 , 40.42 
open_rv_12m,total_bal_ex_mort,-0.99%,0.99%,5.27%,1.03%, 40.42 , 2.36 
zip_code,tot_cur_bal,0.99%,0.99%,0.06%,5.24%, - , 3.33 
mths_since_recent_bc_dlq,num_il_tl,0.98%,0.98%,0.31%,1.03%, 76.74 , 3.33 
initial_list_status,num_tl_90g_dpd_24m,-0.98%,0.98%,6.85%,1.22%, - , 3.33 
max_bal_bc,delinq_amnt,0.98%,0.98%,3.23%,0.59%, 40.42 , 0.00 
int_rate,mths_since_recent_bc_dlq,-0.98%,0.98%,19.85%,0.31%, - , 76.74 
annual_inc,num_accts_ever_120_pd,0.98%,0.98%,3.54%,0.85%, - , 3.33 
chargeoff_within_12_mths,num_il_tl,0.98%,0.98%,0.21%,1.03%, 0.01 , 3.33 
delinq_2yrs,mths_since_rcnt_il,0.98%,0.98%,1.91%,3.24%, 0.00 , 42.30 
num_il_tl,tax_liens,-0.97%,0.97%,1.03%,1.36%, 3.33 , 0.00 
addr_state,tot_hi_cred_lim,-0.97%,0.97%,0.36%,6.20%, - , 3.33 
earliest_cr_line,all_util,0.97%,0.97%,0.11%,7.38%, 0.00 , 40.43 
tot_coll_amt,tax_liens,0.97%,0.97%,0.15%,1.36%, 3.33 , 0.00 
avg_cur_bal,num_tl_30dpd,0.97%,0.97%,5.62%,0.48%, 3.33 , 3.33 
term,pub_rec_bankruptcies,-0.97%,0.97%,9.11%,2.17%, - , 0.07 
mths_since_last_record,num_bc_sats,-0.97%,0.97%,2.03%,0.43%, 84.01 , 2.77 
il_util,num_tl_30dpd,-0.96%,0.96%,5.89%,0.48%, 48.95 , 3.33 
open_act_il,mths_since_recent_revol_delinq,-0.96%,0.96%,0.89%,0.67%, 40.42 , 66.98 
issue_d,mo_sin_old_rev_tl_op,-0.96%,0.96%,1.78%,3.56%, - , 3.33 
chargeoff_within_12_mths,pub_rec_bankruptcies,-0.96%,0.96%,0.21%,2.17%, 0.01 , 0.07 
initial_list_status,collections_12_mths_ex_med,0.96%,0.96%,6.85%,1.01%, - , 0.01 
earliest_cr_line,mo_sin_old_il_acct,0.96%,0.96%,0.11%,2.12%, 0.00 , 6.37 
mths_since_recent_bc_dlq,num_sats,-0.96%,0.96%,0.31%,1.84%, 76.74 , 2.77 
inq_fi,num_actv_rev_tl,0.96%,0.96%,3.68%,5.07%, 40.42 , 3.33 
funded_amnt_inv,tax_liens,0.95%,0.95%,2.64%,1.36%, - , 0.00 
total_cu_tl,bc_util,-0.95%,0.95%,0.93%,7.59%, 40.42 , 3.46 
mths_since_last_delinq,mths_since_recent_inq,-0.94%,0.94%,1.30%,5.32%, 50.89 , 13.08 
emp_title,tax_liens,0.94%,0.94%,2.52%,1.36%, 6.96 , 0.00 
inq_fi,bc_open_to_buy,0.94%,0.94%,3.68%,8.08%, 40.42 , 3.40 
open_act_il,bc_open_to_buy,-0.94%,0.94%,0.89%,8.08%, 40.42 , 3.40 
issue_d,mths_since_last_delinq,0.94%,0.94%,1.78%,1.30%, - , 50.89 
funded_amnt,tax_liens,0.94%,0.94%,2.68%,1.36%, - , 0.00 
num_tl_120dpd_2m,num_tl_30dpd,0.94%,0.94%,0.22%,0.48%, 7.13 , 3.33 
sub_grade,num_tl_120dpd_2m,0.94%,0.94%,22.50%,0.22%, - , 7.13 
mths_since_recent_bc,num_tl_120dpd_2m,0.93%,0.93%,4.36%,0.22%, 3.34 , 7.13 
collections_12_mths_ex_med,mths_since_recent_inq,-0.93%,0.93%,1.01%,5.32%, 0.01 , 13.08 
loan_amnt,tax_liens,0.93%,0.93%,2.68%,1.36%, - , 0.00 
inq_last_6mths,collections_12_mths_ex_med,0.93%,0.93%,7.88%,1.01%, 0.00 , 0.01 
desc,mo_sin_old_il_acct,-0.93%,0.93%,1.96%,2.12%, 94.16 , 6.37 
collections_12_mths_ex_med,total_bal_ex_mort,-0.93%,0.93%,1.01%,1.03%, 0.01 , 2.36 
zip_code,il_util,0.93%,0.93%,0.06%,5.89%, - , 48.95 
verification_status,num_sats,0.93%,0.93%,9.68%,1.84%, - , 2.77 
open_rv_24m,total_bal_ex_mort,-0.93%,0.93%,6.91%,1.03%, 40.42 , 2.36 
inq_fi,chargeoff_within_12_mths,0.93%,0.93%,3.68%,0.21%, 40.42 , 0.01 
open_acc,collections_12_mths_ex_med,0.93%,0.93%,1.78%,1.01%, 0.00 , 0.01 
tot_cur_bal,pct_tl_nvr_dlq,0.92%,0.92%,5.24%,0.37%, 3.33 , 3.33 
zip_code,bc_util,0.92%,0.92%,0.06%,7.59%, - , 3.46 
tot_coll_amt,il_util,0.91%,0.91%,0.15%,5.89%, 3.33 , 48.95 
chargeoff_within_12_mths,tot_hi_cred_lim,0.91%,0.91%,0.21%,6.20%, 0.01 , 3.33 
earliest_cr_line,num_bc_sats,-0.91%,0.91%,0.11%,0.43%, 0.00 , 2.77 
mths_since_recent_bc,num_tl_30dpd,0.91%,0.91%,4.36%,0.48%, 3.34 , 3.33 
inq_last_6mths,revol_bal,-0.91%,0.91%,7.88%,1.79%, 0.00 , - 
initial_list_status,acc_open_past_24mths,-0.91%,0.91%,6.85%,8.87%, - , 2.36 
open_il_12m,tax_liens,0.91%,0.91%,6.05%,1.36%, 40.42 , 0.00 
mths_since_recent_revol_delinq,num_rev_tl_bal_gt_0,-0.91%,0.91%,0.67%,5.06%, 66.98 , 3.33 
inq_last_12m,chargeoff_within_12_mths,0.90%,0.90%,6.37%,0.21%, 40.42 , 0.01 
collections_12_mths_ex_med,num_actv_rev_tl,0.90%,0.90%,1.01%,5.07%, 0.01 , 3.33 
installment,inq_fi,0.90%,0.90%,3.00%,3.68%, - , 40.42 
verification_status,pct_tl_nvr_dlq,-0.90%,0.90%,9.68%,0.37%, - , 3.33 
sub_grade,emp_title,0.90%,0.90%,22.50%,2.52%, - , 6.96 
purpose,num_tl_op_past_12m,0.90%,0.90%,1.37%,7.72%, - , 3.33 
percent_bc_gt_75,tot_hi_cred_lim,-0.89%,0.89%,7.83%,6.20%, 3.43 , 3.33 
mths_since_recent_revol_delinq,num_il_tl,0.89%,0.89%,0.67%,1.03%, 66.98 , 3.33 
int_rate,total_cu_tl,0.89%,0.89%,19.85%,0.93%, - , 40.42 
tot_cur_bal,chargeoff_within_12_mths,0.89%,0.89%,5.24%,0.21%, 3.33 , 0.01 
term,num_tl_90g_dpd_24m,-0.89%,0.89%,9.11%,1.22%, - , 3.33 
desc,mo_sin_rcnt_tl,-0.89%,0.89%,1.96%,5.35%, 94.16 , 3.33 
grade,num_tl_120dpd_2m,0.89%,0.89%,22.19%,0.22%, - , 7.13 
mths_since_last_delinq,inq_last_12m,0.89%,0.89%,1.30%,6.37%, 50.89 , 40.42 
bc_util,num_tl_90g_dpd_24m,-0.89%,0.89%,7.59%,1.22%, 3.46 , 3.33 
collections_12_mths_ex_med,mths_since_recent_bc,-0.89%,0.89%,1.01%,4.36%, 0.01 , 3.34 
open_rv_12m,total_cu_tl,0.89%,0.89%,5.27%,0.93%, 40.42 , 40.42 
verification_status,num_accts_ever_120_pd,0.88%,0.88%,9.68%,0.85%, - , 3.33 
purpose,avg_cur_bal,0.88%,0.88%,1.37%,5.62%, - , 3.33 
collections_12_mths_ex_med,num_tl_120dpd_2m,0.88%,0.88%,1.01%,0.22%, 0.01 , 7.13 
grade,mths_since_recent_bc_dlq,-0.88%,0.88%,22.19%,0.31%, - , 76.74 
title,num_tl_30dpd,0.88%,0.88%,2.77%,0.48%, 1.05 , 3.33 
verification_status,delinq_amnt,0.88%,0.88%,9.68%,0.59%, - , 0.00 
collections_12_mths_ex_med,inq_fi,0.88%,0.88%,1.01%,3.68%, 0.01 , 40.42 
num_op_rev_tl,pub_rec_bankruptcies,0.88%,0.88%,2.36%,2.17%, 3.33 , 0.07 
revol_bal,mths_since_rcnt_il,0.88%,0.88%,1.79%,3.24%, - , 42.30 
purpose,num_tl_120dpd_2m,0.87%,0.87%,1.37%,0.22%, - , 7.13 
title,total_cu_tl,0.87%,0.87%,2.77%,0.93%, 1.05 , 40.42 
mths_since_recent_bc_dlq,year_issued,-0.87%,0.87%,0.31%,14.60%, 76.74 , - 
sub_grade,open_acc,-0.86%,0.86%,22.50%,1.78%, - , 0.00 
tot_coll_amt,num_actv_rev_tl,-0.86%,0.86%,0.15%,5.07%, 3.33 , 3.33 
title,open_rv_24m,-0.86%,0.86%,2.77%,6.91%, 1.05 , 40.42 
emp_title,tot_coll_amt,0.86%,0.86%,2.52%,0.15%, 6.96 , 3.33 
title,mths_since_last_delinq,-0.86%,0.86%,2.77%,1.30%, 1.05 , 50.89 
inq_last_6mths,chargeoff_within_12_mths,0.86%,0.86%,7.88%,0.21%, 0.00 , 0.01 
dti,mths_since_recent_inq,0.85%,0.85%,7.83%,5.32%, - , 13.08 
pub_rec,num_accts_ever_120_pd,0.85%,0.85%,2.88%,0.85%, 0.00 , 3.33 
issue_d,inq_last_12m,-0.85%,0.85%,1.78%,6.37%, - , 40.42 
tot_coll_amt,open_act_il,-0.85%,0.85%,0.15%,0.89%, 3.33 , 40.42 
funded_amnt_inv,mths_since_last_record,0.84%,0.84%,2.64%,2.03%, - , 84.01 
tot_coll_amt,mths_since_rcnt_il,0.84%,0.84%,0.15%,3.24%, 3.33 , 42.30 
int_rate,total_bal_ex_mort,0.84%,0.84%,19.85%,1.03%, - , 2.36 
desc,revol_bal,0.84%,0.84%,1.96%,1.79%, 94.16 , - 
addr_state,open_rv_24m,-0.84%,0.84%,0.36%,6.91%, - , 40.42 
issue_d,num_bc_tl,-0.84%,0.84%,1.78%,1.56%, - , 3.33 
title,delinq_2yrs,0.84%,0.84%,2.77%,1.91%, 1.05 , 0.00 
initial_list_status,pct_tl_nvr_dlq,0.84%,0.84%,6.85%,0.37%, - , 3.33 
avg_cur_bal,year_issued,-0.84%,0.84%,5.62%,14.60%, 3.33 , - 
issue_d,bc_open_to_buy,0.84%,0.84%,1.78%,8.08%, - , 3.40 
installment,mths_since_last_major_derog,-0.83%,0.83%,3.00%,1.14%, - , 73.98 
dti,mths_since_recent_revol_delinq,0.83%,0.83%,7.83%,0.67%, - , 66.98 
home_ownership,num_accts_ever_120_pd,-0.83%,0.83%,5.05%,0.85%, - , 3.33 
bc_open_to_buy,num_tl_30dpd,0.83%,0.83%,8.08%,0.48%, 3.40 , 3.33 
mths_since_last_delinq,initial_list_status,0.83%,0.83%,1.30%,6.85%, 50.89 , - 
grade,desc,0.83%,0.83%,22.19%,1.96%, - , 94.16 
mths_since_last_delinq,bc_util,0.83%,0.83%,1.30%,7.59%, 50.89 , 3.46 
pub_rec,num_rev_tl_bal_gt_0,-0.83%,0.83%,2.88%,5.06%, 0.00 , 3.33 
earliest_cr_line,num_actv_bc_tl,-0.83%,0.83%,0.11%,2.34%, 0.00 , 3.33 
int_rate,emp_title,0.83%,0.83%,19.85%,2.52%, - , 6.96 
issue_d,bc_util,-0.83%,0.83%,1.78%,7.59%, - , 3.46 
emp_title,inq_last_6mths,0.82%,0.82%,2.52%,7.88%, 6.96 , 0.00 
collections_12_mths_ex_med,mo_sin_rcnt_tl,-0.82%,0.82%,1.01%,5.35%, 0.01 , 3.33 
collections_12_mths_ex_med,mo_sin_old_il_acct,0.82%,0.82%,1.01%,2.12%, 0.01 , 6.37 
tot_coll_amt,num_rev_tl_bal_gt_0,-0.82%,0.82%,0.15%,5.06%, 3.33 , 3.33 
num_sats,num_tl_90g_dpd_24m,0.82%,0.82%,1.84%,1.22%, 2.77 , 3.33 
zip_code,total_bal_il,0.82%,0.82%,0.06%,0.20%, - , 40.42 
mo_sin_rcnt_tl,num_tl_120dpd_2m,0.82%,0.82%,5.35%,0.22%, 3.33 , 7.13 
revol_util,mths_since_last_major_derog,-0.81%,0.81%,6.95%,1.14%, 0.08 , 73.98 
desc,num_actv_rev_tl,-0.81%,0.81%,1.96%,5.07%, 94.16 , 3.33 
all_util,num_rev_tl_bal_gt_0,-0.81%,0.81%,7.38%,5.06%, 40.43 , 3.33 
desc,avg_cur_bal,-0.81%,0.81%,1.96%,5.62%, 94.16 , 3.33 
revol_util,mths_since_recent_bc_dlq,0.81%,0.81%,6.95%,0.31%, 0.08 , 76.74 
mort_acc,num_tl_120dpd_2m,0.81%,0.81%,3.24%,0.22%, 2.36 , 7.13 
open_rv_12m,pct_tl_nvr_dlq,0.81%,0.81%,5.27%,0.37%, 40.42 , 3.33 
collections_12_mths_ex_med,delinq_amnt,0.81%,0.81%,1.01%,0.59%, 0.01 , 0.00 
addr_state,acc_open_past_24mths,0.81%,0.81%,0.36%,8.87%, - , 2.36 
verification_status,open_act_il,0.81%,0.81%,9.68%,0.89%, - , 40.42 
title,mo_sin_old_rev_tl_op,-0.81%,0.81%,2.77%,3.56%, 1.05 , 3.33 
mths_since_rcnt_il,num_rev_tl_bal_gt_0,-0.81%,0.81%,3.24%,5.06%, 42.30 , 3.33 
delinq_2yrs,num_rev_tl_bal_gt_0,-0.80%,0.80%,1.91%,5.06%, 0.00 , 3.33 
mort_acc,pub_rec_bankruptcies,-0.80%,0.80%,3.24%,2.17%, 2.36 , 0.07 
chargeoff_within_12_mths,mths_since_recent_bc,0.79%,0.79%,0.21%,4.36%, 0.01 , 3.34 
zip_code,total_il_high_credit_limit,0.79%,0.79%,0.06%,1.21%, - , 3.33 
collections_12_mths_ex_med,mo_sin_old_rev_tl_op,-0.79%,0.79%,1.01%,3.56%, 0.01 , 3.33 
mths_since_recent_revol_delinq,num_actv_rev_tl,-0.79%,0.79%,0.67%,5.07%, 66.98 , 3.33 
int_rate,num_tl_120dpd_2m,0.79%,0.79%,19.85%,0.22%, - , 7.13 
term,num_tl_op_past_12m,0.78%,0.78%,9.11%,7.72%, - , 3.33 
open_acc_6m,mo_sin_old_rev_tl_op,-0.78%,0.78%,6.07%,3.56%, 40.42 , 3.33 
desc,mths_since_rcnt_il,-0.78%,0.78%,1.96%,3.24%, 94.16 , 42.30 
zip_code,year_issued,-0.78%,0.78%,0.06%,14.60%, - , - 
delinq_amnt,mths_since_recent_revol_delinq,-0.78%,0.78%,0.59%,0.67%, 0.00 , 66.98 
zip_code,revol_util,0.78%,0.78%,0.06%,6.95%, - , 0.08 
num_actv_bc_tl,tax_liens,0.77%,0.77%,2.34%,1.36%, 3.33 , 0.00 
pub_rec,num_bc_tl,-0.77%,0.77%,2.88%,1.56%, 0.00 , 3.33 
title,mo_sin_rcnt_rev_tl_op,0.77%,0.77%,2.77%,5.12%, 1.05 , 3.33 
desc,mo_sin_old_rev_tl_op,-0.77%,0.77%,1.96%,3.56%, 94.16 , 3.33 
dti,num_tl_30dpd,0.77%,0.77%,7.83%,0.48%, - , 3.33 
emp_title,total_cu_tl,-0.77%,0.77%,2.52%,0.93%, 6.96 , 40.42 
issue_d,mort_acc,-0.77%,0.77%,1.78%,3.24%, - , 2.36 
tot_coll_amt,avg_cur_bal,-0.77%,0.77%,0.15%,5.62%, 3.33 , 3.33 
issue_d,percent_bc_gt_75,-0.76%,0.76%,1.78%,7.83%, - , 3.43 
term,mo_sin_rcnt_tl,-0.76%,0.76%,9.11%,5.35%, - , 3.33 
mths_since_last_record,open_il_12m,-0.76%,0.76%,2.03%,6.05%, 84.01 , 40.42 
emp_length,mo_sin_rcnt_rev_tl_op,-0.76%,0.76%,2.21%,5.12%, 6.09 , 3.33 
initial_list_status,num_tl_30dpd,-0.76%,0.76%,6.85%,0.48%, - , 3.33 
annual_inc,open_rv_12m,-0.76%,0.76%,3.54%,5.27%, - , 40.42 
total_acc,initial_list_status,0.76%,0.76%,1.58%,6.85%, 0.00 , - 
num_sats,num_tl_30dpd,0.76%,0.76%,1.84%,0.48%, 2.77 , 3.33 
term,mths_since_last_delinq,0.76%,0.76%,9.11%,1.30%, - , 50.89 
emp_title,acc_open_past_24mths,-0.76%,0.76%,2.52%,8.87%, 6.96 , 2.36 
tot_coll_amt,chargeoff_within_12_mths,0.76%,0.76%,0.15%,0.21%, 3.33 , 0.01 
issue_d,purpose,-0.75%,0.75%,1.78%,1.37%, - , - 
grade,zip_code,-0.75%,0.75%,22.19%,0.06%, - , - 
grade,open_acc,-0.75%,0.75%,22.19%,1.78%, - , 0.00 
inq_last_12m,total_bc_limit,-0.75%,0.75%,6.37%,7.27%, 40.42 , 2.36 
num_accts_ever_120_pd,tot_hi_cred_lim,0.75%,0.75%,0.85%,6.20%, 3.33 , 3.33 
mo_sin_old_rev_tl_op,num_il_tl,-0.75%,0.75%,3.56%,1.03%, 3.33 , 3.33 
home_ownership,desc,0.75%,0.75%,5.05%,1.96%, - , 94.16 
num_il_tl,num_tl_30dpd,0.75%,0.75%,1.03%,0.48%, 3.33 , 3.33 
term,open_acc_6m,0.74%,0.74%,9.11%,6.07%, - , 40.42 
revol_bal,tax_liens,-0.74%,0.74%,1.79%,1.36%, - , 0.00 
num_sats,tax_liens,-0.74%,0.74%,1.84%,1.36%, 2.77 , 0.00 
purpose,total_bal_il,-0.73%,0.73%,1.37%,0.20%, - , 40.42 
zip_code,num_accts_ever_120_pd,-0.73%,0.73%,0.06%,0.85%, - , 3.33 
mo_sin_old_rev_tl_op,mths_since_recent_bc_dlq,0.73%,0.73%,3.56%,0.31%, 3.33 , 76.74 
num_tl_30dpd,num_tl_90g_dpd_24m,0.73%,0.73%,0.48%,1.22%, 3.33 , 3.33 
tot_coll_amt,year_issued,0.73%,0.73%,0.15%,14.60%, 3.33 , - 
collections_12_mths_ex_med,num_sats,0.73%,0.73%,1.01%,1.84%, 0.01 , 2.77 
emp_length,zip_code,0.73%,0.73%,2.21%,0.06%, 6.09 , - 
mths_since_recent_revol_delinq,num_actv_bc_tl,0.73%,0.73%,0.67%,2.34%, 66.98 , 3.33 
earliest_cr_line,num_op_rev_tl,-0.72%,0.72%,0.11%,2.36%, 0.00 , 3.33 
mths_since_recent_bc,year_issued,-0.72%,0.72%,4.36%,14.60%, 3.34 , - 
mo_sin_rcnt_rev_tl_op,total_il_high_credit_limit,0.72%,0.72%,5.12%,1.21%, 3.33 , 3.33 
mths_since_last_delinq,num_il_tl,-0.72%,0.72%,1.30%,1.03%, 50.89 , 3.33 
num_tl_90g_dpd_24m,tot_hi_cred_lim,0.71%,0.71%,1.22%,6.20%, 3.33 , 3.33 
home_ownership,all_util,0.71%,0.71%,5.05%,7.38%, - , 40.43 
home_ownership,collections_12_mths_ex_med,0.71%,0.71%,5.05%,1.01%, - , 0.01 
annual_inc,pub_rec,-0.71%,0.71%,3.54%,2.88%, - , 0.00 
purpose,open_acc_6m,0.71%,0.71%,1.37%,6.07%, - , 40.42 
collections_12_mths_ex_med,num_il_tl,0.71%,0.71%,1.01%,1.03%, 0.01 , 3.33 
chargeoff_within_12_mths,mths_since_recent_inq,-0.71%,0.71%,0.21%,5.32%, 0.01 , 13.08 
issue_d,num_rev_accts,-0.70%,0.70%,1.78%,2.22%, - , 3.33 
num_il_tl,num_tl_120dpd_2m,0.70%,0.70%,1.03%,0.22%, 3.33 , 7.13 
open_act_il,num_bc_sats,-0.70%,0.70%,0.89%,0.43%, 40.42 , 2.77 
zip_code,mo_sin_old_rev_tl_op,-0.70%,0.70%,0.06%,3.56%, - , 3.33 
emp_length,year_issued,-0.70%,0.70%,2.21%,14.60%, 6.09 , - 
emp_length,addr_state,-0.69%,0.69%,2.21%,0.36%, 6.09 , - 
int_rate,zip_code,-0.68%,0.68%,19.85%,0.06%, - , - 
purpose,acc_open_past_24mths,-0.68%,0.68%,1.37%,8.87%, - , 2.36 
annual_inc,bc_util,0.68%,0.68%,3.54%,7.59%, - , 3.46 
mths_since_recent_inq,num_tl_30dpd,0.68%,0.68%,5.32%,0.48%, 13.08 , 3.33 
mths_since_last_record,num_tl_120dpd_2m,-0.68%,0.68%,2.03%,0.22%, 84.01 , 7.13 
addr_state,open_rv_12m,-0.68%,0.68%,0.36%,5.27%, - , 40.42 
addr_state,bc_open_to_buy,-0.68%,0.68%,0.36%,8.08%, - , 3.40 
delinq_amnt,mo_sin_rcnt_tl,0.67%,0.67%,0.59%,5.35%, 0.00 , 3.33 
issue_d,total_bc_limit,0.67%,0.67%,1.78%,7.27%, - , 2.36 
sub_grade,zip_code,-0.67%,0.67%,22.50%,0.06%, - , - 
zip_code,mo_sin_rcnt_rev_tl_op,0.67%,0.67%,0.06%,5.12%, - , 3.33 
tot_coll_amt,total_bal_il,-0.66%,0.66%,0.15%,0.20%, 3.33 , 40.42 
annual_inc,num_tl_90g_dpd_24m,0.66%,0.66%,3.54%,1.22%, - , 3.33 
num_bc_tl,tax_liens,-0.66%,0.66%,1.56%,1.36%, 3.33 , 0.00 
term,tax_liens,-0.66%,0.66%,9.11%,1.36%, - , 0.00 
verification_status,mths_since_recent_bc_dlq,0.66%,0.66%,9.68%,0.31%, - , 76.74 
issue_d,pct_tl_nvr_dlq,0.66%,0.66%,1.78%,0.37%, - , 3.33 
open_act_il,total_bc_limit,0.66%,0.66%,0.89%,7.27%, 40.42 , 2.36 
emp_title,bc_open_to_buy,-0.66%,0.66%,2.52%,8.08%, 6.96 , 3.40 
open_rv_24m,num_tl_30dpd,-0.66%,0.66%,6.91%,0.48%, 40.42 , 3.33 
desc,mths_since_last_delinq,-0.65%,0.65%,1.96%,1.30%, 94.16 , 50.89 
term,delinq_2yrs,-0.65%,0.65%,9.11%,1.91%, - , 0.00 
desc,mths_since_recent_bc,-0.65%,0.65%,1.96%,4.36%, 94.16 , 3.34 
tot_coll_amt,num_il_tl,0.65%,0.65%,0.15%,1.03%, 3.33 , 3.33 
emp_title,mths_since_recent_inq,-0.65%,0.65%,2.52%,5.32%, 6.96 , 13.08 
total_bal_il,year_issued,-0.65%,0.65%,0.20%,14.60%, 40.42 , - 
earliest_cr_line,total_bal_il,0.65%,0.65%,0.11%,0.20%, 0.00 , 40.42 
zip_code,num_tl_30dpd,-0.65%,0.65%,0.06%,0.48%, - , 3.33 
num_tl_30dpd,tax_liens,0.65%,0.65%,0.48%,1.36%, 3.33 , 0.00 
addr_state,collections_12_mths_ex_med,0.64%,0.64%,0.36%,1.01%, - , 0.01 
num_rev_accts,num_tl_120dpd_2m,0.64%,0.64%,2.22%,0.22%, 3.33 , 7.13 
il_util,tot_hi_cred_lim,-0.64%,0.64%,5.89%,6.20%, 48.95 , 3.33 
sub_grade,desc,0.64%,0.64%,22.50%,1.96%, - , 94.16 
title,num_tl_120dpd_2m,0.64%,0.64%,2.77%,0.22%, 1.05 , 7.13 
num_accts_ever_120_pd,tax_liens,0.64%,0.64%,0.85%,1.36%, 3.33 , 0.00 
collections_12_mths_ex_med,num_op_rev_tl,0.63%,0.63%,1.01%,2.36%, 0.01 , 3.33 
tot_coll_amt,total_il_high_credit_limit,-0.63%,0.63%,0.15%,1.21%, 3.33 , 3.33 
issue_d,mths_since_last_major_derog,0.63%,0.63%,1.78%,1.14%, - , 73.98 
purpose,num_tl_30dpd,0.63%,0.63%,1.37%,0.48%, - , 3.33 
delinq_amnt,mo_sin_old_il_acct,0.63%,0.63%,0.59%,2.12%, 0.00 , 6.37 
title,zip_code,-0.63%,0.63%,2.77%,0.06%, 1.05 , - 
zip_code,percent_bc_gt_75,0.63%,0.63%,0.06%,7.83%, - , 3.43 
dti,open_rv_12m,-0.63%,0.63%,7.83%,5.27%, - , 40.42 
open_act_il,mths_since_recent_bc,-0.63%,0.63%,0.89%,4.36%, 40.42 , 3.34 
revol_bal,open_il_24m,-0.63%,0.63%,1.79%,6.07%, - , 40.42 
addr_state,tax_liens,-0.62%,0.62%,0.36%,1.36%, - , 0.00 
num_actv_bc_tl,year_issued,-0.62%,0.62%,2.34%,14.60%, 3.33 , - 
emp_title,earliest_cr_line,-0.62%,0.62%,2.52%,0.11%, 6.96 , 0.00 
open_rv_24m,num_il_tl,0.62%,0.62%,6.91%,1.03%, 40.42 , 3.33 
mths_since_rcnt_il,num_tl_120dpd_2m,0.62%,0.62%,3.24%,0.22%, 42.30 , 7.13 
desc,purpose,-0.62%,0.62%,1.96%,1.37%, 94.16 , - 
delinq_amnt,total_bal_ex_mort,0.62%,0.62%,0.59%,1.03%, 0.00 , 2.36 
total_rev_hi_lim,num_tl_30dpd,0.62%,0.62%,5.74%,0.48%, 3.33 , 3.33 
addr_state,mo_sin_rcnt_rev_tl_op,0.61%,0.61%,0.36%,5.12%, - , 3.33 
annual_inc,pct_tl_nvr_dlq,-0.61%,0.61%,3.54%,0.37%, - , 3.33 
total_bal_il,mo_sin_rcnt_rev_tl_op,-0.61%,0.61%,0.20%,5.12%, 40.42 , 3.33 
zip_code,chargeoff_within_12_mths,-0.61%,0.61%,0.06%,0.21%, - , 0.01 
zip_code,initial_list_status,-0.61%,0.61%,0.06%,6.85%, - , - 
emp_length,num_tl_30dpd,-0.61%,0.61%,2.21%,0.48%, 6.09 , 3.33 
emp_title,year_issued,-0.61%,0.61%,2.52%,14.60%, 6.96 , - 
home_ownership,mo_sin_rcnt_rev_tl_op,-0.61%,0.61%,5.05%,5.12%, - , 3.33 
pub_rec,all_util,-0.61%,0.61%,2.88%,7.38%, 0.00 , 40.43 
delinq_2yrs,num_op_rev_tl,0.61%,0.61%,1.91%,2.36%, 0.00 , 3.33 
emp_length,title,0.61%,0.61%,2.21%,2.77%, 6.09 , 1.05 
zip_code,earliest_cr_line,-0.61%,0.61%,0.06%,0.11%, - , 0.00 
installment,open_rv_24m,-0.60%,0.60%,3.00%,6.91%, - , 40.42 
num_tl_120dpd_2m,percent_bc_gt_75,-0.60%,0.60%,0.22%,7.83%, 7.13 , 3.43 
installment,delinq_2yrs,0.60%,0.60%,3.00%,1.91%, - , 0.00 
open_acc,tax_liens,-0.60%,0.60%,1.78%,1.36%, 0.00 , 0.00 
mo_sin_old_il_acct,num_tl_120dpd_2m,0.60%,0.60%,2.12%,0.22%, 6.37 , 7.13 
emp_title,mths_since_recent_bc,0.60%,0.60%,2.52%,4.36%, 6.96 , 3.34 
all_util,chargeoff_within_12_mths,-0.60%,0.60%,7.38%,0.21%, 40.43 , 0.01 
mo_sin_old_il_acct,mths_since_recent_revol_delinq,-0.60%,0.60%,2.12%,0.67%, 6.37 , 66.98 
int_rate,issue_d,0.59%,0.59%,19.85%,1.78%, - , - 
open_act_il,mo_sin_rcnt_rev_tl_op,-0.59%,0.59%,0.89%,5.12%, 40.42 , 3.33 
verification_status,num_tl_30dpd,0.59%,0.59%,9.68%,0.48%, - , 3.33 
verification_status,zip_code,0.59%,0.59%,9.68%,0.06%, - , - 
num_sats,year_issued,0.59%,0.59%,1.84%,14.60%, 2.77 , - 
revol_util,num_tl_120dpd_2m,-0.59%,0.59%,6.95%,0.22%, 0.08 , 7.13 
desc,total_acc,-0.59%,0.59%,1.96%,1.58%, 94.16 , 0.00 
home_ownership,mths_since_last_major_derog,-0.59%,0.59%,5.05%,1.14%, - , 73.98 
desc,mths_since_recent_bc_dlq,-0.58%,0.58%,1.96%,0.31%, 94.16 , 76.74 
mths_since_last_record,max_bal_bc,0.58%,0.58%,2.03%,3.23%, 84.01 , 40.42 
initial_list_status,mths_since_recent_bc_dlq,-0.58%,0.58%,6.85%,0.31%, - , 76.74 
addr_state,num_bc_tl,-0.58%,0.58%,0.36%,1.56%, - , 3.33 
bc_open_to_buy,num_il_tl,0.58%,0.58%,8.08%,1.03%, 3.40 , 3.33 
mo_sin_rcnt_rev_tl_op,num_tl_120dpd_2m,0.58%,0.58%,5.12%,0.22%, 3.33 , 7.13 
total_acc,collections_12_mths_ex_med,0.58%,0.58%,1.58%,1.01%, 0.00 , 0.01 
initial_list_status,num_actv_bc_tl,0.57%,0.57%,6.85%,2.34%, - , 3.33 
open_il_12m,num_tl_120dpd_2m,-0.57%,0.57%,6.05%,0.22%, 40.42 , 7.13 
issue_d,total_acc,-0.57%,0.57%,1.78%,1.58%, - , 0.00 
annual_inc,collections_12_mths_ex_med,-0.57%,0.57%,3.54%,1.01%, - , 0.01 
open_il_24m,num_tl_120dpd_2m,-0.57%,0.57%,6.07%,0.22%, 40.42 , 7.13 
pub_rec,collections_12_mths_ex_med,0.57%,0.57%,2.88%,1.01%, 0.00 , 0.01 
emp_length,dti,0.57%,0.57%,2.21%,7.83%, 6.09 , - 
acc_open_past_24mths,chargeoff_within_12_mths,0.57%,0.57%,8.87%,0.21%, 2.36 , 0.01 
home_ownership,open_act_il,-0.57%,0.57%,5.05%,0.89%, - , 40.42 
open_il_12m,delinq_amnt,-0.56%,0.56%,6.05%,0.59%, 40.42 , 0.00 
open_acc_6m,num_tl_120dpd_2m,-0.56%,0.56%,6.07%,0.22%, 40.42 , 7.13 
inq_last_6mths,num_tl_30dpd,-0.56%,0.56%,7.88%,0.48%, 0.00 , 3.33 
desc,num_actv_bc_tl,-0.56%,0.56%,1.96%,2.34%, 94.16 , 3.33 
mths_since_last_major_derog,percent_bc_gt_75,0.56%,0.56%,1.14%,7.83%, 73.98 , 3.43 
open_il_24m,num_tl_30dpd,-0.56%,0.56%,6.07%,0.48%, 40.42 , 3.33 
annual_inc,purpose,0.56%,0.56%,3.54%,1.37%, - , - 
delinq_amnt,num_tl_op_past_12m,-0.56%,0.56%,0.59%,7.72%, 0.00 , 3.33 
revol_util,num_tl_90g_dpd_24m,-0.56%,0.56%,6.95%,1.22%, 0.08 , 3.33 
desc,il_util,-0.55%,0.55%,1.96%,5.89%, 94.16 , 48.95 
num_tl_120dpd_2m,num_tl_op_past_12m,-0.55%,0.55%,0.22%,7.72%, 7.13 , 3.33 
sub_grade,earliest_cr_line,0.55%,0.55%,22.50%,0.11%, - , 0.00 
earliest_cr_line,inq_last_12m,0.55%,0.55%,0.11%,6.37%, 0.00 , 40.42 
mths_since_last_record,open_act_il,-0.55%,0.55%,2.03%,0.89%, 84.01 , 40.42 
issue_d,open_rv_24m,-0.55%,0.55%,1.78%,6.91%, - , 40.42 
addr_state,num_rev_accts,0.55%,0.55%,0.36%,2.22%, - , 3.33 
title,num_tl_op_past_12m,0.55%,0.55%,2.77%,7.72%, 1.05 , 3.33 
num_tl_30dpd,total_bal_ex_mort,0.54%,0.54%,0.48%,1.03%, 3.33 , 2.36 
title,acc_open_past_24mths,-0.54%,0.54%,2.77%,8.87%, 1.05 , 2.36 
zip_code,mo_sin_rcnt_tl,-0.54%,0.54%,0.06%,5.35%, - , 3.33 
open_acc,num_tl_120dpd_2m,0.54%,0.54%,1.78%,0.22%, 0.00 , 7.13 
num_il_tl,year_issued,-0.54%,0.54%,1.03%,14.60%, 3.33 , - 
chargeoff_within_12_mths,total_il_high_credit_limit,0.54%,0.54%,0.21%,1.21%, 0.01 , 3.33 
grade,earliest_cr_line,0.54%,0.54%,22.19%,0.11%, - , 0.00 
initial_list_status,pub_rec_bankruptcies,0.54%,0.54%,6.85%,2.17%, - , 0.07 
inq_fi,num_tl_120dpd_2m,-0.54%,0.54%,3.68%,0.22%, 40.42 , 7.13 
num_bc_tl,num_tl_120dpd_2m,0.53%,0.53%,1.56%,0.22%, 3.33 , 7.13 
term,mths_since_last_major_derog,0.53%,0.53%,9.11%,1.14%, - , 73.98 
issue_d,avg_cur_bal,-0.53%,0.53%,1.78%,5.62%, - , 3.33 
pub_rec,chargeoff_within_12_mths,-0.53%,0.53%,2.88%,0.21%, 0.00 , 0.01 
int_rate,earliest_cr_line,0.53%,0.53%,19.85%,0.11%, - , 0.00 
open_acc,chargeoff_within_12_mths,0.53%,0.53%,1.78%,0.21%, 0.00 , 0.01 
zip_code,total_bal_ex_mort,-0.53%,0.53%,0.06%,1.03%, - , 2.36 
num_bc_sats,num_il_tl,-0.53%,0.53%,0.43%,1.03%, 2.77 , 3.33 
issue_d,il_util,-0.53%,0.53%,1.78%,5.89%, - , 48.95 
total_cu_tl,num_tl_90g_dpd_24m,0.53%,0.53%,0.93%,1.22%, 40.42 , 3.33 
acc_open_past_24mths,mo_sin_old_il_acct,0.52%,0.52%,8.87%,2.12%, 2.36 , 6.37 
inq_fi,num_tl_90g_dpd_24m,0.52%,0.52%,3.68%,1.22%, 40.42 , 3.33 
dti,inq_last_6mths,-0.52%,0.52%,7.83%,7.88%, - , 0.00 
mo_sin_rcnt_tl,tax_liens,-0.52%,0.52%,5.35%,1.36%, 3.33 , 0.00 
emp_title,open_acc_6m,-0.52%,0.52%,2.52%,6.07%, 6.96 , 40.42 
title,tot_coll_amt,0.52%,0.52%,2.77%,0.15%, 1.05 , 3.33 
tot_coll_amt,open_il_12m,0.52%,0.52%,0.15%,6.05%, 3.33 , 40.42 
collections_12_mths_ex_med,mths_since_rcnt_il,-0.52%,0.52%,1.01%,3.24%, 0.01 , 42.30 
addr_state,inq_last_12m,-0.51%,0.51%,0.36%,6.37%, - , 40.42 
pub_rec,pct_tl_nvr_dlq,-0.51%,0.51%,2.88%,0.37%, 0.00 , 3.33 
open_il_24m,delinq_amnt,-0.51%,0.51%,6.07%,0.59%, 40.42 , 0.00 
issue_d,total_rev_hi_lim,0.51%,0.51%,1.78%,5.74%, - , 3.33 
acc_open_past_24mths,delinq_amnt,-0.51%,0.51%,8.87%,0.59%, 2.36 , 0.00 
installment,zip_code,0.51%,0.51%,3.00%,0.06%, - , - 
chargeoff_within_12_mths,delinq_amnt,0.51%,0.51%,0.21%,0.59%, 0.01 , 0.00 
issue_d,chargeoff_within_12_mths,-0.51%,0.51%,1.78%,0.21%, - , 0.01 
num_tl_120dpd_2m,year_issued,-0.50%,0.50%,0.22%,14.60%, 7.13 , - 
num_actv_bc_tl,num_tl_30dpd,-0.50%,0.50%,2.34%,0.48%, 3.33 , 3.33 
annual_inc,chargeoff_within_12_mths,0.50%,0.50%,3.54%,0.21%, - , 0.01 
zip_code,all_util,0.50%,0.50%,0.06%,7.38%, - , 40.43 
open_act_il,num_rev_tl_bal_gt_0,0.50%,0.50%,0.89%,5.06%, 40.42 , 3.33 
mths_since_recent_bc,num_il_tl,-0.50%,0.50%,4.36%,1.03%, 3.34 , 3.33 
earliest_cr_line,total_cu_tl,-0.50%,0.50%,0.11%,0.93%, 0.00 , 40.42 
inq_fi,num_tl_30dpd,-0.50%,0.50%,3.68%,0.48%, 40.42 , 3.33 
mo_sin_old_rev_tl_op,mths_since_recent_revol_delinq,-0.49%,0.49%,3.56%,0.67%, 3.33 , 66.98 
purpose,num_il_tl,-0.49%,0.49%,1.37%,1.03%, - , 3.33 
delinq_2yrs,open_il_12m,-0.49%,0.49%,1.91%,6.05%, 0.00 , 40.42 
desc,tot_hi_cred_lim,0.49%,0.49%,1.96%,6.20%, 94.16 , 3.33 
annual_inc,num_tl_120dpd_2m,0.49%,0.49%,3.54%,0.22%, - , 7.13 
purpose,addr_state,-0.49%,0.49%,1.37%,0.36%, - , - 
addr_state,open_acc_6m,0.49%,0.49%,0.36%,6.07%, - , 40.42 
chargeoff_within_12_mths,num_tl_op_past_12m,0.49%,0.49%,0.21%,7.72%, 0.01 , 3.33 
mths_since_last_delinq,percent_bc_gt_75,0.49%,0.49%,1.30%,7.83%, 50.89 , 3.43 
collections_12_mths_ex_med,open_act_il,0.49%,0.49%,1.01%,0.89%, 0.01 , 40.42 
open_il_12m,num_tl_30dpd,-0.49%,0.49%,6.05%,0.48%, 40.42 , 3.33 
home_ownership,tot_coll_amt,-0.49%,0.49%,5.05%,0.15%, - , 3.33 
open_act_il,num_tl_30dpd,0.48%,0.48%,0.89%,0.48%, 40.42 , 3.33 
issue_d,mths_since_recent_bc_dlq,0.48%,0.48%,1.78%,0.31%, - , 76.74 
zip_code,pub_rec,0.48%,0.48%,0.06%,2.88%, - , 0.00 
tot_coll_amt,mths_since_recent_bc,-0.48%,0.48%,0.15%,4.36%, 3.33 , 3.34 
delinq_2yrs,year_issued,-0.48%,0.48%,1.91%,14.60%, 0.00 , - 
int_rate,emp_length,0.48%,0.48%,19.85%,2.21%, - , 6.09 
mths_since_recent_inq,num_tl_120dpd_2m,0.48%,0.48%,5.32%,0.22%, 13.08 , 7.13 
mths_since_rcnt_il,year_issued,-0.48%,0.48%,3.24%,14.60%, 42.30 , - 
zip_code,acc_open_past_24mths,0.48%,0.48%,0.06%,8.87%, - , 2.36 
emp_length,collections_12_mths_ex_med,-0.47%,0.47%,2.21%,1.01%, 6.09 , 0.01 
title,mths_since_recent_revol_delinq,-0.47%,0.47%,2.77%,0.67%, 1.05 , 66.98 
emp_title,addr_state,0.47%,0.47%,2.52%,0.36%, 6.96 , - 
mths_since_last_major_derog,inq_last_12m,-0.47%,0.47%,1.14%,6.37%, 73.98 , 40.42 
earliest_cr_line,chargeoff_within_12_mths,-0.47%,0.47%,0.11%,0.21%, 0.00 , 0.01 
chargeoff_within_12_mths,num_rev_tl_bal_gt_0,-0.47%,0.47%,0.21%,5.06%, 0.01 , 3.33 
open_rv_12m,num_tl_30dpd,-0.46%,0.46%,5.27%,0.48%, 40.42 , 3.33 
earliest_cr_line,num_actv_rev_tl,-0.46%,0.46%,0.11%,5.07%, 0.00 , 3.33 
delinq_amnt,mo_sin_rcnt_rev_tl_op,0.46%,0.46%,0.59%,5.12%, 0.00 , 3.33 
total_acc,delinq_amnt,0.46%,0.46%,1.58%,0.59%, 0.00 , 0.00 
tot_coll_amt,num_tl_90g_dpd_24m,0.46%,0.46%,0.15%,1.22%, 3.33 , 3.33 
loan_amnt,delinq_2yrs,-0.46%,0.46%,2.68%,1.91%, - , 0.00 
num_actv_rev_tl,num_tl_30dpd,0.45%,0.45%,5.07%,0.48%, 3.33 , 3.33 
title,mths_since_last_record,-0.45%,0.45%,2.77%,2.03%, 1.05 , 84.01 
earliest_cr_line,tax_liens,-0.45%,0.45%,0.11%,1.36%, 0.00 , 0.00 
delinq_amnt,mo_sin_old_rev_tl_op,0.45%,0.45%,0.59%,3.56%, 0.00 , 3.33 
title,pub_rec_bankruptcies,-0.45%,0.45%,2.77%,2.17%, 1.05 , 0.07 
bc_util,num_tl_120dpd_2m,-0.45%,0.45%,7.59%,0.22%, 3.46 , 7.13 
emp_title,num_tl_op_past_12m,-0.44%,0.44%,2.52%,7.72%, 6.96 , 3.33 
funded_amnt,delinq_2yrs,-0.44%,0.44%,2.68%,1.91%, - , 0.00 
earliest_cr_line,num_rev_tl_bal_gt_0,-0.44%,0.44%,0.11%,5.06%, 0.00 , 3.33 
mths_since_last_delinq,total_cu_tl,-0.44%,0.44%,1.30%,0.93%, 50.89 , 40.42 
tot_cur_bal,num_tl_120dpd_2m,0.44%,0.44%,5.24%,0.22%, 3.33 , 7.13 
open_rv_24m,chargeoff_within_12_mths,0.44%,0.44%,6.91%,0.21%, 40.42 , 0.01 
emp_length,open_rv_24m,0.44%,0.44%,2.21%,6.91%, 6.09 , 40.42 
desc,chargeoff_within_12_mths,0.44%,0.44%,1.96%,0.21%, 94.16 , 0.01 
zip_code,mo_sin_old_il_acct,-0.44%,0.44%,0.06%,2.12%, - , 6.37 
num_tl_120dpd_2m,tot_hi_cred_lim,0.44%,0.44%,0.22%,6.20%, 7.13 , 3.33 
addr_state,delinq_amnt,0.44%,0.44%,0.36%,0.59%, - , 0.00 
earliest_cr_line,total_il_high_credit_limit,0.43%,0.43%,0.11%,1.21%, 0.00 , 3.33 
funded_amnt_inv,delinq_2yrs,-0.43%,0.43%,2.64%,1.91%, - , 0.00 
zip_code,collections_12_mths_ex_med,-0.43%,0.43%,0.06%,1.01%, - , 0.01 
inq_last_6mths,total_bc_limit,-0.43%,0.43%,7.88%,7.27%, 0.00 , 2.36 
num_tl_30dpd,num_tl_op_past_12m,-0.43%,0.43%,0.48%,7.72%, 3.33 , 3.33 
num_rev_tl_bal_gt_0,num_tl_30dpd,0.43%,0.43%,5.06%,0.48%, 3.33 , 3.33 
addr_state,max_bal_bc,0.42%,0.42%,0.36%,3.23%, - , 40.42 
num_tl_120dpd_2m,total_il_high_credit_limit,0.42%,0.42%,0.22%,1.21%, 7.13 , 3.33 
delinq_amnt,mths_since_recent_bc,0.42%,0.42%,0.59%,4.36%, 0.00 , 3.34 
delinq_2yrs,num_actv_rev_tl,-0.42%,0.42%,1.91%,5.07%, 0.00 , 3.33 
annual_inc,delinq_amnt,0.42%,0.42%,3.54%,0.59%, - , 0.00 
desc,addr_state,0.42%,0.42%,1.96%,0.36%, 94.16 , - 
home_ownership,num_tl_90g_dpd_24m,-0.42%,0.42%,5.05%,1.22%, - , 3.33 
delinq_2yrs,initial_list_status,-0.42%,0.42%,1.91%,6.85%, 0.00 , - 
pub_rec,num_tl_90g_dpd_24m,-0.42%,0.42%,2.88%,1.22%, 0.00 , 3.33 
total_cu_tl,mths_since_recent_revol_delinq,0.42%,0.42%,0.93%,0.67%, 40.42 , 66.98 
issue_d,total_bal_il,-0.42%,0.42%,1.78%,0.20%, - , 40.42 
il_util,mo_sin_old_il_acct,-0.42%,0.42%,5.89%,2.12%, 48.95 , 6.37 
earliest_cr_line,year_issued,0.42%,0.42%,0.11%,14.60%, 0.00 , - 
mths_since_rcnt_il,delinq_amnt,0.42%,0.42%,3.24%,0.59%, 42.30 , 0.00 
tot_coll_amt,num_op_rev_tl,0.41%,0.41%,0.15%,2.36%, 3.33 , 3.33 
revol_util,tax_liens,-0.41%,0.41%,6.95%,1.36%, 0.08 , 0.00 
annual_inc,percent_bc_gt_75,-0.41%,0.41%,3.54%,7.83%, - , 3.43 
emp_title,mths_since_last_delinq,0.41%,0.41%,2.52%,1.30%, 6.96 , 50.89 
zip_code,delinq_amnt,-0.41%,0.41%,0.06%,0.59%, - , 0.00 
grade,emp_length,0.41%,0.41%,22.19%,2.21%, - , 6.09 
delinq_2yrs,percent_bc_gt_75,-0.41%,0.41%,1.91%,7.83%, 0.00 , 3.43 
issue_d,delinq_2yrs,-0.41%,0.41%,1.78%,1.91%, - , 0.00 
funded_amnt_inv,addr_state,0.41%,0.41%,2.64%,0.36%, - , - 
mo_sin_old_rev_tl_op,num_tl_120dpd_2m,0.41%,0.41%,3.56%,0.22%, 3.33 , 7.13 
title,delinq_amnt,0.41%,0.41%,2.77%,0.59%, 1.05 , 0.00 
chargeoff_within_12_mths,num_bc_sats,-0.41%,0.41%,0.21%,0.43%, 0.01 , 2.77 
funded_amnt,addr_state,0.40%,0.40%,2.68%,0.36%, - , - 
sub_grade,emp_length,0.40%,0.40%,22.50%,2.21%, - , 6.09 
open_act_il,pct_tl_nvr_dlq,-0.40%,0.40%,0.89%,0.37%, 40.42 , 3.33 
acc_open_past_24mths,num_tl_120dpd_2m,-0.40%,0.40%,8.87%,0.22%, 2.36 , 7.13 
installment,desc,0.40%,0.40%,3.00%,1.96%, - , 94.16 
issue_d,dti,0.40%,0.40%,1.78%,7.83%, - , - 
loan_amnt,addr_state,0.40%,0.40%,2.68%,0.36%, - , - 
zip_code,dti,0.40%,0.40%,0.06%,7.83%, - , - 
earliest_cr_line,delinq_amnt,0.40%,0.40%,0.11%,0.59%, 0.00 , 0.00 
addr_state,num_tl_op_past_12m,0.40%,0.40%,0.36%,7.72%, - , 3.33 
grade,delinq_amnt,0.40%,0.40%,22.19%,0.59%, - , 0.00 
collections_12_mths_ex_med,open_il_24m,-0.40%,0.40%,1.01%,6.07%, 0.01 , 40.42 
zip_code,inq_last_6mths,0.39%,0.39%,0.06%,7.88%, - , 0.00 
issue_d,max_bal_bc,-0.39%,0.39%,1.78%,3.23%, - , 40.42 
mths_since_last_delinq,revol_util,0.39%,0.39%,1.30%,6.95%, 50.89 , 0.08 
emp_title,open_rv_24m,0.39%,0.39%,2.52%,6.91%, 6.96 , 40.42 
pub_rec,num_actv_rev_tl,-0.39%,0.39%,2.88%,5.07%, 0.00 , 3.33 
purpose,total_il_high_credit_limit,-0.39%,0.39%,1.37%,1.21%, - , 3.33 
sub_grade,delinq_amnt,0.39%,0.39%,22.50%,0.59%, - , 0.00 
sub_grade,addr_state,0.39%,0.39%,22.50%,0.36%, - , - 
installment,num_tl_30dpd,0.39%,0.39%,3.00%,0.48%, - , 3.33 
open_acc_6m,num_tl_30dpd,-0.39%,0.39%,6.07%,0.48%, 40.42 , 3.33 
bc_util,tax_liens,-0.38%,0.38%,7.59%,1.36%, 3.46 , 0.00 
emp_title,open_rv_12m,0.38%,0.38%,2.52%,5.27%, 6.96 , 40.42 
chargeoff_within_12_mths,num_op_rev_tl,0.38%,0.38%,0.21%,2.36%, 0.01 , 3.33 
earliest_cr_line,pct_tl_nvr_dlq,0.38%,0.38%,0.11%,0.37%, 0.00 , 3.33 
issue_d,tax_liens,-0.38%,0.38%,1.78%,1.36%, - , 0.00 
dti,collections_12_mths_ex_med,-0.38%,0.38%,7.83%,1.01%, - , 0.01 
open_act_il,num_rev_accts,-0.38%,0.38%,0.89%,2.22%, 40.42 , 3.33 
grade,addr_state,0.38%,0.38%,22.19%,0.36%, - , - 
emp_length,mths_since_recent_inq,0.38%,0.38%,2.21%,5.32%, 6.09 , 13.08 
inq_fi,delinq_amnt,-0.37%,0.37%,3.68%,0.59%, 40.42 , 0.00 
desc,num_bc_sats,0.37%,0.37%,1.96%,0.43%, 94.16 , 2.77 
mo_sin_rcnt_tl,year_issued,0.37%,0.37%,5.35%,14.60%, 3.33 , - 
delinq_2yrs,earliest_cr_line,-0.37%,0.37%,1.91%,0.11%, 0.00 , 0.00 
int_rate,delinq_amnt,0.37%,0.37%,19.85%,0.59%, - , 0.00 
emp_title,collections_12_mths_ex_med,0.37%,0.37%,2.52%,1.01%, 6.96 , 0.01 
mths_since_last_delinq,bc_open_to_buy,-0.37%,0.37%,1.30%,8.08%, 50.89 , 3.40 
tot_coll_amt,open_il_24m,0.37%,0.37%,0.15%,6.07%, 3.33 , 40.42 
chargeoff_within_12_mths,num_sats,0.37%,0.37%,0.21%,1.84%, 0.01 , 2.77 
emp_title,inq_fi,0.37%,0.37%,2.52%,3.68%, 6.96 , 40.42 
mths_since_last_record,total_bal_il,-0.36%,0.36%,2.03%,0.20%, 84.01 , 40.42 
delinq_amnt,total_bc_limit,0.36%,0.36%,0.59%,7.27%, 0.00 , 2.36 
term,mths_since_recent_revol_delinq,0.36%,0.36%,9.11%,0.67%, - , 66.98 
num_rev_tl_bal_gt_0,tax_liens,0.36%,0.36%,5.06%,1.36%, 3.33 , 0.00 
issue_d,mo_sin_rcnt_rev_tl_op,0.36%,0.36%,1.78%,5.12%, - , 3.33 
emp_length,open_rv_12m,0.36%,0.36%,2.21%,5.27%, 6.09 , 40.42 
mo_sin_rcnt_tl,num_tl_30dpd,0.36%,0.36%,5.35%,0.48%, 3.33 , 3.33 
emp_length,desc,-0.36%,0.36%,2.21%,1.96%, 6.09 , 94.16 
purpose,chargeoff_within_12_mths,0.36%,0.36%,1.37%,0.21%, - , 0.01 
title,avg_cur_bal,0.36%,0.36%,2.77%,5.62%, 1.05 , 3.33 
desc,mths_since_recent_inq,0.35%,0.35%,1.96%,5.32%, 94.16 , 13.08 
acc_open_past_24mths,num_tl_30dpd,-0.35%,0.35%,8.87%,0.48%, 2.36 , 3.33 
il_util,num_tl_120dpd_2m,-0.35%,0.35%,5.89%,0.22%, 48.95 , 7.13 
addr_state,mo_sin_old_rev_tl_op,0.35%,0.35%,0.36%,3.56%, - , 3.33 
earliest_cr_line,num_accts_ever_120_pd,-0.35%,0.35%,0.11%,0.85%, 0.00 , 3.33 
num_bc_sats,num_tl_30dpd,-0.34%,0.34%,0.43%,0.48%, 2.77 , 3.33 
all_util,delinq_amnt,0.34%,0.34%,7.38%,0.59%, 40.43 , 0.00 
max_bal_bc,year_issued,0.34%,0.34%,3.23%,14.60%, 40.42 , - 
num_tl_30dpd,total_bc_limit,0.34%,0.34%,0.48%,7.27%, 3.33 , 2.36 
total_bal_il,pct_tl_nvr_dlq,0.34%,0.34%,0.20%,0.37%, 40.42 , 3.33 
earliest_cr_line,inq_fi,0.34%,0.34%,0.11%,3.68%, 0.00 , 40.42 
num_op_rev_tl,tax_liens,-0.34%,0.34%,2.36%,1.36%, 3.33 , 0.00 
il_util,tax_liens,0.34%,0.34%,5.89%,1.36%, 48.95 , 0.00 
open_act_il,mort_acc,-0.34%,0.34%,0.89%,3.24%, 40.42 , 2.36 
total_cu_tl,delinq_amnt,-0.34%,0.34%,0.93%,0.59%, 40.42 , 0.00 
chargeoff_within_12_mths,total_bal_ex_mort,-0.34%,0.34%,0.21%,1.03%, 0.01 , 2.36 
open_rv_12m,delinq_amnt,-0.34%,0.34%,5.27%,0.59%, 40.42 , 0.00 
issue_d,tot_cur_bal,-0.34%,0.34%,1.78%,5.24%, - , 3.33 
tot_cur_bal,tax_liens,-0.34%,0.34%,5.24%,1.36%, 3.33 , 0.00 
earliest_cr_line,mths_since_last_delinq,0.33%,0.33%,0.11%,1.30%, 0.00 , 50.89 
issue_d,mths_since_recent_revol_delinq,0.33%,0.33%,1.78%,0.67%, - , 66.98 
emp_title,num_accts_ever_120_pd,-0.33%,0.33%,2.52%,0.85%, 6.96 , 3.33 
initial_list_status,delinq_amnt,0.33%,0.33%,6.85%,0.59%, - , 0.00 
funded_amnt_inv,open_il_12m,0.33%,0.33%,2.64%,6.05%, - , 40.42 
loan_amnt,open_il_12m,0.33%,0.33%,2.68%,6.05%, - , 40.42 
funded_amnt,open_il_12m,0.33%,0.33%,2.68%,6.05%, - , 40.42 
purpose,year_issued,0.33%,0.33%,1.37%,14.60%, - , - 
int_rate,addr_state,0.32%,0.32%,19.85%,0.36%, - , - 
delinq_amnt,mths_since_recent_inq,0.32%,0.32%,0.59%,5.32%, 0.00 , 13.08 
delinq_amnt,num_rev_accts,0.32%,0.32%,0.59%,2.22%, 0.00 , 3.33 
delinq_amnt,num_bc_sats,0.32%,0.32%,0.59%,0.43%, 0.00 , 2.77 
delinq_2yrs,open_acc_6m,0.32%,0.32%,1.91%,6.07%, 0.00 , 40.42 
addr_state,pct_tl_nvr_dlq,0.31%,0.31%,0.36%,0.37%, - , 3.33 
il_util,chargeoff_within_12_mths,-0.31%,0.31%,5.89%,0.21%, 48.95 , 0.01 
collections_12_mths_ex_med,num_bc_sats,0.31%,0.31%,1.01%,0.43%, 0.01 , 2.77 
desc,zip_code,-0.31%,0.31%,1.96%,0.06%, 94.16 , - 
funded_amnt_inv,issue_d,0.31%,0.31%,2.64%,1.78%, - , - 
purpose,collections_12_mths_ex_med,0.31%,0.31%,1.37%,1.01%, - , 0.01 
mths_since_rcnt_il,num_tl_30dpd,0.31%,0.31%,3.24%,0.48%, 42.30 , 3.33 
issue_d,pub_rec_bankruptcies,0.31%,0.31%,1.78%,2.17%, - , 0.07 
inq_last_12m,delinq_amnt,-0.31%,0.31%,6.37%,0.59%, 40.42 , 0.00 
tot_coll_amt,mort_acc,0.31%,0.31%,0.15%,3.24%, 3.33 , 2.36 
title,mo_sin_rcnt_tl,-0.31%,0.31%,2.77%,5.35%, 1.05 , 3.33 
title,open_rv_12m,-0.31%,0.31%,2.77%,5.27%, 1.05 , 40.42 
inq_last_12m,num_tl_120dpd_2m,-0.31%,0.31%,6.37%,0.22%, 40.42 , 7.13 
earliest_cr_line,open_il_12m,0.31%,0.31%,0.11%,6.05%, 0.00 , 40.42 
open_il_24m,mo_sin_old_rev_tl_op,-0.31%,0.31%,6.07%,3.56%, 40.42 , 3.33 
delinq_amnt,num_bc_tl,0.30%,0.30%,0.59%,1.56%, 0.00 , 3.33 
num_tl_120dpd_2m,total_bal_ex_mort,0.30%,0.30%,0.22%,1.03%, 7.13 , 2.36 
annual_inc,tot_coll_amt,-0.30%,0.30%,3.54%,0.15%, - , 3.33 
open_act_il,num_actv_rev_tl,0.30%,0.30%,0.89%,5.07%, 40.42 , 3.33 
num_actv_rev_tl,tax_liens,0.30%,0.30%,5.07%,1.36%, 3.33 , 0.00 
purpose,total_cu_tl,-0.30%,0.30%,1.37%,0.93%, - , 40.42 
home_ownership,open_rv_12m,-0.30%,0.30%,5.05%,5.27%, - , 40.42 
inq_last_12m,num_tl_30dpd,-0.30%,0.30%,6.37%,0.48%, 40.42 , 3.33 
installment,inq_last_6mths,0.30%,0.30%,3.00%,7.88%, - , 0.00 
issue_d,num_tl_90g_dpd_24m,-0.30%,0.30%,1.78%,1.22%, - , 3.33 
desc,open_il_24m,0.29%,0.29%,1.96%,6.07%, 94.16 , 40.42 
loan_amnt,chargeoff_within_12_mths,-0.29%,0.29%,2.68%,0.21%, - , 0.01 
home_ownership,pub_rec,0.29%,0.29%,5.05%,2.88%, - , 0.00 
num_accts_ever_120_pd,num_tl_30dpd,-0.29%,0.29%,0.85%,0.48%, 3.33 , 3.33 
installment,num_tl_op_past_12m,-0.29%,0.29%,3.00%,7.72%, - , 3.33 
funded_amnt,chargeoff_within_12_mths,-0.29%,0.29%,2.68%,0.21%, - , 0.01 
purpose,zip_code,-0.29%,0.29%,1.37%,0.06%, - , - 
open_rv_12m,num_tl_90g_dpd_24m,-0.29%,0.29%,5.27%,1.22%, 40.42 , 3.33 
open_il_24m,chargeoff_within_12_mths,0.29%,0.29%,6.07%,0.21%, 40.42 , 0.01 
emp_length,il_util,0.29%,0.29%,2.21%,5.89%, 6.09 , 48.95 
delinq_amnt,tax_liens,0.29%,0.29%,0.59%,1.36%, 0.00 , 0.00 
earliest_cr_line,num_tl_120dpd_2m,0.28%,0.28%,0.11%,0.22%, 0.00 , 7.13 
tax_liens,tot_hi_cred_lim,-0.28%,0.28%,1.36%,6.20%, 0.00 , 3.33 
open_act_il,num_actv_bc_tl,-0.28%,0.28%,0.89%,2.34%, 40.42 , 3.33 
issue_d,num_accts_ever_120_pd,-0.28%,0.28%,1.78%,0.85%, - , 3.33 
addr_state,revol_bal,0.28%,0.28%,0.36%,1.79%, - , - 
pub_rec,delinq_amnt,0.28%,0.28%,2.88%,0.59%, 0.00 , 0.00 
funded_amnt_inv,chargeoff_within_12_mths,-0.28%,0.28%,2.64%,0.21%, - , 0.01 
emp_title,inq_last_12m,-0.28%,0.28%,2.52%,6.37%, 6.96 , 40.42 
collections_12_mths_ex_med,tax_liens,0.27%,0.27%,1.01%,1.36%, 0.01 , 0.00 
collections_12_mths_ex_med,il_util,0.27%,0.27%,1.01%,5.89%, 0.01 , 48.95 
emp_length,tot_coll_amt,-0.27%,0.27%,2.21%,0.15%, 6.09 , 3.33 
earliest_cr_line,total_acc,-0.27%,0.27%,0.11%,1.58%, 0.00 , 0.00 
total_bal_il,num_tl_30dpd,0.27%,0.27%,0.20%,0.48%, 40.42 , 3.33 
term,mths_since_recent_bc_dlq,0.27%,0.27%,9.11%,0.31%, - , 76.74 
grade,issue_d,-0.27%,0.27%,22.19%,1.78%, - , - 
num_actv_rev_tl,num_tl_120dpd_2m,-0.27%,0.27%,5.07%,0.22%, 3.33 , 7.13 
sub_grade,issue_d,-0.27%,0.27%,22.50%,1.78%, - , - 
total_cu_tl,bc_open_to_buy,0.26%,0.26%,0.93%,8.08%, 40.42 , 3.40 
desc,num_tl_90g_dpd_24m,0.26%,0.26%,1.96%,1.22%, 94.16 , 3.33 
total_bal_il,open_rv_24m,-0.26%,0.26%,0.20%,6.91%, 40.42 , 40.42 
funded_amnt,issue_d,0.26%,0.26%,2.68%,1.78%, - , - 
num_rev_tl_bal_gt_0,num_tl_120dpd_2m,-0.26%,0.26%,5.06%,0.22%, 3.33 , 7.13 
home_ownership,num_tl_120dpd_2m,0.26%,0.26%,5.05%,0.22%, - , 7.13 
max_bal_bc,num_tl_120dpd_2m,-0.26%,0.26%,3.23%,0.22%, 40.42 , 7.13 
mo_sin_rcnt_rev_tl_op,tax_liens,-0.25%,0.25%,5.12%,1.36%, 3.33 , 0.00 
tax_liens,total_il_high_credit_limit,0.25%,0.25%,1.36%,1.21%, 0.00 , 3.33 
open_acc,delinq_amnt,0.25%,0.25%,1.78%,0.59%, 0.00 , 0.00 
emp_length,num_tl_120dpd_2m,-0.25%,0.25%,2.21%,0.22%, 6.09 , 7.13 
zip_code,tot_hi_cred_lim,0.25%,0.25%,0.06%,6.20%, - , 3.33 
loan_amnt,issue_d,0.25%,0.25%,2.68%,1.78%, - , - 
total_cu_tl,chargeoff_within_12_mths,0.25%,0.25%,0.93%,0.21%, 40.42 , 0.01 
initial_list_status,num_accts_ever_120_pd,-0.25%,0.25%,6.85%,0.85%, - , 3.33 
emp_length,purpose,0.25%,0.25%,2.21%,1.37%, 6.09 , - 
issue_d,open_il_12m,-0.25%,0.25%,1.78%,6.05%, - , 40.42 
addr_state,num_actv_rev_tl,0.25%,0.25%,0.36%,5.07%, - , 3.33 
loan_amnt,mths_since_last_major_derog,-0.25%,0.25%,2.68%,1.14%, - , 73.98 
earliest_cr_line,acc_open_past_24mths,0.25%,0.25%,0.11%,8.87%, 0.00 , 2.36 
funded_amnt,mths_since_last_major_derog,-0.25%,0.25%,2.68%,1.14%, - , 73.98 
addr_state,earliest_cr_line,0.25%,0.25%,0.36%,0.11%, - , 0.00 
dti,mths_since_recent_bc,-0.25%,0.25%,7.83%,4.36%, - , 3.34 
funded_amnt_inv,mths_since_last_major_derog,-0.25%,0.25%,2.64%,1.14%, - , 73.98 
open_acc_6m,delinq_amnt,-0.25%,0.25%,6.07%,0.59%, 40.42 , 0.00 
mths_since_last_delinq,mths_since_last_record,0.25%,0.25%,1.30%,2.03%, 50.89 , 84.01 
open_acc_6m,pct_tl_nvr_dlq,0.25%,0.25%,6.07%,0.37%, 40.42 , 3.33 
total_bal_il,num_tl_120dpd_2m,0.24%,0.24%,0.20%,0.22%, 40.42 , 7.13 
earliest_cr_line,mo_sin_rcnt_tl,-0.24%,0.24%,0.11%,5.35%, 0.00 , 3.33 
num_actv_bc_tl,num_tl_120dpd_2m,-0.24%,0.24%,2.34%,0.22%, 3.33 , 7.13 
mths_since_recent_bc_dlq,tax_liens,0.24%,0.24%,0.31%,1.36%, 76.74 , 0.00 
earliest_cr_line,mths_since_recent_bc,-0.24%,0.24%,0.11%,4.36%, 0.00 , 3.34 
funded_amnt,mths_since_recent_inq,-0.24%,0.24%,2.68%,5.32%, - , 13.08 
funded_amnt_inv,mths_since_recent_inq,-0.24%,0.24%,2.64%,5.32%, - , 13.08 
loan_amnt,mths_since_recent_inq,-0.24%,0.24%,2.68%,5.32%, - , 13.08 
earliest_cr_line,mo_sin_rcnt_rev_tl_op,-0.24%,0.24%,0.11%,5.12%, 0.00 , 3.33 
earliest_cr_line,open_acc_6m,0.24%,0.24%,0.11%,6.07%, 0.00 , 40.42 
addr_state,num_rev_tl_bal_gt_0,0.24%,0.24%,0.36%,5.06%, - , 3.33 
num_tl_120dpd_2m,tax_liens,0.24%,0.24%,0.22%,1.36%, 7.13 , 0.00 
dti,num_tl_120dpd_2m,-0.24%,0.24%,7.83%,0.22%, - , 7.13 
revol_bal,mths_since_last_major_derog,0.24%,0.24%,1.79%,1.14%, - , 73.98 
emp_title,num_tl_120dpd_2m,0.24%,0.24%,2.52%,0.22%, 6.96 , 7.13 
tot_coll_amt,num_tl_120dpd_2m,0.24%,0.24%,0.15%,0.22%, 3.33 , 7.13 
term,inq_last_6mths,0.24%,0.24%,9.11%,7.88%, - , 0.00 
earliest_cr_line,pub_rec,-0.23%,0.23%,0.11%,2.88%, 0.00 , 0.00 
issue_d,mo_sin_rcnt_tl,0.23%,0.23%,1.78%,5.35%, - , 3.33 
delinq_2yrs,il_util,-0.23%,0.23%,1.91%,5.89%, 0.00 , 48.95 
desc,mo_sin_rcnt_rev_tl_op,-0.23%,0.23%,1.96%,5.12%, 94.16 , 3.33 
earliest_cr_line,mths_since_recent_inq,-0.23%,0.23%,0.11%,5.32%, 0.00 , 13.08 
emp_length,issue_d,0.23%,0.23%,2.21%,1.78%, 6.09 , - 
addr_state,num_op_rev_tl,0.23%,0.23%,0.36%,2.36%, - , 3.33 
issue_d,inq_fi,0.22%,0.22%,1.78%,3.68%, - , 40.42 
issue_d,num_rev_tl_bal_gt_0,-0.22%,0.22%,1.78%,5.06%, - , 3.33 
mo_sin_old_rev_tl_op,mths_since_recent_inq,0.22%,0.22%,3.56%,5.32%, 3.33 , 13.08 
desc,open_il_12m,0.22%,0.22%,1.96%,6.05%, 94.16 , 40.42 
verification_status,mo_sin_old_rev_tl_op,0.22%,0.22%,9.68%,3.56%, - , 3.33 
chargeoff_within_12_mths,year_issued,0.22%,0.22%,0.21%,14.60%, 0.01 , - 
initial_list_status,mort_acc,0.22%,0.22%,6.85%,3.24%, - , 2.36 
issue_d,total_cu_tl,0.22%,0.22%,1.78%,0.93%, - , 40.42 
collections_12_mths_ex_med,open_il_12m,0.22%,0.22%,1.01%,6.05%, 0.01 , 40.42 
emp_title,chargeoff_within_12_mths,0.22%,0.22%,2.52%,0.21%, 6.96 , 0.01 
collections_12_mths_ex_med,num_actv_bc_tl,-0.21%,0.21%,1.01%,2.34%, 0.01 , 3.33 
issue_d,num_actv_rev_tl,-0.21%,0.21%,1.78%,5.07%, - , 3.33 
emp_title,num_tl_90g_dpd_24m,0.21%,0.21%,2.52%,1.22%, 6.96 , 3.33 
total_cu_tl,num_tl_120dpd_2m,-0.21%,0.21%,0.93%,0.22%, 40.42 , 7.13 
emp_title,issue_d,0.21%,0.21%,2.52%,1.78%, 6.96 , - 
issue_d,open_act_il,-0.21%,0.21%,1.78%,0.89%, - , 40.42 
initial_list_status,num_tl_120dpd_2m,-0.21%,0.21%,6.85%,0.22%, - , 7.13 
earliest_cr_line,num_tl_90g_dpd_24m,-0.21%,0.21%,0.11%,1.22%, 0.00 , 3.33 
dti,chargeoff_within_12_mths,-0.21%,0.21%,7.83%,0.21%, - , 0.01 
avg_cur_bal,num_tl_120dpd_2m,0.20%,0.20%,5.62%,0.22%, 3.33 , 7.13 
chargeoff_within_12_mths,tax_liens,-0.20%,0.20%,0.21%,1.36%, 0.01 , 0.00 
issue_d,zip_code,0.20%,0.20%,1.78%,0.06%, - , - 
issue_d,open_acc_6m,0.20%,0.20%,1.78%,6.07%, - , 40.42 
issue_d,num_il_tl,-0.20%,0.20%,1.78%,1.03%, - , 3.33 
issue_d,num_tl_op_past_12m,-0.20%,0.20%,1.78%,7.72%, - , 3.33 
num_tl_120dpd_2m,pub_rec_bankruptcies,-0.20%,0.20%,0.22%,2.17%, 7.13 , 0.07 
verification_status,mo_sin_old_il_acct,0.20%,0.20%,9.68%,2.12%, - , 6.37 
term,num_tl_30dpd,-0.20%,0.20%,9.11%,0.48%, - , 3.33 
tot_cur_bal,year_issued,0.20%,0.20%,5.24%,14.60%, 3.33 , - 
total_bal_il,mths_since_recent_revol_delinq,0.20%,0.20%,0.20%,0.67%, 40.42 , 66.98 
dti,earliest_cr_line,0.20%,0.20%,7.83%,0.11%, - , 0.00 
num_tl_120dpd_2m,total_bc_limit,-0.19%,0.19%,0.22%,7.27%, 7.13 , 2.36 
open_il_12m,mo_sin_old_rev_tl_op,-0.19%,0.19%,6.05%,3.56%, 40.42 , 3.33 
tax_liens,total_bal_ex_mort,-0.19%,0.19%,1.36%,1.03%, 0.00 , 2.36 
emp_length,earliest_cr_line,0.19%,0.19%,2.21%,0.11%, 6.09 , 0.00 
desc,inq_fi,0.19%,0.19%,1.96%,3.68%, 94.16 , 40.42 
addr_state,num_tl_30dpd,0.19%,0.19%,0.36%,0.48%, - , 3.33 
revol_bal,num_tl_30dpd,-0.19%,0.19%,1.79%,0.48%, - , 3.33 
emp_length,chargeoff_within_12_mths,-0.19%,0.19%,2.21%,0.21%, 6.09 , 0.01 
bc_util,delinq_amnt,-0.19%,0.19%,7.59%,0.59%, 3.46 , 0.00 
desc,open_rv_24m,0.19%,0.19%,1.96%,6.91%, 94.16 , 40.42 
issue_d,mo_sin_old_il_acct,-0.19%,0.19%,1.78%,2.12%, - , 6.37 
issue_d,pub_rec,-0.19%,0.19%,1.78%,2.88%, - , 0.00 
mo_sin_rcnt_rev_tl_op,num_tl_30dpd,0.19%,0.19%,5.12%,0.48%, 3.33 , 3.33 
open_il_12m,chargeoff_within_12_mths,0.18%,0.18%,6.05%,0.21%, 40.42 , 0.01 
desc,num_tl_120dpd_2m,0.18%,0.18%,1.96%,0.22%, 94.16 , 7.13 
verification_status,total_rev_hi_lim,-0.18%,0.18%,9.68%,5.74%, - , 3.33 
desc,num_tl_30dpd,0.18%,0.18%,1.96%,0.48%, 94.16 , 3.33 
num_il_tl,pct_tl_nvr_dlq,-0.18%,0.18%,1.03%,0.37%, 3.33 , 3.33 
open_act_il,delinq_amnt,-0.18%,0.18%,0.89%,0.59%, 40.42 , 0.00 
collections_12_mths_ex_med,total_cu_tl,-0.18%,0.18%,1.01%,0.93%, 0.01 , 40.42 
addr_state,num_tl_120dpd_2m,-0.18%,0.18%,0.36%,0.22%, - , 7.13 
pub_rec,num_tl_30dpd,-0.18%,0.18%,2.88%,0.48%, 0.00 , 3.33 
desc,total_bal_il,0.18%,0.18%,1.96%,0.20%, 94.16 , 40.42 
home_ownership,issue_d,0.18%,0.18%,5.05%,1.78%, - , - 
mths_since_last_delinq,mo_sin_old_il_acct,-0.17%,0.17%,1.30%,2.12%, 50.89 , 6.37 
earliest_cr_line,tot_coll_amt,-0.17%,0.17%,0.11%,0.15%, 0.00 , 3.33 
funded_amnt,acc_open_past_24mths,0.17%,0.17%,2.68%,8.87%, - , 2.36 
desc,open_act_il,0.17%,0.17%,1.96%,0.89%, 94.16 , 40.42 
loan_amnt,acc_open_past_24mths,0.17%,0.17%,2.68%,8.87%, - , 2.36 
funded_amnt_inv,acc_open_past_24mths,0.16%,0.16%,2.64%,8.87%, - , 2.36 
annual_inc,zip_code,-0.16%,0.16%,3.54%,0.06%, - , - 
earliest_cr_line,open_il_24m,0.16%,0.16%,0.11%,6.07%, 0.00 , 40.42 
delinq_amnt,mths_since_recent_bc_dlq,-0.16%,0.16%,0.59%,0.31%, 0.00 , 76.74 
avg_cur_bal,tax_liens,0.16%,0.16%,5.62%,1.36%, 3.33 , 0.00 
issue_d,mths_since_rcnt_il,-0.16%,0.16%,1.78%,3.24%, - , 42.30 
chargeoff_within_12_mths,num_actv_rev_tl,-0.16%,0.16%,0.21%,5.07%, 0.01 , 3.33 
mths_since_rcnt_il,tax_liens,0.16%,0.16%,3.24%,1.36%, 42.30 , 0.00 
open_rv_12m,num_tl_120dpd_2m,-0.16%,0.16%,5.27%,0.22%, 40.42 , 7.13 
open_il_12m,num_tl_90g_dpd_24m,0.16%,0.16%,6.05%,1.22%, 40.42 , 3.33 
desc,earliest_cr_line,0.16%,0.16%,1.96%,0.11%, 94.16 , 0.00 
open_act_il,chargeoff_within_12_mths,-0.16%,0.16%,0.89%,0.21%, 40.42 , 0.01 
num_sats,num_tl_120dpd_2m,0.16%,0.16%,1.84%,0.22%, 2.77 , 7.13 
all_util,tax_liens,0.16%,0.16%,7.38%,1.36%, 40.43 , 0.00 
addr_state,num_tl_90g_dpd_24m,0.16%,0.16%,0.36%,1.22%, - , 3.33 
delinq_amnt,total_il_high_credit_limit,0.16%,0.16%,0.59%,1.21%, 0.00 , 3.33 
desc,mths_since_recent_revol_delinq,-0.16%,0.16%,1.96%,0.67%, 94.16 , 66.98 
issue_d,open_il_24m,-0.15%,0.15%,1.78%,6.07%, - , 40.42 
mths_since_last_record,total_cu_tl,-0.15%,0.15%,2.03%,0.93%, 84.01 , 40.42 
title,collections_12_mths_ex_med,-0.15%,0.15%,2.77%,1.01%, 1.05 , 0.01 
zip_code,open_acc_6m,-0.15%,0.15%,0.06%,6.07%, - , 40.42 
zip_code,num_tl_120dpd_2m,0.15%,0.15%,0.06%,0.22%, - , 7.13 
home_ownership,tax_liens,-0.15%,0.15%,5.05%,1.36%, - , 0.00 
installment,issue_d,-0.15%,0.15%,3.00%,1.78%, - , - 
desc,delinq_amnt,0.15%,0.15%,1.96%,0.59%, 94.16 , 0.00 
tot_coll_amt,num_tl_30dpd,-0.15%,0.15%,0.15%,0.48%, 3.33 , 3.33 
num_op_rev_tl,year_issued,-0.15%,0.15%,2.36%,14.60%, 3.33 , - 
num_tl_90g_dpd_24m,num_tl_op_past_12m,-0.15%,0.15%,1.22%,7.72%, 3.33 , 3.33 
grade,total_il_high_credit_limit,0.15%,0.15%,22.19%,1.21%, - , 3.33 
inq_last_6mths,delinq_amnt,0.14%,0.14%,7.88%,0.59%, 0.00 , 0.00 
earliest_cr_line,mths_since_last_record,0.14%,0.14%,0.11%,2.03%, 0.00 , 84.01 
open_rv_24m,delinq_amnt,-0.14%,0.14%,6.91%,0.59%, 40.42 , 0.00 
inq_last_6mths,mo_sin_old_rev_tl_op,-0.14%,0.14%,7.88%,3.56%, 0.00 , 3.33 
earliest_cr_line,num_sats,0.14%,0.14%,0.11%,1.84%, 0.00 , 2.77 
delinq_2yrs,revol_util,-0.14%,0.14%,1.91%,6.95%, 0.00 , 0.08 
home_ownership,delinq_amnt,-0.14%,0.14%,5.05%,0.59%, - , 0.00 
delinq_amnt,num_actv_rev_tl,0.14%,0.14%,0.59%,5.07%, 0.00 , 3.33 
num_bc_sats,tax_liens,0.14%,0.14%,0.43%,1.36%, 2.77 , 0.00 
issue_d,tot_hi_cred_lim,-0.14%,0.14%,1.78%,6.20%, - , 3.33 
mo_sin_old_il_acct,mths_since_recent_bc_dlq,-0.14%,0.14%,2.12%,0.31%, 6.37 , 76.74 
issue_d,revol_bal,0.14%,0.14%,1.78%,1.79%, - , - 
addr_state,inq_fi,-0.14%,0.14%,0.36%,3.68%, - , 40.42 
max_bal_bc,num_tl_30dpd,0.14%,0.14%,3.23%,0.48%, 40.42 , 3.33 
mths_since_last_delinq,max_bal_bc,0.14%,0.14%,1.30%,3.23%, 50.89 , 40.42 
emp_title,delinq_amnt,-0.14%,0.14%,2.52%,0.59%, 6.96 , 0.00 
term,num_tl_120dpd_2m,0.14%,0.14%,9.11%,0.22%, - , 7.13 
mths_since_recent_bc_dlq,num_op_rev_tl,0.14%,0.14%,0.31%,2.36%, 76.74 , 3.33 
initial_list_status,mths_since_recent_revol_delinq,0.13%,0.13%,6.85%,0.67%, - , 66.98 
inq_fi,num_actv_bc_tl,-0.13%,0.13%,3.68%,2.34%, 40.42 , 3.33 
initial_list_status,tax_liens,-0.13%,0.13%,6.85%,1.36%, - , 0.00 
desc,tot_cur_bal,-0.13%,0.13%,1.96%,5.24%, 94.16 , 3.33 
funded_amnt_inv,num_tl_120dpd_2m,-0.13%,0.13%,2.64%,0.22%, - , 7.13 
verification_status,addr_state,0.13%,0.13%,9.68%,0.36%, - , - 
installment,chargeoff_within_12_mths,-0.13%,0.13%,3.00%,0.21%, - , 0.01 
loan_amnt,num_tl_120dpd_2m,-0.13%,0.13%,2.68%,0.22%, - , 7.13 
funded_amnt,num_tl_120dpd_2m,-0.13%,0.13%,2.68%,0.22%, - , 7.13 
chargeoff_within_12_mths,mo_sin_rcnt_rev_tl_op,0.13%,0.13%,0.21%,5.12%, 0.01 , 3.33 
open_rv_12m,chargeoff_within_12_mths,0.13%,0.13%,5.27%,0.21%, 40.42 , 0.01 
open_act_il,num_op_rev_tl,0.13%,0.13%,0.89%,2.36%, 40.42 , 3.33 
issue_d,mths_since_recent_inq,0.13%,0.13%,1.78%,5.32%, - , 13.08 
purpose,delinq_amnt,0.13%,0.13%,1.37%,0.59%, - , 0.00 
delinq_amnt,percent_bc_gt_75,-0.13%,0.13%,0.59%,7.83%, 0.00 , 3.43 
issue_d,total_il_high_credit_limit,-0.13%,0.13%,1.78%,1.21%, - , 3.33 
loan_amnt,delinq_amnt,-0.12%,0.12%,2.68%,0.59%, - , 0.00 
int_rate,total_il_high_credit_limit,-0.12%,0.12%,19.85%,1.21%, - , 3.33 
issue_d,open_rv_12m,-0.12%,0.12%,1.78%,5.27%, - , 40.42 
mths_since_last_major_derog,num_bc_tl,0.12%,0.12%,1.14%,1.56%, 73.98 , 3.33 
funded_amnt,delinq_amnt,-0.12%,0.12%,2.68%,0.59%, - , 0.00 
addr_state,total_bc_limit,-0.12%,0.12%,0.36%,7.27%, - , 2.36 
delinq_amnt,num_sats,-0.12%,0.12%,0.59%,1.84%, 0.00 , 2.77 
funded_amnt_inv,delinq_amnt,-0.12%,0.12%,2.64%,0.59%, - , 0.00 
emp_title,num_bc_sats,-0.12%,0.12%,2.52%,0.43%, 6.96 , 2.77 
emp_title,num_actv_rev_tl,0.12%,0.12%,2.52%,5.07%, 6.96 , 3.33 
collections_12_mths_ex_med,total_il_high_credit_limit,0.12%,0.12%,1.01%,1.21%, 0.01 , 3.33 
revol_bal,num_tl_120dpd_2m,-0.12%,0.12%,1.79%,0.22%, - , 7.13 
open_acc_6m,chargeoff_within_12_mths,0.12%,0.12%,6.07%,0.21%, 40.42 , 0.01 
earliest_cr_line,num_tl_op_past_12m,0.12%,0.12%,0.11%,7.72%, 0.00 , 3.33 
total_bal_il,tax_liens,-0.12%,0.12%,0.20%,1.36%, 40.42 , 0.00 
mths_since_recent_revol_delinq,tax_liens,0.12%,0.12%,0.67%,1.36%, 66.98 , 0.00 
title,mort_acc,-0.12%,0.12%,2.77%,3.24%, 1.05 , 2.36 
emp_title,num_rev_tl_bal_gt_0,0.12%,0.12%,2.52%,5.06%, 6.96 , 3.33 
addr_state,inq_last_6mths,0.12%,0.12%,0.36%,7.88%, - , 0.00 
mths_since_rcnt_il,num_actv_bc_tl,-0.11%,0.11%,3.24%,2.34%, 42.30 , 3.33 
earliest_cr_line,initial_list_status,0.11%,0.11%,0.11%,6.85%, 0.00 , - 
emp_title,num_actv_bc_tl,-0.11%,0.11%,2.52%,2.34%, 6.96 , 3.33 
total_acc,all_util,0.11%,0.11%,1.58%,7.38%, 0.00 , 40.43 
initial_list_status,tot_coll_amt,0.11%,0.11%,6.85%,0.15%, - , 3.33 
delinq_2yrs,tot_coll_amt,0.11%,0.11%,1.91%,0.15%, 0.00 , 3.33 
addr_state,mo_sin_rcnt_tl,-0.11%,0.11%,0.36%,5.35%, - , 3.33 
title,chargeoff_within_12_mths,-0.11%,0.11%,2.77%,0.21%, 1.05 , 0.01 
title,pub_rec,-0.11%,0.11%,2.77%,2.88%, 1.05 , 0.00 
initial_list_status,chargeoff_within_12_mths,0.11%,0.11%,6.85%,0.21%, - , 0.01 
term,earliest_cr_line,-0.11%,0.11%,9.11%,0.11%, - , 0.00 
pub_rec,num_op_rev_tl,0.11%,0.11%,2.88%,2.36%, 0.00 , 3.33 
collections_12_mths_ex_med,num_rev_tl_bal_gt_0,0.10%,0.10%,1.01%,5.06%, 0.01 , 3.33 
issue_d,acc_open_past_24mths,-0.10%,0.10%,1.78%,8.87%, - , 2.36 
addr_state,chargeoff_within_12_mths,0.10%,0.10%,0.36%,0.21%, - , 0.01 
issue_d,addr_state,-0.10%,0.10%,1.78%,0.36%, - , - 
funded_amnt_inv,zip_code,0.10%,0.10%,2.64%,0.06%, - , - 
emp_title,mo_sin_rcnt_rev_tl_op,-0.10%,0.10%,2.52%,5.12%, 6.96 , 3.33 
issue_d,num_tl_120dpd_2m,0.10%,0.10%,1.78%,0.22%, - , 7.13 
revol_bal,year_issued,-0.10%,0.10%,1.79%,14.60%, - , - 
open_rv_12m,tot_hi_cred_lim,-0.10%,0.10%,5.27%,6.20%, 40.42 , 3.33 
issue_d,delinq_amnt,-0.10%,0.10%,1.78%,0.59%, - , 0.00 
issue_d,open_acc,0.10%,0.10%,1.78%,1.78%, - , 0.00 
emp_length,delinq_amnt,-0.09%,0.09%,2.21%,0.59%, 6.09 , 0.00 
bc_open_to_buy,delinq_amnt,0.09%,0.09%,8.08%,0.59%, 3.40 , 0.00 
addr_state,il_util,-0.09%,0.09%,0.36%,5.89%, - , 48.95 
mths_since_recent_bc,tax_liens,0.09%,0.09%,4.36%,1.36%, 3.34 , 0.00 
purpose,earliest_cr_line,0.09%,0.09%,1.37%,0.11%, - , 0.00 
earliest_cr_line,open_acc,0.09%,0.09%,0.11%,1.78%, 0.00 , 0.00 
pub_rec,initial_list_status,-0.09%,0.09%,2.88%,6.85%, 0.00 , - 
total_bal_il,chargeoff_within_12_mths,0.09%,0.09%,0.20%,0.21%, 40.42 , 0.01 
inq_last_6mths,num_tl_120dpd_2m,-0.09%,0.09%,7.88%,0.22%, 0.00 , 7.13 
tax_liens,year_issued,-0.09%,0.09%,1.36%,14.60%, 0.00 , - 
total_bal_il,mths_since_recent_bc,0.08%,0.08%,0.20%,4.36%, 40.42 , 3.34 
total_rev_hi_lim,num_tl_120dpd_2m,-0.08%,0.08%,5.74%,0.22%, 3.33 , 7.13 
tot_coll_amt,num_sats,0.08%,0.08%,0.15%,1.84%, 3.33 , 2.77 
funded_amnt,num_tl_30dpd,0.08%,0.08%,2.68%,0.48%, - , 3.33 
loan_amnt,num_tl_30dpd,0.08%,0.08%,2.68%,0.48%, - , 3.33 
home_ownership,title,-0.08%,0.08%,5.05%,2.77%, - , 1.05 
tot_coll_amt,pub_rec_bankruptcies,0.08%,0.08%,0.15%,2.17%, 3.33 , 0.07 
funded_amnt_inv,num_tl_30dpd,0.08%,0.08%,2.64%,0.48%, - , 3.33 
il_util,avg_cur_bal,0.08%,0.08%,5.89%,5.62%, 48.95 , 3.33 
earliest_cr_line,revol_util,-0.08%,0.08%,0.11%,6.95%, 0.00 , 0.08 
loan_amnt,mths_since_last_record,-0.08%,0.08%,2.68%,2.03%, - , 84.01 
title,addr_state,0.08%,0.08%,2.77%,0.36%, 1.05 , - 
funded_amnt,zip_code,0.08%,0.08%,2.68%,0.06%, - , - 
earliest_cr_line,mths_since_rcnt_il,-0.08%,0.08%,0.11%,3.24%, 0.00 , 42.30 
addr_state,year_issued,-0.08%,0.08%,0.36%,14.60%, - , - 
funded_amnt,mths_since_last_record,-0.07%,0.07%,2.68%,2.03%, - , 84.01 
mths_since_last_major_derog,total_cu_tl,-0.07%,0.07%,1.14%,0.93%, 73.98 , 40.42 
earliest_cr_line,mths_since_recent_revol_delinq,-0.07%,0.07%,0.11%,0.67%, 0.00 , 66.98 
verification_status,earliest_cr_line,-0.07%,0.07%,9.68%,0.11%, - , 0.00 
loan_amnt,zip_code,0.07%,0.07%,2.68%,0.06%, - , - 
pub_rec,total_cu_tl,-0.07%,0.07%,2.88%,0.93%, 0.00 , 40.42 
dti,delinq_amnt,-0.07%,0.07%,7.83%,0.59%, - , 0.00 
issue_d,num_sats,-0.07%,0.07%,1.78%,1.84%, - , 2.77 
num_op_rev_tl,num_tl_120dpd_2m,0.07%,0.07%,2.36%,0.22%, 3.33 , 7.13 
sub_grade,total_il_high_credit_limit,0.07%,0.07%,22.50%,1.21%, - , 3.33 
num_bc_sats,num_tl_120dpd_2m,-0.07%,0.07%,0.43%,0.22%, 2.77 , 7.13 
desc,open_rv_12m,0.07%,0.07%,1.96%,5.27%, 94.16 , 40.42 
mths_since_rcnt_il,chargeoff_within_12_mths,-0.07%,0.07%,3.24%,0.21%, 42.30 , 0.01 
issue_d,collections_12_mths_ex_med,0.07%,0.07%,1.78%,1.01%, - , 0.01 
open_acc,tot_coll_amt,0.07%,0.07%,1.78%,0.15%, 0.00 , 3.33 
issue_d,num_actv_bc_tl,0.07%,0.07%,1.78%,2.34%, - , 3.33 
earliest_cr_line,mths_since_recent_bc_dlq,-0.07%,0.07%,0.11%,0.31%, 0.00 , 76.74 
all_util,num_tl_120dpd_2m,0.06%,0.06%,7.38%,0.22%, 40.43 , 7.13 
emp_title,mths_since_last_major_derog,0.06%,0.06%,2.52%,1.14%, 6.96 , 73.98 
issue_d,num_bc_sats,-0.06%,0.06%,1.78%,0.43%, - , 2.77 
issue_d,tot_coll_amt,-0.06%,0.06%,1.78%,0.15%, - , 3.33 
annual_inc,issue_d,0.06%,0.06%,3.54%,1.78%, - , - 
earliest_cr_line,bc_util,-0.06%,0.06%,0.11%,7.59%, 0.00 , 3.46 
emp_title,num_op_rev_tl,-0.06%,0.06%,2.52%,2.36%, 6.96 , 3.33 
tot_coll_amt,delinq_amnt,-0.06%,0.06%,0.15%,0.59%, 3.33 , 0.00 
purpose,mo_sin_rcnt_tl,-0.06%,0.06%,1.37%,5.35%, - , 3.33 
issue_d,earliest_cr_line,-0.06%,0.06%,1.78%,0.11%, - , 0.00 
collections_12_mths_ex_med,pub_rec_bankruptcies,-0.06%,0.06%,1.01%,2.17%, 0.01 , 0.07 
verification_status,tot_coll_amt,-0.06%,0.06%,9.68%,0.15%, - , 3.33 
delinq_amnt,pub_rec_bankruptcies,0.06%,0.06%,0.59%,2.17%, 0.00 , 0.07 
total_bal_il,delinq_amnt,-0.05%,0.05%,0.20%,0.59%, 40.42 , 0.00 
total_bal_il,open_rv_12m,-0.05%,0.05%,0.20%,5.27%, 40.42 , 40.42 
emp_length,tax_liens,-0.05%,0.05%,2.21%,1.36%, 6.09 , 0.00 
emp_title,delinq_2yrs,-0.05%,0.05%,2.52%,1.91%, 6.96 , 0.00 
issue_d,mths_since_recent_bc,0.05%,0.05%,1.78%,4.36%, - , 3.34 
verification_status,mths_since_recent_revol_delinq,-0.05%,0.05%,9.68%,0.67%, - , 66.98 
mths_since_last_delinq,num_bc_tl,-0.05%,0.05%,1.30%,1.56%, 50.89 , 3.33 
addr_state,initial_list_status,-0.05%,0.05%,0.36%,6.85%, - , - 
earliest_cr_line,percent_bc_gt_75,-0.05%,0.05%,0.11%,7.83%, 0.00 , 3.43 
chargeoff_within_12_mths,num_tl_30dpd,0.05%,0.05%,0.21%,0.48%, 0.01 , 3.33 
installment,delinq_amnt,-0.05%,0.05%,3.00%,0.59%, - , 0.00 
desc,total_cu_tl,0.05%,0.05%,1.96%,0.93%, 94.16 , 40.42 
emp_length,inq_last_6mths,-0.05%,0.05%,2.21%,7.88%, 6.09 , 0.00 
earliest_cr_line,open_rv_12m,-0.05%,0.05%,0.11%,5.27%, 0.00 , 40.42 
num_bc_tl,pub_rec_bankruptcies,0.05%,0.05%,1.56%,2.17%, 3.33 , 0.07 
term,delinq_amnt,-0.04%,0.04%,9.11%,0.59%, - , 0.00 
emp_title,desc,0.04%,0.04%,2.52%,1.96%, 6.96 , 94.16 
issue_d,total_bal_ex_mort,0.04%,0.04%,1.78%,1.03%, - , 2.36 
addr_state,tot_coll_amt,-0.04%,0.04%,0.36%,0.15%, - , 3.33 
installment,num_tl_120dpd_2m,-0.04%,0.04%,3.00%,0.22%, - , 7.13 
emp_title,pct_tl_nvr_dlq,0.04%,0.04%,2.52%,0.37%, 6.96 , 3.33 
pub_rec,total_acc,-0.03%,0.03%,2.88%,1.58%, 0.00 , 0.00 
mths_since_last_delinq,tax_liens,-0.03%,0.03%,1.30%,1.36%, 50.89 , 0.00 
mths_since_rcnt_il,num_accts_ever_120_pd,-0.03%,0.03%,3.24%,0.85%, 42.30 , 3.33 
earliest_cr_line,total_bal_ex_mort,-0.03%,0.03%,0.11%,1.03%, 0.00 , 2.36 
funded_amnt_inv,all_util,-0.03%,0.03%,2.64%,7.38%, - , 40.43 
delinq_2yrs,bc_util,-0.03%,0.03%,1.91%,7.59%, 0.00 , 3.46 
loan_amnt,all_util,-0.03%,0.03%,2.68%,7.38%, - , 40.43 
funded_amnt,all_util,-0.03%,0.03%,2.68%,7.38%, - , 40.43 
num_tl_90g_dpd_24m,tax_liens,0.03%,0.03%,1.22%,1.36%, 3.33 , 0.00 
delinq_amnt,num_il_tl,0.03%,0.03%,0.59%,1.03%, 0.00 , 3.33 
collections_12_mths_ex_med,total_bal_il,0.03%,0.03%,1.01%,0.20%, 0.01 , 40.42 
purpose,pub_rec_bankruptcies,-0.03%,0.03%,1.37%,2.17%, - , 0.07 
earliest_cr_line,inq_last_6mths,0.03%,0.03%,0.11%,7.88%, 0.00 , 0.00 
installment,open_acc_6m,-0.03%,0.03%,3.00%,6.07%, - , 40.42 
issue_d,num_op_rev_tl,-0.03%,0.03%,1.78%,2.36%, - , 3.33 
open_rv_24m,num_tl_120dpd_2m,0.03%,0.03%,6.91%,0.22%, 40.42 , 7.13 
title,tax_liens,0.03%,0.03%,2.77%,1.36%, 1.05 , 0.00 
total_bal_il,mths_since_recent_bc_dlq,-0.03%,0.03%,0.20%,0.31%, 40.42 , 76.74 
collections_12_mths_ex_med,num_tl_30dpd,-0.03%,0.03%,1.01%,0.48%, 0.01 , 3.33 
purpose,bc_open_to_buy,-0.02%,0.02%,1.37%,8.08%, - , 3.40 
open_il_24m,total_bc_limit,0.02%,0.02%,6.07%,7.27%, 40.42 , 2.36 
chargeoff_within_12_mths,mo_sin_rcnt_tl,-0.02%,0.02%,0.21%,5.35%, 0.01 , 3.33 
delinq_amnt,num_op_rev_tl,-0.02%,0.02%,0.59%,2.36%, 0.00 , 3.33 
total_cu_tl,percent_bc_gt_75,0.02%,0.02%,0.93%,7.83%, 40.42 , 3.43 
tot_coll_amt,total_cu_tl,-0.02%,0.02%,0.15%,0.93%, 3.33 , 40.42 
title,mths_since_recent_bc_dlq,0.02%,0.02%,2.77%,0.31%, 1.05 , 76.74 
earliest_cr_line,num_tl_30dpd,-0.02%,0.02%,0.11%,0.48%, 0.00 , 3.33 
total_cu_tl,num_tl_30dpd,-0.02%,0.02%,0.93%,0.48%, 40.42 , 3.33 
desc,all_util,0.02%,0.02%,1.96%,7.38%, 94.16 , 40.43 
dti,initial_list_status,0.02%,0.02%,7.83%,6.85%, - , - 
term,chargeoff_within_12_mths,-0.02%,0.02%,9.11%,0.21%, - , 0.01 
mths_since_last_delinq,total_bc_limit,0.02%,0.02%,1.30%,7.27%, 50.89 , 2.36 
title,earliest_cr_line,0.02%,0.02%,2.77%,0.11%, 1.05 , 0.00 
delinq_amnt,num_actv_bc_tl,0.01%,0.01%,0.59%,2.34%, 0.00 , 3.33 
desc,inq_last_12m,0.01%,0.01%,1.96%,6.37%, 94.16 , 40.42 
delinq_amnt,num_rev_tl_bal_gt_0,-0.01%,0.01%,0.59%,5.06%, 0.00 , 3.33 
issue_d,num_tl_30dpd,0.01%,0.01%,1.78%,0.48%, - , 3.33 
loan_amnt,inq_fi,-0.01%,0.01%,2.68%,3.68%, - , 40.42 
funded_amnt,inq_fi,-0.01%,0.01%,2.68%,3.68%, - , 40.42 
earliest_cr_line,collections_12_mths_ex_med,0.01%,0.01%,0.11%,1.01%, 0.00 , 0.01 
funded_amnt_inv,inq_fi,-0.01%,0.01%,2.64%,3.68%, - , 40.42 
installment,addr_state,-0.01%,0.01%,3.00%,0.36%, - , - 
zip_code,max_bal_bc,0.01%,0.01%,0.06%,3.23%, - , 40.42 
zip_code,num_tl_op_past_12m,-0.01%,0.01%,0.06%,7.72%, - , 3.33 
earliest_cr_line,pub_rec_bankruptcies,-0.01%,0.01%,0.11%,2.17%, 0.00 , 0.07 
emp_title,mths_since_recent_bc_dlq,0.01%,0.01%,2.52%,0.31%, 6.96 , 76.74 
emp_title,num_tl_30dpd,-0.01%,0.01%,2.52%,0.48%, 6.96 , 3.33 
emp_title,mths_since_recent_revol_delinq,0.01%,0.01%,2.52%,0.67%, 6.96 , 66.98 
mths_since_recent_inq,total_bc_limit,0.01%,0.01%,5.32%,7.27%, 13.08 , 2.36 
revol_util,delinq_amnt,0.01%,0.01%,6.95%,0.59%, 0.08 , 0.00 
pub_rec,num_tl_120dpd_2m,0.01%,0.01%,2.88%,0.22%, 0.00 , 7.13 
desc,open_acc_6m,0.00%,0.00%,1.96%,6.07%, 94.16 , 40.42 
bc_open_to_buy,num_tl_120dpd_2m,0.00%,0.00%,8.08%,0.22%, 3.40 , 7.13 
initial_list_status,open_act_il,0.00%,0.00%,6.85%,0.89%, - , 40.42 
delinq_amnt,year_issued,0.00%,0.00%,0.59%,14.60%, 0.00 , - 
desc,num_op_rev_tl,0.00%,0.00%,1.96%,2.36%, 94.16 , 3.33 
addr_state,total_rev_hi_lim,0.00%,0.00%,0.36%,5.74%, - , 3.33 
earliest_cr_line,open_rv_24m,0.00%,0.00%,0.11%,6.91%, 0.00 , 40.42 
collections_12_mths_ex_med,num_rev_accts,0.00%,0.00%,1.01%,2.22%, 0.01 , 3.33 
term,year_issued,0.00%,0.00%,9.11%,14.60%, - , - 
