Feature 1,Feature 2,Correlation,Abs_Correlation,label_abs_corr_feat1,label_abs_corr_feat2,Feature 1 Missing,Feature 2 Missing
loan_amnt,funded_amnt,0.9997335074166174,0.9997335074166174,0.02682093959234543,0.026788462298567975,0.0,0.0
loan_amnt,funded_amnt_inv,0.9989507600461917,0.9989507600461917,0.02682093959234543,0.026352080252760895,0.0,0.0
loan_amnt,term,0.39155912423291445,0.39155912423291445,0.02682093959234543,0.09111423202576499,0.0,0.0
loan_amnt,int_rate,0.09951463451142765,0.09951463451142765,0.02682093959234543,0.19849424398263266,0.0,0.0
loan_amnt,grade,0.1041628850766782,0.1041628850766782,0.02682093959234543,0.22188299811229883,0.0,0.0
loan_amnt,sub_grade,0.10526875975247589,0.10526875975247589,0.02682093959234543,0.22500452182134473,0.0,0.0
loan_amnt,emp_title,-0.042854382253200804,0.042854382253200804,0.02682093959234543,0.025226709051093508,0.0,6.959231247167863
loan_amnt,emp_length,-0.07374332473185924,0.07374332473185924,0.02682093959234543,0.022127878150561765,0.0,6.086582796492588
loan_amnt,home_ownership,-0.17257305353296484,0.17257305353296484,0.02682093959234543,0.05049111917017964,0.0,0.0
loan_amnt,annual_inc,0.288845172123335,0.288845172123335,0.02682093959234543,0.03536926119704636,0.0,0.0
loan_amnt,verification_status,0.20081847575529266,0.20081847575529266,0.02682093959234543,0.09683841629149338,0.0,0.0
loan_amnt,issue_d,0.0025072634817487334,0.0025072634817487334,0.02682093959234543,0.017819021013207523,0.0,0.0
loan_amnt,desc,0.013648704152170003,0.013648704152170003,0.02682093959234543,0.01963720554729567,0.0,94.16054302278323
loan_amnt,purpose,-0.14676046621824654,0.14676046621824654,0.02682093959234543,0.013710899449129602,0.0,0.0
loan_amnt,title,-0.1239202020421707,0.1239202020421707,0.02682093959234543,0.02770941079607677,0.0,1.046430690317246
loan_amnt,zip_code,0.0007327420192271202,0.0007327420192271202,0.02682093959234543,0.0006308825935882336,0.0,0.0
loan_amnt,addr_state,0.003988424331847464,0.003988424331847464,0.02682093959234543,0.003552164236663896,0.0,0.0
loan_amnt,dti,0.021713197848441338,0.021713197848441338,0.02682093959234543,0.0782879675756435,0.0,0.0
loan_amnt,delinq_2yrs,-0.004565965926056934,0.004565965926056934,0.02682093959234543,0.01912274810175978,0.0,0.0009343131163546839
loan_amnt,earliest_cr_line,-0.010827970095568937,0.010827970095568937,0.02682093959234543,0.0010923947466905046,0.0,0.0009343131163546839
loan_amnt,inq_last_6mths,-0.02187479673818448,0.02187479673818448,0.02682093959234543,0.07884178945733766,0.0,0.0009343131163546839
loan_amnt,mths_since_last_delinq,-0.0181263833815893,0.0181263833815893,0.02682093959234543,0.012972182863817254,0.0,50.893436917514165
loan_amnt,mths_since_last_record,-0.0007806718036433304,0.0007806718036433304,0.02682093959234543,0.020270336049018945,0.0,84.01390257917136
loan_amnt,open_acc,0.1836465368811192,0.1836465368811192,0.02682093959234543,0.01776663231394419,0.0,0.0009343131163546839
loan_amnt,pub_rec,-0.05629344703921788,0.05629344703921788,0.02682093959234543,0.02876278231859769,0.0,0.0009343131163546839
loan_amnt,revol_bal,0.31670072324366094,0.31670072324366094,0.02682093959234543,0.01788359269829698,0.0,0.0
loan_amnt,revol_util,0.10301276633597008,0.10301276633597008,0.02682093959234543,0.0695041062279028,0.0,0.08035092800650283
loan_amnt,total_acc,0.2050693769339796,0.2050693769339796,0.02682093959234543,0.01576646453997829,0.0,0.0009343131163546839
loan_amnt,initial_list_status,0.0853235236460763,0.0853235236460763,0.02682093959234543,0.06853737524962515,0.0,0.0
loan_amnt,collections_12_mths_ex_med,-0.018874455358823483,0.018874455358823483,0.02682093959234543,0.010052319750769608,0.0,0.006073035256305446
loan_amnt,mths_since_last_major_derog,-0.002472144376623805,0.002472144376623805,0.02682093959234543,0.011389737904839171,0.0,73.97704392673117
loan_amnt,tot_coll_amt,-0.024636309892218183,0.024636309892218183,0.02682093959234543,0.0014739431011549038,0.0,3.3252203811063206
loan_amnt,tot_cur_bal,0.30765515902882823,0.30765515902882823,0.02682093959234543,0.05242633659939442,0.0,3.3252203811063206
loan_amnt,open_acc_6m,-0.015285843818223652,0.015285843818223652,0.02682093959234543,0.06072361227471765,0.0,40.420254039736335
loan_amnt,open_act_il,0.030802788837685332,0.030802788837685332,0.02682093959234543,0.008867686360924087,0.0,40.420254039736335
loan_amnt,open_il_12m,0.0032888202194546017,0.0032888202194546017,0.02682093959234543,0.06051092067206702,0.0,40.420254039736335
loan_amnt,open_il_24m,0.027222943659724243,0.027222943659724243,0.02682093959234543,0.06065785469677383,0.0,40.420254039736335
loan_amnt,mths_since_rcnt_il,-0.018681740918114375,0.018681740918114375,0.02682093959234543,0.03242085839165458,0.0,42.30382928230738
loan_amnt,total_bal_il,0.15161702500274563,0.15161702500274563,0.02682093959234543,0.001994536754313803,0.0,40.420254039736335
loan_amnt,il_util,-0.08994404689093911,0.08994404689093911,0.02682093959234543,0.05888586629764154,0.0,48.95286857484549
loan_amnt,open_rv_12m,-0.04270958998605081,0.04270958998605081,0.02682093959234543,0.05266258614741897,0.0,40.420254039736335
loan_amnt,open_rv_24m,-0.03032026179418926,0.03032026179418926,0.02682093959234543,0.06912450757964811,0.0,40.420254039736335
loan_amnt,max_bal_bc,0.3835487972960309,0.3835487972960309,0.02682093959234543,0.03227602521276016,0.0,40.420254039736335
loan_amnt,all_util,-0.00031435350143941366,0.00031435350143941366,0.02682093959234543,0.07383862685643393,0.0,40.42679423155082
loan_amnt,total_rev_hi_lim,0.35038049390174386,0.35038049390174386,0.02682093959234543,0.057416341220561884,0.0,3.3252203811063206
loan_amnt,inq_fi,-0.00011458820647328073,0.00011458820647328073,0.02682093959234543,0.0368309814014974,0.0,40.420254039736335
loan_amnt,total_cu_tl,0.06587909697069623,0.06587909697069623,0.02682093959234543,0.009299731041818318,0.0,40.420254039736335
loan_amnt,inq_last_12m,0.01574546658408852,0.01574546658408852,0.02682093959234543,0.0637314488297478,0.0,40.420254039736335
loan_amnt,acc_open_past_24mths,0.0016568501169251088,0.0016568501169251088,0.02682093959234543,0.08867183834751817,0.0,2.3605420884701087
loan_amnt,avg_cur_bal,0.2249716854779736,0.2249716854779736,0.02682093959234543,0.0562108691255464,0.0,3.32708900733903
loan_amnt,bc_open_to_buy,0.2056734850277655,0.2056734850277655,0.02682093959234543,0.08076668691943055,0.0,3.403702682880114
loan_amnt,bc_util,0.05023788212184795,0.05023788212184795,0.02682093959234543,0.0759460456775071,0.0,3.464900192001345
loan_amnt,chargeoff_within_12_mths,-0.002928021395950673,0.002928021395950673,0.02682093959234543,0.0021101943384776007,0.0,0.006073035256305446
loan_amnt,delinq_amnt,-0.0012449001682196597,0.0012449001682196597,0.02682093959234543,0.005947855837318468,0.0,0.0009343131163546839
loan_amnt,mo_sin_old_il_acct,0.1248817528112637,0.1248817528112637,0.02682093959234543,0.021217795594907888,0.0,6.365942418282638
loan_amnt,mo_sin_old_rev_tl_op,0.17155299453816467,0.17155299453816467,0.02682093959234543,0.0355852140960437,0.0,3.3252203811063206
loan_amnt,mo_sin_rcnt_rev_tl_op,0.05209306955417454,0.05209306955417454,0.02682093959234543,0.051203064225407595,0.0,3.3252203811063206
loan_amnt,mo_sin_rcnt_tl,0.023973399004259273,0.023973399004259273,0.02682093959234543,0.053452195761061076,0.0,3.3252203811063206
loan_amnt,mort_acc,0.22100118808651745,0.22100118808651745,0.02682093959234543,0.03244640355720174,0.0,2.3605420884701087
loan_amnt,mths_since_recent_bc,0.03746333568052752,0.03746333568052752,0.02682093959234543,0.043584474650737046,0.0,3.336899295060754
loan_amnt,mths_since_recent_bc_dlq,-0.032864714230659564,0.032864714230659564,0.02682093959234543,0.003137939343701434,0.0,76.73980781179198
loan_amnt,mths_since_recent_inq,-0.0024200356875014872,0.0024200356875014872,0.02682093959234543,0.05320449066537542,0.0,13.0799164724074
loan_amnt,mths_since_recent_revol_delinq,-0.028603776725376614,0.028603776725376614,0.02682093959234543,0.006683612077262269,0.0,66.9785715286764
loan_amnt,num_accts_ever_120_pd,-0.05195937432402072,0.05195937432402072,0.02682093959234543,0.008479117803978793,0.0,3.3252203811063206
loan_amnt,num_actv_bc_tl,0.195125580993436,0.195125580993436,0.02682093959234543,0.023449703362199502,0.0,3.3252203811063206
loan_amnt,num_actv_rev_tl,0.1516611516116995,0.1516611516116995,0.02682093959234543,0.05073392113298021,0.0,3.3252203811063206
loan_amnt,num_bc_sats,0.21809856734680405,0.21809856734680405,0.02682093959234543,0.0042639641381768565,0.0,2.768836920317106
loan_amnt,num_bc_tl,0.2022651462365372,0.2022651462365372,0.02682093959234543,0.015581876085390736,0.0,3.3252203811063206
loan_amnt,num_il_tl,0.07948526638261888,0.07948526638261888,0.02682093959234543,0.01028170161323678,0.0,3.3252203811063206
loan_amnt,num_op_rev_tl,0.16501234436038523,0.16501234436038523,0.02682093959234543,0.023613697070117696,0.0,3.3252203811063206
loan_amnt,num_rev_accts,0.1708135254853729,0.1708135254853729,0.02682093959234543,0.02221329210148946,0.0,3.3252203811063206
loan_amnt,num_rev_tl_bal_gt_0,0.15061081810856256,0.15061081810856256,0.02682093959234543,0.05055527066899223,0.0,3.3252203811063206
loan_amnt,num_sats,0.18080131301556016,0.18080131301556016,0.02682093959234543,0.018432439266359544,0.0,2.768836920317106
loan_amnt,num_tl_120dpd_2m,-0.001291916511685878,0.001291916511685878,0.02682093959234543,0.0022468872711697264,0.0,7.126940451553529
loan_amnt,num_tl_30dpd,0.0008170076341547037,0.0008170076341547037,0.02682093959234543,0.0047684994383403794,0.0,3.3252203811063206
loan_amnt,num_tl_90g_dpd_24m,-0.021628759850719673,0.021628759850719673,0.02682093959234543,0.012197969067421339,0.0,3.3252203811063206
loan_amnt,num_tl_op_past_12m,-0.024664432925718828,0.024664432925718828,0.02682093959234543,0.07721411715843976,0.0,3.3252203811063206
loan_amnt,pct_tl_nvr_dlq,0.08694418812083193,0.08694418812083193,0.02682093959234543,0.0037269775784282647,0.0,3.3308262598044482
loan_amnt,percent_bc_gt_75,0.02209903864413296,0.02209903864413296,0.02682093959234543,0.07830303392951792,0.0,3.4307977632543993
loan_amnt,pub_rec_bankruptcies,-0.08598921113293821,0.08598921113293821,0.02682093959234543,0.021686175332832822,0.0,0.06867201405206927
loan_amnt,tax_liens,0.009310880044561702,0.009310880044561702,0.02682093959234543,0.013644503499620549,0.0,0.0037372524654187356
loan_amnt,tot_hi_cred_lim,0.331229320931654,0.331229320931654,0.02682093959234543,0.061955101049037724,0.0,3.3252203811063206
loan_amnt,total_bal_ex_mort,0.27573633080184207,0.27573633080184207,0.02682093959234543,0.010337636565541718,0.0,2.3605420884701087
loan_amnt,total_bc_limit,0.37672707194412014,0.37672707194412014,0.02682093959234543,0.0727331430169503,0.0,2.3605420884701087
loan_amnt,total_il_high_credit_limit,0.20799891241540722,0.20799891241540722,0.02682093959234543,0.012103906507566485,0.0,3.3252203811063206
loan_amnt,year_issued,0.040563109347059555,0.040563109347059555,0.02682093959234543,0.14600503649089677,0.0,0.0
funded_amnt,funded_amnt_inv,0.9992687977659239,0.9992687977659239,0.026788462298567975,0.026352080252760895,0.0,0.0
funded_amnt,term,0.3911630977567827,0.3911630977567827,0.026788462298567975,0.09111423202576499,0.0,0.0
funded_amnt,int_rate,0.09951286085279569,0.09951286085279569,0.026788462298567975,0.19849424398263266,0.0,0.0
funded_amnt,grade,0.10399982835515045,0.10399982835515045,0.026788462298567975,0.22188299811229883,0.0,0.0
funded_amnt,sub_grade,0.10506512130102648,0.10506512130102648,0.026788462298567975,0.22500452182134473,0.0,0.0
funded_amnt,emp_title,-0.04286303312429849,0.04286303312429849,0.026788462298567975,0.025226709051093508,0.0,6.959231247167863
funded_amnt,emp_length,-0.07378495524064838,0.07378495524064838,0.026788462298567975,0.022127878150561765,0.0,6.086582796492588
funded_amnt,home_ownership,-0.1724231836852117,0.1724231836852117,0.026788462298567975,0.05049111917017964,0.0,0.0
funded_amnt,annual_inc,0.2888036835487404,0.2888036835487404,0.026788462298567975,0.03536926119704636,0.0,0.0
funded_amnt,verification_status,0.20057091579478595,0.20057091579478595,0.026788462298567975,0.09683841629149338,0.0,0.0
funded_amnt,issue_d,0.0026115628683575838,0.0026115628683575838,0.026788462298567975,0.017819021013207523,0.0,0.0
funded_amnt,desc,0.01445271462171419,0.01445271462171419,0.026788462298567975,0.01963720554729567,0.0,94.16054302278323
funded_amnt,purpose,-0.14718537668042525,0.14718537668042525,0.026788462298567975,0.013710899449129602,0.0,0.0
funded_amnt,title,-0.12432568763023,0.12432568763023,0.026788462298567975,0.02770941079607677,0.0,1.046430690317246
funded_amnt,zip_code,0.0007673801357873957,0.0007673801357873957,0.026788462298567975,0.0006308825935882336,0.0,0.0
funded_amnt,addr_state,0.0040435396058932736,0.0040435396058932736,0.026788462298567975,0.003552164236663896,0.0,0.0
funded_amnt,dti,0.022048130592505624,0.022048130592505624,0.026788462298567975,0.0782879675756435,0.0,0.0
funded_amnt,delinq_2yrs,-0.004440534766181641,0.004440534766181641,0.026788462298567975,0.01912274810175978,0.0,0.0009343131163546839
funded_amnt,earliest_cr_line,-0.010776447197008071,0.010776447197008071,0.026788462298567975,0.0010923947466905046,0.0,0.0009343131163546839
funded_amnt,inq_last_6mths,-0.022121259450947336,0.022121259450947336,0.026788462298567975,0.07884178945733766,0.0,0.0009343131163546839
funded_amnt,mths_since_last_delinq,-0.018130790896108556,0.018130790896108556,0.026788462298567975,0.012972182863817254,0.0,50.893436917514165
funded_amnt,mths_since_last_record,-0.0007483242156453844,0.0007483242156453844,0.026788462298567975,0.020270336049018945,0.0,84.01390257917136
funded_amnt,open_acc,0.18385117612290983,0.18385117612290983,0.026788462298567975,0.01776663231394419,0.0,0.0009343131163546839
funded_amnt,pub_rec,-0.05616055101759448,0.05616055101759448,0.026788462298567975,0.02876278231859769,0.0,0.0009343131163546839
funded_amnt,revol_bal,0.3166166289758055,0.3166166289758055,0.026788462298567975,0.01788359269829698,0.0,0.0
funded_amnt,revol_util,0.10316313450364077,0.10316313450364077,0.026788462298567975,0.0695041062279028,0.0,0.08035092800650283
funded_amnt,total_acc,0.20492819308837712,0.20492819308837712,0.026788462298567975,0.01576646453997829,0.0,0.0009343131163546839
funded_amnt,initial_list_status,0.08619087460409412,0.08619087460409412,0.026788462298567975,0.06853737524962515,0.0,0.0
funded_amnt,collections_12_mths_ex_med,-0.018811158158555035,0.018811158158555035,0.026788462298567975,0.010052319750769608,0.0,0.006073035256305446
funded_amnt,mths_since_last_major_derog,-0.002470748389735841,0.002470748389735841,0.026788462298567975,0.011389737904839171,0.0,73.97704392673117
funded_amnt,tot_coll_amt,-0.024636204093909084,0.024636204093909084,0.026788462298567975,0.0014739431011549038,0.0,3.3252203811063206
funded_amnt,tot_cur_bal,0.3076554775716001,0.3076554775716001,0.026788462298567975,0.05242633659939442,0.0,3.3252203811063206
funded_amnt,open_acc_6m,-0.015285843818223652,0.015285843818223652,0.026788462298567975,0.06072361227471765,0.0,40.420254039736335
funded_amnt,open_act_il,0.030802788837685332,0.030802788837685332,0.026788462298567975,0.008867686360924087,0.0,40.420254039736335
funded_amnt,open_il_12m,0.0032888202194546017,0.0032888202194546017,0.026788462298567975,0.06051092067206702,0.0,40.420254039736335
funded_amnt,open_il_24m,0.027222943659724243,0.027222943659724243,0.026788462298567975,0.06065785469677383,0.0,40.420254039736335
funded_amnt,mths_since_rcnt_il,-0.018681740918114375,0.018681740918114375,0.026788462298567975,0.03242085839165458,0.0,42.30382928230738
funded_amnt,total_bal_il,0.15161702500274563,0.15161702500274563,0.026788462298567975,0.001994536754313803,0.0,40.420254039736335
funded_amnt,il_util,-0.08994404689093911,0.08994404689093911,0.026788462298567975,0.05888586629764154,0.0,48.95286857484549
funded_amnt,open_rv_12m,-0.04270958998605081,0.04270958998605081,0.026788462298567975,0.05266258614741897,0.0,40.420254039736335
funded_amnt,open_rv_24m,-0.03032026179418926,0.03032026179418926,0.026788462298567975,0.06912450757964811,0.0,40.420254039736335
funded_amnt,max_bal_bc,0.3835487972960309,0.3835487972960309,0.026788462298567975,0.03227602521276016,0.0,40.420254039736335
funded_amnt,all_util,-0.00031435350143941366,0.00031435350143941366,0.026788462298567975,0.07383862685643393,0.0,40.42679423155082
funded_amnt,total_rev_hi_lim,0.35038067537645334,0.35038067537645334,0.026788462298567975,0.057416341220561884,0.0,3.3252203811063206
funded_amnt,inq_fi,-0.00011458820647328073,0.00011458820647328073,0.026788462298567975,0.0368309814014974,0.0,40.420254039736335
funded_amnt,total_cu_tl,0.06587909697069623,0.06587909697069623,0.026788462298567975,0.009299731041818318,0.0,40.420254039736335
funded_amnt,inq_last_12m,0.01574546658408852,0.01574546658408852,0.026788462298567975,0.0637314488297478,0.0,40.420254039736335
funded_amnt,acc_open_past_24mths,0.0016656366994317788,0.0016656366994317788,0.026788462298567975,0.08867183834751817,0.0,2.3605420884701087
funded_amnt,avg_cur_bal,0.22497195460660693,0.22497195460660693,0.026788462298567975,0.0562108691255464,0.0,3.32708900733903
funded_amnt,bc_open_to_buy,0.2056744782566567,0.2056744782566567,0.026788462298567975,0.08076668691943055,0.0,3.403702682880114
funded_amnt,bc_util,0.05025553466375749,0.05025553466375749,0.026788462298567975,0.0759460456775071,0.0,3.464900192001345
funded_amnt,chargeoff_within_12_mths,-0.002881961881240463,0.002881961881240463,0.026788462298567975,0.0021101943384776007,0.0,0.006073035256305446
funded_amnt,delinq_amnt,-0.0012355568428894725,0.0012355568428894725,0.026788462298567975,0.005947855837318468,0.0,0.0009343131163546839
funded_amnt,mo_sin_old_il_acct,0.12488196650653555,0.12488196650653555,0.026788462298567975,0.021217795594907888,0.0,6.365942418282638
funded_amnt,mo_sin_old_rev_tl_op,0.17155055535322553,0.17155055535322553,0.026788462298567975,0.0355852140960437,0.0,3.3252203811063206
funded_amnt,mo_sin_rcnt_rev_tl_op,0.05209095280928365,0.05209095280928365,0.026788462298567975,0.051203064225407595,0.0,3.3252203811063206
funded_amnt,mo_sin_rcnt_tl,0.023973778678177647,0.023973778678177647,0.026788462298567975,0.053452195761061076,0.0,3.3252203811063206
funded_amnt,mort_acc,0.22101344954574462,0.22101344954574462,0.026788462298567975,0.03244640355720174,0.0,2.3605420884701087
funded_amnt,mths_since_recent_bc,0.03744473894509141,0.03744473894509141,0.026788462298567975,0.043584474650737046,0.0,3.336899295060754
funded_amnt,mths_since_recent_bc_dlq,-0.032864693068371136,0.032864693068371136,0.026788462298567975,0.003137939343701434,0.0,76.73980781179198
funded_amnt,mths_since_recent_inq,-0.0024261160148211485,0.0024261160148211485,0.026788462298567975,0.05320449066537542,0.0,13.0799164724074
funded_amnt,mths_since_recent_revol_delinq,-0.028603603875733248,0.028603603875733248,0.026788462298567975,0.006683612077262269,0.0,66.9785715286764
funded_amnt,num_accts_ever_120_pd,-0.05196151033156631,0.05196151033156631,0.026788462298567975,0.008479117803978793,0.0,3.3252203811063206
funded_amnt,num_actv_bc_tl,0.195126016035768,0.195126016035768,0.026788462298567975,0.023449703362199502,0.0,3.3252203811063206
funded_amnt,num_actv_rev_tl,0.15166165864315898,0.15166165864315898,0.026788462298567975,0.05073392113298021,0.0,3.3252203811063206
funded_amnt,num_bc_sats,0.21811434329422422,0.21811434329422422,0.026788462298567975,0.0042639641381768565,0.0,2.768836920317106
funded_amnt,num_bc_tl,0.2022650937858687,0.2022650937858687,0.026788462298567975,0.015581876085390736,0.0,3.3252203811063206
funded_amnt,num_il_tl,0.07948464647399438,0.07948464647399438,0.026788462298567975,0.01028170161323678,0.0,3.3252203811063206
funded_amnt,num_op_rev_tl,0.16501258952723452,0.16501258952723452,0.026788462298567975,0.023613697070117696,0.0,3.3252203811063206
funded_amnt,num_rev_accts,0.1708132450663008,0.1708132450663008,0.026788462298567975,0.02221329210148946,0.0,3.3252203811063206
funded_amnt,num_rev_tl_bal_gt_0,0.15061133064819315,0.15061133064819315,0.026788462298567975,0.05055527066899223,0.0,3.3252203811063206
funded_amnt,num_sats,0.1808156614560751,0.1808156614560751,0.026788462298567975,0.018432439266359544,0.0,2.768836920317106
funded_amnt,num_tl_120dpd_2m,-0.0012918927901155175,0.0012918927901155175,0.026788462298567975,0.0022468872711697264,0.0,7.126940451553529
funded_amnt,num_tl_30dpd,0.0008170504732911074,0.0008170504732911074,0.026788462298567975,0.0047684994383403794,0.0,3.3252203811063206
funded_amnt,num_tl_90g_dpd_24m,-0.02162859206434234,0.02162859206434234,0.026788462298567975,0.012197969067421339,0.0,3.3252203811063206
funded_amnt,num_tl_op_past_12m,-0.024664367011861837,0.024664367011861837,0.026788462298567975,0.07721411715843976,0.0,3.3252203811063206
funded_amnt,pct_tl_nvr_dlq,0.08694544215889521,0.08694544215889521,0.026788462298567975,0.0037269775784282647,0.0,3.3308262598044482
funded_amnt,percent_bc_gt_75,0.022122065399435217,0.022122065399435217,0.026788462298567975,0.07830303392951792,0.0,3.4307977632543993
funded_amnt,pub_rec_bankruptcies,-0.08586081153724084,0.08586081153724084,0.026788462298567975,0.021686175332832822,0.0,0.06867201405206927
funded_amnt,tax_liens,0.009381880081294007,0.009381880081294007,0.026788462298567975,0.013644503499620549,0.0,0.0037372524654187356
funded_amnt,tot_hi_cred_lim,0.33122963629156055,0.33122963629156055,0.026788462298567975,0.061955101049037724,0.0,3.3252203811063206
funded_amnt,total_bal_ex_mort,0.27573647783690064,0.27573647783690064,0.026788462298567975,0.010337636565541718,0.0,2.3605420884701087
funded_amnt,total_bc_limit,0.37673834069544054,0.37673834069544054,0.026788462298567975,0.0727331430169503,0.0,2.3605420884701087
funded_amnt,total_il_high_credit_limit,0.20799901952887992,0.20799901952887992,0.026788462298567975,0.012103906507566485,0.0,3.3252203811063206
funded_amnt,year_issued,0.04241094355279439,0.04241094355279439,0.026788462298567975,0.14600503649089677,0.0,0.0
funded_amnt_inv,term,0.3915463695423775,0.3915463695423775,0.026352080252760895,0.09111423202576499,0.0,0.0
funded_amnt_inv,int_rate,0.0995818742158292,0.0995818742158292,0.026352080252760895,0.19849424398263266,0.0,0.0
funded_amnt_inv,grade,0.10311108050466607,0.10311108050466607,0.026352080252760895,0.22188299811229883,0.0,0.0
funded_amnt_inv,sub_grade,0.10415392935276556,0.10415392935276556,0.026352080252760895,0.22500452182134473,0.0,0.0
funded_amnt_inv,emp_title,-0.04269782322504755,0.04269782322504755,0.026352080252760895,0.025226709051093508,0.0,6.959231247167863
funded_amnt_inv,emp_length,-0.0738200858371854,0.0738200858371854,0.026352080252760895,0.022127878150561765,0.0,6.086582796492588
funded_amnt_inv,home_ownership,-0.17238308631537227,0.17238308631537227,0.026352080252760895,0.05049111917017964,0.0,0.0
funded_amnt_inv,annual_inc,0.28864076017755635,0.28864076017755635,0.026352080252760895,0.03536926119704636,0.0,0.0
funded_amnt_inv,verification_status,0.20101068109256764,0.20101068109256764,0.026352080252760895,0.09683841629149338,0.0,0.0
funded_amnt_inv,issue_d,0.0031334520806730925,0.0031334520806730925,0.026352080252760895,0.017819021013207523,0.0,0.0
funded_amnt_inv,desc,0.01553587493498472,0.01553587493498472,0.026352080252760895,0.01963720554729567,0.0,94.16054302278323
funded_amnt_inv,purpose,-0.14800078617008952,0.14800078617008952,0.026352080252760895,0.013710899449129602,0.0,0.0
funded_amnt_inv,title,-0.1257914501994948,0.1257914501994948,0.026352080252760895,0.02770941079607677,0.0,1.046430690317246
funded_amnt_inv,zip_code,0.000982637197967551,0.000982637197967551,0.026352080252760895,0.0006308825935882336,0.0,0.0
funded_amnt_inv,addr_state,0.004087028191286579,0.004087028191286579,0.026352080252760895,0.003552164236663896,0.0,0.0
funded_amnt_inv,dti,0.022975608352758293,0.022975608352758293,0.026352080252760895,0.0782879675756435,0.0,0.0
funded_amnt_inv,delinq_2yrs,-0.004339604987402512,0.004339604987402512,0.026352080252760895,0.01912274810175978,0.0,0.0009343131163546839
funded_amnt_inv,earliest_cr_line,-0.010779192025572523,0.010779192025572523,0.026352080252760895,0.0010923947466905046,0.0,0.0009343131163546839
funded_amnt_inv,inq_last_6mths,-0.024557586850410835,0.024557586850410835,0.026352080252760895,0.07884178945733766,0.0,0.0009343131163546839
funded_amnt_inv,mths_since_last_delinq,-0.01704381190896196,0.01704381190896196,0.026352080252760895,0.012972182863817254,0.0,50.893436917514165
funded_amnt_inv,mths_since_last_record,0.008449587570417411,0.008449587570417411,0.026352080252760895,0.020270336049018945,0.0,84.01390257917136
funded_amnt_inv,open_acc,0.1841432729957493,0.1841432729957493,0.026352080252760895,0.01776663231394419,0.0,0.0009343131163546839
funded_amnt_inv,pub_rec,-0.055789772367349666,0.055789772367349666,0.026352080252760895,0.02876278231859769,0.0,0.0009343131163546839
funded_amnt_inv,revol_bal,0.31603629400172206,0.31603629400172206,0.026352080252760895,0.01788359269829698,0.0,0.0
funded_amnt_inv,revol_util,0.10317283177857803,0.10317283177857803,0.026352080252760895,0.0695041062279028,0.0,0.08035092800650283
funded_amnt_inv,total_acc,0.20490787774814967,0.20490787774814967,0.026352080252760895,0.01576646453997829,0.0,0.0009343131163546839
funded_amnt_inv,initial_list_status,0.08911849010408722,0.08911849010408722,0.026352080252760895,0.06853737524962515,0.0,0.0
funded_amnt_inv,collections_12_mths_ex_med,-0.018626407830518447,0.018626407830518447,0.026352080252760895,0.010052319750769608,0.0,0.006073035256305446
funded_amnt_inv,mths_since_last_major_derog,-0.0024574978368058914,0.0024574978368058914,0.026352080252760895,0.011389737904839171,0.0,73.97704392673117
funded_amnt_inv,tot_coll_amt,-0.024646986909530568,0.024646986909530568,0.026352080252760895,0.0014739431011549038,0.0,3.3252203811063206
funded_amnt_inv,tot_cur_bal,0.30769286552615305,0.30769286552615305,0.026352080252760895,0.05242633659939442,0.0,3.3252203811063206
funded_amnt_inv,open_acc_6m,-0.015318288524466497,0.015318288524466497,0.026352080252760895,0.06072361227471765,0.0,40.420254039736335
funded_amnt_inv,open_act_il,0.030803730523631414,0.030803730523631414,0.026352080252760895,0.008867686360924087,0.0,40.420254039736335
funded_amnt_inv,open_il_12m,0.00328973489515097,0.00328973489515097,0.026352080252760895,0.06051092067206702,0.0,40.420254039736335
funded_amnt_inv,open_il_24m,0.027211838891286373,0.027211838891286373,0.026352080252760895,0.06065785469677383,0.0,40.420254039736335
funded_amnt_inv,mths_since_rcnt_il,-0.01867849970539095,0.01867849970539095,0.026352080252760895,0.03242085839165458,0.0,42.30382928230738
funded_amnt_inv,total_bal_il,0.15161680971230787,0.15161680971230787,0.026352080252760895,0.001994536754313803,0.0,40.420254039736335
funded_amnt_inv,il_util,-0.08995132869332666,0.08995132869332666,0.026352080252760895,0.05888586629764154,0.0,48.95286857484549
funded_amnt_inv,open_rv_12m,-0.04274205225104033,0.04274205225104033,0.026352080252760895,0.05266258614741897,0.0,40.420254039736335
funded_amnt_inv,open_rv_24m,-0.030362625669092078,0.030362625669092078,0.026352080252760895,0.06912450757964811,0.0,40.420254039736335
funded_amnt_inv,max_bal_bc,0.3835611469225013,0.3835611469225013,0.026352080252760895,0.03227602521276016,0.0,40.420254039736335
funded_amnt_inv,all_util,-0.00033139713072977275,0.00033139713072977275,0.026352080252760895,0.07383862685643393,0.0,40.42679423155082
funded_amnt_inv,total_rev_hi_lim,0.3504124523743647,0.3504124523743647,0.026352080252760895,0.057416341220561884,0.0,3.3252203811063206
funded_amnt_inv,inq_fi,-0.00010933108937497034,0.00010933108937497034,0.026352080252760895,0.0368309814014974,0.0,40.420254039736335
funded_amnt_inv,total_cu_tl,0.06587604578932478,0.06587604578932478,0.026352080252760895,0.009299731041818318,0.0,40.420254039736335
funded_amnt_inv,inq_last_12m,0.015720279132510936,0.015720279132510936,0.026352080252760895,0.0637314488297478,0.0,40.420254039736335
funded_amnt_inv,acc_open_past_24mths,0.0016388451988557891,0.0016388451988557891,0.026352080252760895,0.08867183834751817,0.0,2.3605420884701087
funded_amnt_inv,avg_cur_bal,0.22500431879667707,0.22500431879667707,0.026352080252760895,0.0562108691255464,0.0,3.32708900733903
funded_amnt_inv,bc_open_to_buy,0.20573131185018695,0.20573131185018695,0.026352080252760895,0.08076668691943055,0.0,3.403702682880114
funded_amnt_inv,bc_util,0.05020542789725051,0.05020542789725051,0.026352080252760895,0.0759460456775071,0.0,3.464900192001345
funded_amnt_inv,chargeoff_within_12_mths,-0.002760845589932351,0.002760845589932351,0.026352080252760895,0.0021101943384776007,0.0,0.006073035256305446
funded_amnt_inv,delinq_amnt,-0.0012186179244811043,0.0012186179244811043,0.026352080252760895,0.005947855837318468,0.0,0.0009343131163546839
funded_amnt_inv,mo_sin_old_il_acct,0.12488425427856195,0.12488425427856195,0.026352080252760895,0.021217795594907888,0.0,6.365942418282638
funded_amnt_inv,mo_sin_old_rev_tl_op,0.17154447146782606,0.17154447146782606,0.026352080252760895,0.0355852140960437,0.0,3.3252203811063206
funded_amnt_inv,mo_sin_rcnt_rev_tl_op,0.05211411017325211,0.05211411017325211,0.026352080252760895,0.051203064225407595,0.0,3.3252203811063206
funded_amnt_inv,mo_sin_rcnt_tl,0.02398434363940698,0.02398434363940698,0.026352080252760895,0.053452195761061076,0.0,3.3252203811063206
funded_amnt_inv,mort_acc,0.2210255365059496,0.2210255365059496,0.026352080252760895,0.03244640355720174,0.0,2.3605420884701087
funded_amnt_inv,mths_since_recent_bc,0.03745394426088268,0.03745394426088268,0.026352080252760895,0.043584474650737046,0.0,3.336899295060754
funded_amnt_inv,mths_since_recent_bc_dlq,-0.0328481986850017,0.0328481986850017,0.026352080252760895,0.003137939343701434,0.0,76.73980781179198
funded_amnt_inv,mths_since_recent_inq,-0.0024244385176623805,0.0024244385176623805,0.026352080252760895,0.05320449066537542,0.0,13.0799164724074
funded_amnt_inv,mths_since_recent_revol_delinq,-0.028575739457700325,0.028575739457700325,0.026352080252760895,0.006683612077262269,0.0,66.9785715286764
funded_amnt_inv,num_accts_ever_120_pd,-0.05197849368677766,0.05197849368677766,0.026352080252760895,0.008479117803978793,0.0,3.3252203811063206
funded_amnt_inv,num_actv_bc_tl,0.19511724027244717,0.19511724027244717,0.026352080252760895,0.023449703362199502,0.0,3.3252203811063206
funded_amnt_inv,num_actv_rev_tl,0.15163457161907262,0.15163457161907262,0.026352080252760895,0.05073392113298021,0.0,3.3252203811063206
funded_amnt_inv,num_bc_sats,0.21811794394205816,0.21811794394205816,0.026352080252760895,0.0042639641381768565,0.0,2.768836920317106
funded_amnt_inv,num_bc_tl,0.20223182336173126,0.20223182336173126,0.026352080252760895,0.015581876085390736,0.0,3.3252203811063206
funded_amnt_inv,num_il_tl,0.07947894412142621,0.07947894412142621,0.026352080252760895,0.01028170161323678,0.0,3.3252203811063206
funded_amnt_inv,num_op_rev_tl,0.16499999708987742,0.16499999708987742,0.026352080252760895,0.023613697070117696,0.0,3.3252203811063206
funded_amnt_inv,num_rev_accts,0.1707766729485119,0.1707766729485119,0.026352080252760895,0.02221329210148946,0.0,3.3252203811063206
funded_amnt_inv,num_rev_tl_bal_gt_0,0.15058766513052696,0.15058766513052696,0.026352080252760895,0.05055527066899223,0.0,3.3252203811063206
funded_amnt_inv,num_sats,0.18081083569582077,0.18081083569582077,0.026352080252760895,0.018432439266359544,0.0,2.768836920317106
funded_amnt_inv,num_tl_120dpd_2m,-0.0013057953735443322,0.0013057953735443322,0.026352080252760895,0.0022468872711697264,0.0,7.126940451553529
funded_amnt_inv,num_tl_30dpd,0.0007945414318705392,0.0007945414318705392,0.026352080252760895,0.0047684994383403794,0.0,3.3252203811063206
funded_amnt_inv,num_tl_90g_dpd_24m,-0.021644484095442208,0.021644484095442208,0.026352080252760895,0.012197969067421339,0.0,3.3252203811063206
funded_amnt_inv,num_tl_op_past_12m,-0.024681165280315415,0.024681165280315415,0.026352080252760895,0.07721411715843976,0.0,3.3252203811063206
funded_amnt_inv,pct_tl_nvr_dlq,0.08697691887162325,0.08697691887162325,0.026352080252760895,0.0037269775784282647,0.0,3.3308262598044482
funded_amnt_inv,percent_bc_gt_75,0.022082368897401092,0.022082368897401092,0.026352080252760895,0.07830303392951792,0.0,3.4307977632543993
funded_amnt_inv,pub_rec_bankruptcies,-0.08563177214455674,0.08563177214455674,0.026352080252760895,0.021686175332832822,0.0,0.06867201405206927
funded_amnt_inv,tax_liens,0.009523986556251472,0.009523986556251472,0.026352080252760895,0.013644503499620549,0.0,0.0037372524654187356
funded_amnt_inv,tot_hi_cred_lim,0.33127275601796624,0.33127275601796624,0.026352080252760895,0.061955101049037724,0.0,3.3252203811063206
funded_amnt_inv,total_bal_ex_mort,0.2757525883611677,0.2757525883611677,0.026352080252760895,0.010337636565541718,0.0,2.3605420884701087
funded_amnt_inv,total_bc_limit,0.3767808484121262,0.3767808484121262,0.026352080252760895,0.0727331430169503,0.0,2.3605420884701087
funded_amnt_inv,total_il_high_credit_limit,0.2080133243373878,0.2080133243373878,0.026352080252760895,0.012103906507566485,0.0,3.3252203811063206
funded_amnt_inv,year_issued,0.04885594624575767,0.04885594624575767,0.026352080252760895,0.14600503649089677,0.0,0.0
term,int_rate,0.3769266328268721,0.3769266328268721,0.09111423202576499,0.19849424398263266,0.0,0.0
term,grade,0.3874301200655869,0.3874301200655869,0.09111423202576499,0.22188299811229883,0.0,0.0
term,sub_grade,0.3940070011298074,0.3940070011298074,0.09111423202576499,0.22500452182134473,0.0,0.0
term,emp_title,-0.025332108584236655,0.025332108584236655,0.09111423202576499,0.025226709051093508,0.0,6.959231247167863
term,emp_length,-0.0448418672789919,0.0448418672789919,0.09111423202576499,0.022127878150561765,0.0,6.086582796492588
term,home_ownership,-0.10163665524145903,0.10163665524145903,0.09111423202576499,0.05049111917017964,0.0,0.0
term,annual_inc,0.05564255203794363,0.05564255203794363,0.09111423202576499,0.03536926119704636,0.0,0.0
term,verification_status,0.10238358543497582,0.10238358543497582,0.09111423202576499,0.09683841629149338,0.0,0.0
term,issue_d,0.01435471162512863,0.01435471162512863,0.09111423202576499,0.017819021013207523,0.0,0.0
term,desc,0.018824815878885202,0.018824815878885202,0.09111423202576499,0.01963720554729567,0.0,94.16054302278323
term,purpose,-0.06751254845388538,0.06751254845388538,0.09111423202576499,0.013710899449129602,0.0,0.0
term,title,-0.04770126732388812,0.04770126732388812,0.09111423202576499,0.02770941079607677,0.0,1.046430690317246
term,zip_code,-0.018092113794889668,0.018092113794889668,0.09111423202576499,0.0006308825935882336,0.0,0.0
term,addr_state,0.013442282300105076,0.013442282300105076,0.09111423202576499,0.003552164236663896,0.0,0.0
term,dti,0.07157812170398417,0.07157812170398417,0.09111423202576499,0.0782879675756435,0.0,0.0
term,delinq_2yrs,-0.006533239739385162,0.006533239739385162,0.09111423202576499,0.01912274810175978,0.0,0.0009343131163546839
term,earliest_cr_line,-0.0010692266237783369,0.0010692266237783369,0.09111423202576499,0.0010923947466905046,0.0,0.0009343131163546839
term,inq_last_6mths,0.002366754108014532,0.002366754108014532,0.09111423202576499,0.07884178945733766,0.0,0.0009343131163546839
term,mths_since_last_delinq,0.0075881102228236895,0.0075881102228236895,0.09111423202576499,0.012972182863817254,0.0,50.893436917514165
term,mths_since_last_record,0.04456889658156903,0.04456889658156903,0.09111423202576499,0.020270336049018945,0.0,84.01390257917136
term,open_acc,0.07583296283880367,0.07583296283880367,0.09111423202576499,0.01776663231394419,0.0,0.0009343131163546839
term,pub_rec,-0.014335777604915494,0.014335777604915494,0.09111423202576499,0.02876278231859769,0.0,0.0009343131163546839
term,revol_bal,0.08121417197653319,0.08121417197653319,0.09111423202576499,0.01788359269829698,0.0,0.0
term,revol_util,0.07017973155310774,0.07017973155310774,0.09111423202576499,0.0695041062279028,0.0,0.08035092800650283
term,total_acc,0.10127901358281469,0.10127901358281469,0.09111423202576499,0.01576646453997829,0.0,0.0009343131163546839
term,initial_list_status,0.13977908512289616,0.13977908512289616,0.09111423202576499,0.06853737524962515,0.0,0.0
term,collections_12_mths_ex_med,-0.010769857143873343,0.010769857143873343,0.09111423202576499,0.010052319750769608,0.0,0.006073035256305446
term,mths_since_last_major_derog,0.005340613572485849,0.005340613572485849,0.09111423202576499,0.011389737904839171,0.0,73.97704392673117
term,tot_coll_amt,-0.012749546705035709,0.012749546705035709,0.09111423202576499,0.0014739431011549038,0.0,3.3252203811063206
term,tot_cur_bal,0.10869781421889586,0.10869781421889586,0.09111423202576499,0.05242633659939442,0.0,3.3252203811063206
term,open_acc_6m,0.007436275831486949,0.007436275831486949,0.09111423202576499,0.06072361227471765,0.0,40.420254039736335
term,open_act_il,0.040314936190342945,0.040314936190342945,0.09111423202576499,0.008867686360924087,0.0,40.420254039736335
term,open_il_12m,0.04376284278585769,0.04376284278585769,0.09111423202576499,0.06051092067206702,0.0,40.420254039736335
term,open_il_24m,0.06082963430834583,0.06082963430834583,0.09111423202576499,0.06065785469677383,0.0,40.420254039736335
term,mths_since_rcnt_il,-0.039639096555980566,0.039639096555980566,0.09111423202576499,0.03242085839165458,0.0,42.30382928230738
term,total_bal_il,0.08349782983990736,0.08349782983990736,0.09111423202576499,0.001994536754313803,0.0,40.420254039736335
term,il_util,0.026849926833860924,0.026849926833860924,0.09111423202576499,0.05888586629764154,0.0,48.95286857484549
term,open_rv_12m,-0.026313854069567717,0.026313854069567717,0.09111423202576499,0.05266258614741897,0.0,40.420254039736335
term,open_rv_24m,-0.02043641096587204,0.02043641096587204,0.09111423202576499,0.06912450757964811,0.0,40.420254039736335
term,max_bal_bc,0.10168408595530824,0.10168408595530824,0.09111423202576499,0.03227602521276016,0.0,40.420254039736335
term,all_util,0.049369600828100164,0.049369600828100164,0.09111423202576499,0.07383862685643393,0.0,40.42679423155082
term,total_rev_hi_lim,0.0732571402567667,0.0732571402567667,0.09111423202576499,0.057416341220561884,0.0,3.3252203811063206
term,inq_fi,0.029149683913821372,0.029149683913821372,0.09111423202576499,0.0368309814014974,0.0,40.420254039736335
term,total_cu_tl,0.05391860507484057,0.05391860507484057,0.09111423202576499,0.009299731041818318,0.0,40.420254039736335
term,inq_last_12m,0.02994039802341103,0.02994039802341103,0.09111423202576499,0.0637314488297478,0.0,40.420254039736335
term,acc_open_past_24mths,0.02748336657664304,0.02748336657664304,0.09111423202576499,0.08867183834751817,0.0,2.3605420884701087
term,avg_cur_bal,0.08089650328830106,0.08089650328830106,0.09111423202576499,0.0562108691255464,0.0,3.32708900733903
term,bc_open_to_buy,0.01621828939168905,0.01621828939168905,0.09111423202576499,0.08076668691943055,0.0,3.403702682880114
term,bc_util,0.05426669933758698,0.05426669933758698,0.09111423202576499,0.0759460456775071,0.0,3.464900192001345
term,chargeoff_within_12_mths,-0.00017472178705129376,0.00017472178705129376,0.09111423202576499,0.0021101943384776007,0.0,0.006073035256305446
term,delinq_amnt,-0.00044065119964509014,0.00044065119964509014,0.09111423202576499,0.005947855837318468,0.0,0.0009343131163546839
term,mo_sin_old_il_acct,0.07363503209503695,0.07363503209503695,0.09111423202576499,0.021217795594907888,0.0,6.365942418282638
term,mo_sin_old_rev_tl_op,0.04915244118713926,0.04915244118713926,0.09111423202576499,0.0355852140960437,0.0,3.3252203811063206
term,mo_sin_rcnt_rev_tl_op,0.01771486090484169,0.01771486090484169,0.09111423202576499,0.051203064225407595,0.0,3.3252203811063206
term,mo_sin_rcnt_tl,-0.007635621838756913,0.007635621838756913,0.09111423202576499,0.053452195761061076,0.0,3.3252203811063206
term,mort_acc,0.10259907789699364,0.10259907789699364,0.09111423202576499,0.03244640355720174,0.0,2.3605420884701087
term,mths_since_recent_bc,0.020796177194850694,0.020796177194850694,0.09111423202576499,0.043584474650737046,0.0,3.336899295060754
term,mths_since_recent_bc_dlq,0.002680532057251527,0.002680532057251527,0.09111423202576499,0.003137939343701434,0.0,76.73980781179198
term,mths_since_recent_inq,-0.021166852652402077,0.021166852652402077,0.09111423202576499,0.05320449066537542,0.0,13.0799164724074
term,mths_since_recent_revol_delinq,0.003639893831075787,0.003639893831075787,0.09111423202576499,0.006683612077262269,0.0,66.9785715286764
term,num_accts_ever_120_pd,-0.016448978184565713,0.016448978184565713,0.09111423202576499,0.008479117803978793,0.0,3.3252203811063206
term,num_actv_bc_tl,0.05384217037519145,0.05384217037519145,0.09111423202576499,0.023449703362199502,0.0,3.3252203811063206
term,num_actv_rev_tl,0.05737390115578593,0.05737390115578593,0.09111423202576499,0.05073392113298021,0.0,3.3252203811063206
term,num_bc_sats,0.05431726844042966,0.05431726844042966,0.09111423202576499,0.0042639641381768565,0.0,2.768836920317106
term,num_bc_tl,0.051939220182892966,0.051939220182892966,0.09111423202576499,0.015581876085390736,0.0,3.3252203811063206
term,num_il_tl,0.07860867759769326,0.07860867759769326,0.09111423202576499,0.01028170161323678,0.0,3.3252203811063206
term,num_op_rev_tl,0.05142949087880251,0.05142949087880251,0.09111423202576499,0.023613697070117696,0.0,3.3252203811063206
term,num_rev_accts,0.05393032753285573,0.05393032753285573,0.09111423202576499,0.02221329210148946,0.0,3.3252203811063206
term,num_rev_tl_bal_gt_0,0.057451057589701385,0.057451057589701385,0.09111423202576499,0.05055527066899223,0.0,3.3252203811063206
term,num_sats,0.0760162914271079,0.0760162914271079,0.09111423202576499,0.018432439266359544,0.0,2.768836920317106
term,num_tl_120dpd_2m,0.0013537186556458654,0.0013537186556458654,0.09111423202576499,0.0022468872711697264,0.0,7.126940451553529
term,num_tl_30dpd,-0.0019849824492408513,0.0019849824492408513,0.09111423202576499,0.0047684994383403794,0.0,3.3252203811063206
term,num_tl_90g_dpd_24m,-0.008894972493004603,0.008894972493004603,0.09111423202576499,0.012197969067421339,0.0,3.3252203811063206
term,num_tl_op_past_12m,0.007796731105937835,0.007796731105937835,0.09111423202576499,0.07721411715843976,0.0,3.3252203811063206
term,pct_tl_nvr_dlq,0.04228336605183393,0.04228336605183393,0.09111423202576499,0.0037269775784282647,0.0,3.3308262598044482
term,percent_bc_gt_75,0.050452373778236165,0.050452373778236165,0.09111423202576499,0.07830303392951792,0.0,3.4307977632543993
term,pub_rec_bankruptcies,-0.00966854226037431,0.00966854226037431,0.09111423202576499,0.021686175332832822,0.0,0.06867201405206927
term,tax_liens,-0.00660446281082755,0.00660446281082755,0.09111423202576499,0.013644503499620549,0.0,0.0037372524654187356
term,tot_hi_cred_lim,0.1056721740208898,0.1056721740208898,0.09111423202576499,0.061955101049037724,0.0,3.3252203811063206
term,total_bal_ex_mort,0.10671790888897703,0.10671790888897703,0.09111423202576499,0.010337636565541718,0.0,2.3605420884701087
term,total_bc_limit,0.07204059993897437,0.07204059993897437,0.09111423202576499,0.0727331430169503,0.0,2.3605420884701087
term,total_il_high_credit_limit,0.09188311879446091,0.09188311879446091,0.09111423202576499,0.012103906507566485,0.0,3.3252203811063206
term,year_issued,-4.751140400471351e-06,4.751140400471351e-06,0.09111423202576499,0.14600503649089677,0.0,0.0
int_rate,grade,0.9529401654310197,0.9529401654310197,0.19849424398263266,0.22188299811229883,0.0,0.0
int_rate,sub_grade,0.9766284903811424,0.9766284903811424,0.19849424398263266,0.22500452182134473,0.0,0.0
int_rate,emp_title,0.008273414304988572,0.008273414304988572,0.19849424398263266,0.025226709051093508,0.0,6.959231247167863
int_rate,emp_length,0.00478493276841251,0.00478493276841251,0.19849424398263266,0.022127878150561765,0.0,6.086582796492588
int_rate,home_ownership,0.07742378216381168,0.07742378216381168,0.19849424398263266,0.05049111917017964,0.0,0.0
int_rate,annual_inc,-0.06613289568508397,0.06613289568508397,0.19849424398263266,0.03536926119704636,0.0,0.0
int_rate,verification_status,0.2550579957479069,0.2550579957479069,0.19849424398263266,0.09683841629149338,0.0,0.0
int_rate,issue_d,0.005920498540677629,0.005920498540677629,0.19849424398263266,0.017819021013207523,0.0,0.0
int_rate,desc,-0.016419642613830953,0.016419642613830953,0.19849424398263266,0.01963720554729567,0.0,94.16054302278323
int_rate,purpose,0.10292379490636355,0.10292379490636355,0.19849424398263266,0.013710899449129602,0.0,0.0
int_rate,title,0.07131624999701328,0.07131624999701328,0.19849424398263266,0.02770941079607677,0.0,1.046430690317246
int_rate,zip_code,-0.006845203950139868,0.006845203950139868,0.19849424398263266,0.0006308825935882336,0.0,0.0
int_rate,addr_state,0.0032008731848910694,0.0032008731848910694,0.19849424398263266,0.003552164236663896,0.0,0.0
int_rate,dti,0.1879024848889747,0.1879024848889747,0.19849424398263266,0.0782879675756435,0.0,0.0
int_rate,delinq_2yrs,0.05820950074921886,0.05820950074921886,0.19849424398263266,0.01912274810175978,0.0,0.0009343131163546839
int_rate,earliest_cr_line,0.005315638084533087,0.005315638084533087,0.19849424398263266,0.0010923947466905046,0.0,0.0009343131163546839
int_rate,inq_last_6mths,0.19223478572762037,0.19223478572762037,0.19849424398263266,0.07884178945733766,0.0,0.0009343131163546839
int_rate,mths_since_last_delinq,-0.03975473450702566,0.03975473450702566,0.19849424398263266,0.012972182863817254,0.0,50.893436917514165
int_rate,mths_since_last_record,-0.014418898024649632,0.014418898024649632,0.19849424398263266,0.020270336049018945,0.0,84.01390257917136
int_rate,open_acc,-0.01220748390556765,0.01220748390556765,0.19849424398263266,0.01776663231394419,0.0,0.0009343131163546839
int_rate,pub_rec,0.053528873145371685,0.053528873145371685,0.19849424398263266,0.02876278231859769,0.0,0.0009343131163546839
int_rate,revol_bal,-0.0268228870298008,0.0268228870298008,0.19849424398263266,0.01788359269829698,0.0,0.0
int_rate,revol_util,0.2607144227814987,0.2607144227814987,0.19849424398263266,0.0695041062279028,0.0,0.08035092800650283
int_rate,total_acc,-0.039678527559985036,0.039678527559985036,0.19849424398263266,0.01576646453997829,0.0,0.0009343131163546839
int_rate,initial_list_status,-0.12500193073696958,0.12500193073696958,0.19849424398263266,0.06853737524962515,0.0,0.0
int_rate,collections_12_mths_ex_med,0.019178957861920934,0.019178957861920934,0.19849424398263266,0.010052319750769608,0.0,0.006073035256305446
int_rate,mths_since_last_major_derog,-0.03683759326748921,0.03683759326748921,0.19849424398263266,0.011389737904839171,0.0,73.97704392673117
int_rate,tot_coll_amt,0.012997821338805848,0.012997821338805848,0.19849424398263266,0.0014739431011549038,0.0,3.3252203811063206
int_rate,tot_cur_bal,-0.08362172269040526,0.08362172269040526,0.19849424398263266,0.05242633659939442,0.0,3.3252203811063206
int_rate,open_acc_6m,0.13495178578580566,0.13495178578580566,0.19849424398263266,0.06072361227471765,0.0,40.420254039736335
int_rate,open_act_il,0.0311629703134981,0.0311629703134981,0.19849424398263266,0.008867686360924087,0.0,40.420254039736335
int_rate,open_il_12m,0.1632232616371622,0.1632232616371622,0.19849424398263266,0.06051092067206702,0.0,40.420254039736335
int_rate,open_il_24m,0.15191569505205296,0.15191569505205296,0.19849424398263266,0.06065785469677383,0.0,40.420254039736335
int_rate,mths_since_rcnt_il,-0.0897953605350302,0.0897953605350302,0.19849424398263266,0.03242085839165458,0.0,42.30382928230738
int_rate,total_bal_il,0.03612479145158244,0.03612479145158244,0.19849424398263266,0.001994536754313803,0.0,40.420254039736335
int_rate,il_util,0.1498981124319233,0.1498981124319233,0.19849424398263266,0.05888586629764154,0.0,48.95286857484549
int_rate,open_rv_12m,0.11639639546815955,0.11639639546815955,0.19849424398263266,0.05266258614741897,0.0,40.420254039736335
int_rate,open_rv_24m,0.12422029648558842,0.12422029648558842,0.19849424398263266,0.06912450757964811,0.0,40.420254039736335
int_rate,max_bal_bc,-0.058929552909511095,0.058929552909511095,0.19849424398263266,0.03227602521276016,0.0,40.420254039736335
int_rate,all_util,0.28987534957112737,0.28987534957112737,0.19849424398263266,0.07383862685643393,0.0,40.42679423155082
int_rate,total_rev_hi_lim,-0.18749451115840088,0.18749451115840088,0.19849424398263266,0.057416341220561884,0.0,3.3252203811063206
int_rate,inq_fi,0.13248487793738634,0.13248487793738634,0.19849424398263266,0.0368309814014974,0.0,40.420254039736335
int_rate,total_cu_tl,0.008929011395506762,0.008929011395506762,0.19849424398263266,0.009299731041818318,0.0,40.420254039736335
int_rate,inq_last_12m,0.1636685499423939,0.1636685499423939,0.19849424398263266,0.0637314488297478,0.0,40.420254039736335
int_rate,acc_open_past_24mths,0.17000851737703457,0.17000851737703457,0.19849424398263266,0.08867183834751817,0.0,2.3605420884701087
int_rate,avg_cur_bal,-0.08127351153123137,0.08127351153123137,0.19849424398263266,0.0562108691255464,0.0,3.32708900733903
int_rate,bc_open_to_buy,-0.2927522567137175,0.2927522567137175,0.19849424398263266,0.08076668691943055,0.0,3.403702682880114
int_rate,bc_util,0.27484345624676315,0.27484345624676315,0.19849424398263266,0.0759460456775071,0.0,3.464900192001345
int_rate,chargeoff_within_12_mths,0.013154712152355258,0.013154712152355258,0.19849424398263266,0.0021101943384776007,0.0,0.006073035256305446
int_rate,delinq_amnt,0.0037253114334159635,0.0037253114334159635,0.19849424398263266,0.005947855837318468,0.0,0.0009343131163546839
int_rate,mo_sin_old_il_acct,-0.05841291235417192,0.05841291235417192,0.19849424398263266,0.021217795594907888,0.0,6.365942418282638
int_rate,mo_sin_old_rev_tl_op,-0.1259122440934682,0.1259122440934682,0.19849424398263266,0.0355852140960437,0.0,3.3252203811063206
int_rate,mo_sin_rcnt_rev_tl_op,-0.08970538322472782,0.08970538322472782,0.19849424398263266,0.051203064225407595,0.0,3.3252203811063206
int_rate,mo_sin_rcnt_tl,-0.10853406883878773,0.10853406883878773,0.19849424398263266,0.053452195761061076,0.0,3.3252203811063206
int_rate,mort_acc,-0.08635144371208517,0.08635144371208517,0.19849424398263266,0.03244640355720174,0.0,2.3605420884701087
int_rate,mths_since_recent_bc,-0.06900099033982836,0.06900099033982836,0.19849424398263266,0.043584474650737046,0.0,3.336899295060754
int_rate,mths_since_recent_bc_dlq,-0.00982532844840362,0.00982532844840362,0.19849424398263266,0.003137939343701434,0.0,76.73980781179198
int_rate,mths_since_recent_inq,-0.14564540702686143,0.14564540702686143,0.19849424398263266,0.05320449066537542,0.0,13.0799164724074
int_rate,mths_since_recent_revol_delinq,-0.017239866388922512,0.017239866388922512,0.19849424398263266,0.006683612077262269,0.0,66.9785715286764
int_rate,num_accts_ever_120_pd,0.05127771616893246,0.05127771616893246,0.19849424398263266,0.008479117803978793,0.0,3.3252203811063206
int_rate,num_actv_bc_tl,0.020481260325702785,0.020481260325702785,0.19849424398263266,0.023449703362199502,0.0,3.3252203811063206
int_rate,num_actv_rev_tl,0.08320714926461596,0.08320714926461596,0.19849424398263266,0.05073392113298021,0.0,3.3252203811063206
int_rate,num_bc_sats,-0.05987043078483664,0.05987043078483664,0.19849424398263266,0.0042639641381768565,0.0,2.768836920317106
int_rate,num_bc_tl,-0.0810222575033767,0.0810222575033767,0.19849424398263266,0.015581876085390736,0.0,3.3252203811063206
int_rate,num_il_tl,0.01592310413678044,0.01592310413678044,0.19849424398263266,0.01028170161323678,0.0,3.3252203811063206
int_rate,num_op_rev_tl,-0.01714934011282681,0.01714934011282681,0.19849424398263266,0.023613697070117696,0.0,3.3252203811063206
int_rate,num_rev_accts,-0.05497362540048903,0.05497362540048903,0.19849424398263266,0.02221329210148946,0.0,3.3252203811063206
int_rate,num_rev_tl_bal_gt_0,0.08274965789933972,0.08274965789933972,0.19849424398263266,0.05055527066899223,0.0,3.3252203811063206
int_rate,num_sats,-0.015516769630628122,0.015516769630628122,0.19849424398263266,0.018432439266359544,0.0,2.768836920317106
int_rate,num_tl_120dpd_2m,0.007856341116631693,0.007856341116631693,0.19849424398263266,0.0022468872711697264,0.0,7.126940451553529
int_rate,num_tl_30dpd,0.013942115981800547,0.013942115981800547,0.19849424398263266,0.0047684994383403794,0.0,3.3252203811063206
int_rate,num_tl_90g_dpd_24m,0.03376546685013493,0.03376546685013493,0.19849424398263266,0.012197969067421339,0.0,3.3252203811063206
int_rate,num_tl_op_past_12m,0.18075160009206695,0.18075160009206695,0.19849424398263266,0.07721411715843976,0.0,3.3252203811063206
int_rate,pct_tl_nvr_dlq,-0.07705865979549081,0.07705865979549081,0.19849424398263266,0.0037269775784282647,0.0,3.3308262598044482
int_rate,percent_bc_gt_75,0.2693531037806271,0.2693531037806271,0.19849424398263266,0.07830303392951792,0.0,3.4307977632543993
int_rate,pub_rec_bankruptcies,0.055585636329881484,0.055585636329881484,0.19849424398263266,0.021686175332832822,0.0,0.06867201405206927
int_rate,tax_liens,0.017390660138220507,0.017390660138220507,0.19849424398263266,0.013644503499620549,0.0,0.0037372524654187356
int_rate,tot_hi_cred_lim,-0.12151751557457764,0.12151751557457764,0.19849424398263266,0.061955101049037724,0.0,3.3252203811063206
int_rate,total_bal_ex_mort,0.008403491331073447,0.008403491331073447,0.19849424398263266,0.010337636565541718,0.0,2.3605420884701087
int_rate,total_bc_limit,-0.2369209810730439,0.2369209810730439,0.19849424398263266,0.0727331430169503,0.0,2.3605420884701087
int_rate,total_il_high_credit_limit,-0.0012436092480561565,0.0012436092480561565,0.19849424398263266,0.012103906507566485,0.0,3.3252203811063206
int_rate,year_issued,-0.05557006764119021,0.05557006764119021,0.19849424398263266,0.14600503649089677,0.0,0.0
grade,sub_grade,0.9741783476473471,0.9741783476473471,0.22188299811229883,0.22500452182134473,0.0,0.0
grade,emp_title,0.010238902940093591,0.010238902940093591,0.22188299811229883,0.025226709051093508,0.0,6.959231247167863
grade,emp_length,0.004128929118954281,0.004128929118954281,0.22188299811229883,0.022127878150561765,0.0,6.086582796492588
grade,home_ownership,0.07281836536866655,0.07281836536866655,0.22188299811229883,0.05049111917017964,0.0,0.0
grade,annual_inc,-0.06382784545930754,0.06382784545930754,0.22188299811229883,0.03536926119704636,0.0,0.0
grade,verification_status,0.25059986941255696,0.25059986941255696,0.22188299811229883,0.09683841629149338,0.0,0.0
grade,issue_d,-0.002672563459765725,0.002672563459765725,0.22188299811229883,0.017819021013207523,0.0,0.0
grade,desc,0.00831551763309063,0.00831551763309063,0.22188299811229883,0.01963720554729567,0.0,94.16054302278323
grade,purpose,0.10289072108844119,0.10289072108844119,0.22188299811229883,0.013710899449129602,0.0,0.0
grade,title,0.06257978107653311,0.06257978107653311,0.22188299811229883,0.02770941079607677,0.0,1.046430690317246
grade,zip_code,-0.007528902107723809,0.007528902107723809,0.22188299811229883,0.0006308825935882336,0.0,0.0
grade,addr_state,0.0037640591401421246,0.0037640591401421246,0.22188299811229883,0.003552164236663896,0.0,0.0
grade,dti,0.1896505152452083,0.1896505152452083,0.22188299811229883,0.0782879675756435,0.0,0.0
grade,delinq_2yrs,0.06406931726784258,0.06406931726784258,0.22188299811229883,0.01912274810175978,0.0,0.0009343131163546839
grade,earliest_cr_line,0.0053665703894032685,0.0053665703894032685,0.22188299811229883,0.0010923947466905046,0.0,0.0009343131163546839
grade,inq_last_6mths,0.19938013373897337,0.19938013373897337,0.22188299811229883,0.07884178945733766,0.0,0.0009343131163546839
grade,mths_since_last_delinq,-0.04469156388361882,0.04469156388361882,0.22188299811229883,0.012972182863817254,0.0,50.893436917514165
grade,mths_since_last_record,-0.0540473014070411,0.0540473014070411,0.22188299811229883,0.020270336049018945,0.0,84.01390257917136
grade,open_acc,-0.0075279156896856615,0.0075279156896856615,0.22188299811229883,0.01776663231394419,0.0,0.0009343131163546839
grade,pub_rec,0.06095853376521622,0.06095853376521622,0.22188299811229883,0.02876278231859769,0.0,0.0009343131163546839
grade,revol_bal,-0.022255100045054127,0.022255100045054127,0.22188299811229883,0.01788359269829698,0.0,0.0
grade,revol_util,0.2654596598742156,0.2654596598742156,0.22188299811229883,0.0695041062279028,0.0,0.08035092800650283
grade,total_acc,-0.028323869755251575,0.028323869755251575,0.22188299811229883,0.01576646453997829,0.0,0.0009343131163546839
grade,initial_list_status,-0.12954335894729183,0.12954335894729183,0.22188299811229883,0.06853737524962515,0.0,0.0
grade,collections_12_mths_ex_med,0.0204776804792268,0.0204776804792268,0.22188299811229883,0.010052319750769608,0.0,0.006073035256305446
grade,mths_since_last_major_derog,-0.03771360541426694,0.03771360541426694,0.22188299811229883,0.011389737904839171,0.0,73.97704392673117
grade,tot_coll_amt,0.016804856613177526,0.016804856613177526,0.22188299811229883,0.0014739431011549038,0.0,3.3252203811063206
grade,tot_cur_bal,-0.0794705177703899,0.0794705177703899,0.22188299811229883,0.05242633659939442,0.0,3.3252203811063206
grade,open_acc_6m,0.1377351129014327,0.1377351129014327,0.22188299811229883,0.06072361227471765,0.0,40.420254039736335
grade,open_act_il,0.03040212709649044,0.03040212709649044,0.22188299811229883,0.008867686360924087,0.0,40.420254039736335
grade,open_il_12m,0.16340233755729314,0.16340233755729314,0.22188299811229883,0.06051092067206702,0.0,40.420254039736335
grade,open_il_24m,0.15037490591192848,0.15037490591192848,0.22188299811229883,0.06065785469677383,0.0,40.420254039736335
grade,mths_since_rcnt_il,-0.08667074521983324,0.08667074521983324,0.22188299811229883,0.03242085839165458,0.0,42.30382928230738
grade,total_bal_il,0.03637192096061101,0.03637192096061101,0.22188299811229883,0.001994536754313803,0.0,40.420254039736335
grade,il_util,0.15109515612979235,0.15109515612979235,0.22188299811229883,0.05888586629764154,0.0,48.95286857484549
grade,open_rv_12m,0.11951827598031785,0.11951827598031785,0.22188299811229883,0.05266258614741897,0.0,40.420254039736335
grade,open_rv_24m,0.12816136201019265,0.12816136201019265,0.22188299811229883,0.06912450757964811,0.0,40.420254039736335
grade,max_bal_bc,-0.05750599418376356,0.05750599418376356,0.22188299811229883,0.03227602521276016,0.0,40.420254039736335
grade,all_util,0.29678602589989356,0.29678602589989356,0.22188299811229883,0.07383862685643393,0.0,40.42679423155082
grade,total_rev_hi_lim,-0.18298136848108162,0.18298136848108162,0.22188299811229883,0.057416341220561884,0.0,3.3252203811063206
grade,inq_fi,0.12722572647730576,0.12722572647730576,0.22188299811229883,0.0368309814014974,0.0,40.420254039736335
grade,total_cu_tl,0.010426776208144913,0.010426776208144913,0.22188299811229883,0.009299731041818318,0.0,40.420254039736335
grade,inq_last_12m,0.16871385827373062,0.16871385827373062,0.22188299811229883,0.0637314488297478,0.0,40.420254039736335
grade,acc_open_past_24mths,0.17486497016986333,0.17486497016986333,0.22188299811229883,0.08867183834751817,0.0,2.3605420884701087
grade,avg_cur_bal,-0.07832112622147494,0.07832112622147494,0.22188299811229883,0.0562108691255464,0.0,3.32708900733903
grade,bc_open_to_buy,-0.289736820682954,0.289736820682954,0.22188299811229883,0.08076668691943055,0.0,3.403702682880114
grade,bc_util,0.27898650229448135,0.27898650229448135,0.22188299811229883,0.0759460456775071,0.0,3.464900192001345
grade,chargeoff_within_12_mths,0.01463992910990871,0.01463992910990871,0.22188299811229883,0.0021101943384776007,0.0,0.006073035256305446
grade,delinq_amnt,0.003970972868069368,0.003970972868069368,0.22188299811229883,0.005947855837318468,0.0,0.0009343131163546839
grade,mo_sin_old_il_acct,-0.053003194546076535,0.053003194546076535,0.22188299811229883,0.021217795594907888,0.0,6.365942418282638
grade,mo_sin_old_rev_tl_op,-0.11540377401270958,0.11540377401270958,0.22188299811229883,0.0355852140960437,0.0,3.3252203811063206
grade,mo_sin_rcnt_rev_tl_op,-0.09247290302367767,0.09247290302367767,0.22188299811229883,0.051203064225407595,0.0,3.3252203811063206
grade,mo_sin_rcnt_tl,-0.1120217660057562,0.1120217660057562,0.22188299811229883,0.053452195761061076,0.0,3.3252203811063206
grade,mort_acc,-0.0748700613330852,0.0748700613330852,0.22188299811229883,0.03244640355720174,0.0,2.3605420884701087
grade,mths_since_recent_bc,-0.0682293362487147,0.0682293362487147,0.22188299811229883,0.043584474650737046,0.0,3.336899295060754
grade,mths_since_recent_bc_dlq,-0.008822844011890419,0.008822844011890419,0.22188299811229883,0.003137939343701434,0.0,76.73980781179198
grade,mths_since_recent_inq,-0.15117230666719367,0.15117230666719367,0.22188299811229883,0.05320449066537542,0.0,13.0799164724074
grade,mths_since_recent_revol_delinq,-0.017493584597698307,0.017493584597698307,0.22188299811229883,0.006683612077262269,0.0,66.9785715286764
grade,num_accts_ever_120_pd,0.05397133248546911,0.05397133248546911,0.22188299811229883,0.008479117803978793,0.0,3.3252203811063206
grade,num_actv_bc_tl,0.020357449986932896,0.020357449986932896,0.22188299811229883,0.023449703362199502,0.0,3.3252203811063206
grade,num_actv_rev_tl,0.08778379988300614,0.08778379988300614,0.22188299811229883,0.05073392113298021,0.0,3.3252203811063206
grade,num_bc_sats,-0.05864322482626473,0.05864322482626473,0.22188299811229883,0.0042639641381768565,0.0,2.768836920317106
grade,num_bc_tl,-0.07362157961062789,0.07362157961062789,0.22188299811229883,0.015581876085390736,0.0,3.3252203811063206
grade,num_il_tl,0.020043595438708477,0.020043595438708477,0.22188299811229883,0.01028170161323678,0.0,3.3252203811063206
grade,num_op_rev_tl,-0.013031600714916844,0.013031600714916844,0.22188299811229883,0.023613697070117696,0.0,3.3252203811063206
grade,num_rev_accts,-0.04416976648930538,0.04416976648930538,0.22188299811229883,0.02221329210148946,0.0,3.3252203811063206
grade,num_rev_tl_bal_gt_0,0.08736449610627244,0.08736449610627244,0.22188299811229883,0.05055527066899223,0.0,3.3252203811063206
grade,num_sats,-0.009990296668370422,0.009990296668370422,0.22188299811229883,0.018432439266359544,0.0,2.768836920317106
grade,num_tl_120dpd_2m,0.00888758307008274,0.00888758307008274,0.22188299811229883,0.0022468872711697264,0.0,7.126940451553529
grade,num_tl_30dpd,0.0187686695659254,0.0187686695659254,0.22188299811229883,0.0047684994383403794,0.0,3.3252203811063206
grade,num_tl_90g_dpd_24m,0.03692551748238928,0.03692551748238928,0.22188299811229883,0.012197969067421339,0.0,3.3252203811063206
grade,num_tl_op_past_12m,0.1865165921896908,0.1865165921896908,0.22188299811229883,0.07721411715843976,0.0,3.3252203811063206
grade,pct_tl_nvr_dlq,-0.0805678690041748,0.0805678690041748,0.22188299811229883,0.0037269775784282647,0.0,3.3308262598044482
grade,percent_bc_gt_75,0.27461518821828046,0.27461518821828046,0.22188299811229883,0.07830303392951792,0.0,3.4307977632543993
grade,pub_rec_bankruptcies,0.05772156400796605,0.05772156400796605,0.22188299811229883,0.021686175332832822,0.0,0.06867201405206927
grade,tax_liens,0.02223360384906918,0.02223360384906918,0.22188299811229883,0.013644503499620549,0.0,0.0037372524654187356
grade,tot_hi_cred_lim,-0.1168936432452898,0.1168936432452898,0.22188299811229883,0.061955101049037724,0.0,3.3252203811063206
grade,total_bal_ex_mort,0.012257104472094518,0.012257104472094518,0.22188299811229883,0.010337636565541718,0.0,2.3605420884701087
grade,total_bc_limit,-0.2339869994740191,0.2339869994740191,0.22188299811229883,0.0727331430169503,0.0,2.3605420884701087
grade,total_il_high_credit_limit,0.0014511798609349886,0.0014511798609349886,0.22188299811229883,0.012103906507566485,0.0,3.3252203811063206
grade,year_issued,-0.09906545208755305,0.09906545208755305,0.22188299811229883,0.14600503649089677,0.0,0.0
sub_grade,emp_title,0.008965521617205083,0.008965521617205083,0.22500452182134473,0.025226709051093508,0.0,6.959231247167863
sub_grade,emp_length,0.004024217866774109,0.004024217866774109,0.22500452182134473,0.022127878150561765,0.0,6.086582796492588
sub_grade,home_ownership,0.07724922624677853,0.07724922624677853,0.22500452182134473,0.05049111917017964,0.0,0.0
sub_grade,annual_inc,-0.06819552372349312,0.06819552372349312,0.22500452182134473,0.03536926119704636,0.0,0.0
sub_grade,verification_status,0.2652502883810353,0.2652502883810353,0.22500452182134473,0.09683841629149338,0.0,0.0
sub_grade,issue_d,-0.0026515192948935056,0.0026515192948935056,0.22500452182134473,0.017819021013207523,0.0,0.0
sub_grade,desc,0.006402026160384867,0.006402026160384867,0.22500452182134473,0.01963720554729567,0.0,94.16054302278323
sub_grade,purpose,0.1055724040064152,0.1055724040064152,0.22500452182134473,0.013710899449129602,0.0,0.0
sub_grade,title,0.0644687752344547,0.0644687752344547,0.22500452182134473,0.02770941079607677,0.0,1.046430690317246
sub_grade,zip_code,-0.006673283700800659,0.006673283700800659,0.22500452182134473,0.0006308825935882336,0.0,0.0
sub_grade,addr_state,0.0038966224146667057,0.0038966224146667057,0.22500452182134473,0.003552164236663896,0.0,0.0
sub_grade,dti,0.1968817593554917,0.1968817593554917,0.22500452182134473,0.0782879675756435,0.0,0.0
sub_grade,delinq_2yrs,0.0652528881674929,0.0652528881674929,0.22500452182134473,0.01912274810175978,0.0,0.0009343131163546839
sub_grade,earliest_cr_line,0.005493063395137372,0.005493063395137372,0.22500452182134473,0.0010923947466905046,0.0,0.0009343131163546839
sub_grade,inq_last_6mths,0.2045445416021308,0.2045445416021308,0.22500452182134473,0.07884178945733766,0.0,0.0009343131163546839
sub_grade,mths_since_last_delinq,-0.04658185754415836,0.04658185754415836,0.22500452182134473,0.012972182863817254,0.0,50.893436917514165
sub_grade,mths_since_last_record,-0.05229877309448867,0.05229877309448867,0.22500452182134473,0.020270336049018945,0.0,84.01390257917136
sub_grade,open_acc,-0.008637036372814343,0.008637036372814343,0.22500452182134473,0.01776663231394419,0.0,0.0009343131163546839
sub_grade,pub_rec,0.06212073309526242,0.06212073309526242,0.22500452182134473,0.02876278231859769,0.0,0.0009343131163546839
sub_grade,revol_bal,-0.02370254802929414,0.02370254802929414,0.22500452182134473,0.01788359269829698,0.0,0.0
sub_grade,revol_util,0.27525175428643006,0.27525175428643006,0.22500452182134473,0.0695041062279028,0.0,0.08035092800650283
sub_grade,total_acc,-0.031622832220781556,0.031622832220781556,0.22500452182134473,0.01576646453997829,0.0,0.0009343131163546839
sub_grade,initial_list_status,-0.12457614614686725,0.12457614614686725,0.22500452182134473,0.06853737524962515,0.0,0.0
sub_grade,collections_12_mths_ex_med,0.020840582799385533,0.020840582799385533,0.22500452182134473,0.010052319750769608,0.0,0.006073035256305446
sub_grade,mths_since_last_major_derog,-0.039407098534291286,0.039407098534291286,0.22500452182134473,0.011389737904839171,0.0,73.97704392673117
sub_grade,tot_coll_amt,0.015156978079934028,0.015156978079934028,0.22500452182134473,0.0014739431011549038,0.0,3.3252203811063206
sub_grade,tot_cur_bal,-0.08513285999659932,0.08513285999659932,0.22500452182134473,0.05242633659939442,0.0,3.3252203811063206
sub_grade,open_acc_6m,0.14192255458341135,0.14192255458341135,0.22500452182134473,0.06072361227471765,0.0,40.420254039736335
sub_grade,open_act_il,0.03256852929078654,0.03256852929078654,0.22500452182134473,0.008867686360924087,0.0,40.420254039736335
sub_grade,open_il_12m,0.1693605226607405,0.1693605226607405,0.22500452182134473,0.06051092067206702,0.0,40.420254039736335
sub_grade,open_il_24m,0.15636939973792202,0.15636939973792202,0.22500452182134473,0.06065785469677383,0.0,40.420254039736335
sub_grade,mths_since_rcnt_il,-0.08998873778351425,0.08998873778351425,0.22500452182134473,0.03242085839165458,0.0,42.30382928230738
sub_grade,total_bal_il,0.03686424360273628,0.03686424360273628,0.22500452182134473,0.001994536754313803,0.0,40.420254039736335
sub_grade,il_util,0.1583906870486047,0.1583906870486047,0.22500452182134473,0.05888586629764154,0.0,48.95286857484549
sub_grade,open_rv_12m,0.12333553077728304,0.12333553077728304,0.22500452182134473,0.05266258614741897,0.0,40.420254039736335
sub_grade,open_rv_24m,0.1328838744961423,0.1328838744961423,0.22500452182134473,0.06912450757964811,0.0,40.420254039736335
sub_grade,max_bal_bc,-0.061741710644649006,0.061741710644649006,0.22500452182134473,0.03227602521276016,0.0,40.420254039736335
sub_grade,all_util,0.30957781474771356,0.30957781474771356,0.22500452182134473,0.07383862685643393,0.0,40.42679423155082
sub_grade,total_rev_hi_lim,-0.19347108313515426,0.19347108313515426,0.22500452182134473,0.057416341220561884,0.0,3.3252203811063206
sub_grade,inq_fi,0.13237162491848145,0.13237162491848145,0.22500452182134473,0.0368309814014974,0.0,40.420254039736335
sub_grade,total_cu_tl,0.010469670792380535,0.010469670792380535,0.22500452182134473,0.009299731041818318,0.0,40.420254039736335
sub_grade,inq_last_12m,0.1727663072832148,0.1727663072832148,0.22500452182134473,0.0637314488297478,0.0,40.420254039736335
sub_grade,acc_open_past_24mths,0.18052966631042205,0.18052966631042205,0.22500452182134473,0.08867183834751817,0.0,2.3605420884701087
sub_grade,avg_cur_bal,-0.08380597571810557,0.08380597571810557,0.22500452182134473,0.0562108691255464,0.0,3.32708900733903
sub_grade,bc_open_to_buy,-0.3068505833773624,0.3068505833773624,0.22500452182134473,0.08076668691943055,0.0,3.403702682880114
sub_grade,bc_util,0.2902243517322614,0.2902243517322614,0.22500452182134473,0.0759460456775071,0.0,3.464900192001345
sub_grade,chargeoff_within_12_mths,0.014745990304123956,0.014745990304123956,0.22500452182134473,0.0021101943384776007,0.0,0.006073035256305446
sub_grade,delinq_amnt,0.003906369369944616,0.003906369369944616,0.22500452182134473,0.005947855837318468,0.0,0.0009343131163546839
sub_grade,mo_sin_old_il_acct,-0.05675121571423183,0.05675121571423183,0.22500452182134473,0.021217795594907888,0.0,6.365942418282638
sub_grade,mo_sin_old_rev_tl_op,-0.12296353318717723,0.12296353318717723,0.22500452182134473,0.0355852140960437,0.0,3.3252203811063206
sub_grade,mo_sin_rcnt_rev_tl_op,-0.09640568324357021,0.09640568324357021,0.22500452182134473,0.051203064225407595,0.0,3.3252203811063206
sub_grade,mo_sin_rcnt_tl,-0.11640626392138867,0.11640626392138867,0.22500452182134473,0.053452195761061076,0.0,3.3252203811063206
sub_grade,mort_acc,-0.08099556958743333,0.08099556958743333,0.22500452182134473,0.03244640355720174,0.0,2.3605420884701087
sub_grade,mths_since_recent_bc,-0.07162469622965731,0.07162469622965731,0.22500452182134473,0.043584474650737046,0.0,3.336899295060754
sub_grade,mths_since_recent_bc_dlq,-0.010072132777342289,0.010072132777342289,0.22500452182134473,0.003137939343701434,0.0,76.73980781179198
sub_grade,mths_since_recent_inq,-0.15503474878271237,0.15503474878271237,0.22500452182134473,0.05320449066537542,0.0,13.0799164724074
sub_grade,mths_since_recent_revol_delinq,-0.019466477978173434,0.019466477978173434,0.22500452182134473,0.006683612077262269,0.0,66.9785715286764
sub_grade,num_accts_ever_120_pd,0.05506230144915669,0.05506230144915669,0.22500452182134473,0.008479117803978793,0.0,3.3252203811063206
sub_grade,num_actv_bc_tl,0.02004638571462063,0.02004638571462063,0.22500452182134473,0.023449703362199502,0.0,3.3252203811063206
sub_grade,num_actv_rev_tl,0.0895322061114671,0.0895322061114671,0.22500452182134473,0.05073392113298021,0.0,3.3252203811063206
sub_grade,num_bc_sats,-0.06275820971877626,0.06275820971877626,0.22500452182134473,0.0042639641381768565,0.0,2.768836920317106
sub_grade,num_bc_tl,-0.07935176774416937,0.07935176774416937,0.22500452182134473,0.015581876085390736,0.0,3.3252203811063206
sub_grade,num_il_tl,0.02039176754895919,0.02039176754895919,0.22500452182134473,0.01028170161323678,0.0,3.3252203811063206
sub_grade,num_op_rev_tl,-0.014671672554445498,0.014671672554445498,0.22500452182134473,0.023613697070117696,0.0,3.3252203811063206
sub_grade,num_rev_accts,-0.04811010388100046,0.04811010388100046,0.22500452182134473,0.02221329210148946,0.0,3.3252203811063206
sub_grade,num_rev_tl_bal_gt_0,0.08919667924416282,0.08919667924416282,0.22500452182134473,0.05055527066899223,0.0,3.3252203811063206
sub_grade,num_sats,-0.011108172684623406,0.011108172684623406,0.22500452182134473,0.018432439266359544,0.0,2.768836920317106
sub_grade,num_tl_120dpd_2m,0.009360412876202484,0.009360412876202484,0.22500452182134473,0.0022468872711697264,0.0,7.126940451553529
sub_grade,num_tl_30dpd,0.01858374723499365,0.01858374723499365,0.22500452182134473,0.0047684994383403794,0.0,3.3252203811063206
sub_grade,num_tl_90g_dpd_24m,0.03703647496438486,0.03703647496438486,0.22500452182134473,0.012197969067421339,0.0,3.3252203811063206
sub_grade,num_tl_op_past_12m,0.19235114499459682,0.19235114499459682,0.22500452182134473,0.07721411715843976,0.0,3.3252203811063206
sub_grade,pct_tl_nvr_dlq,-0.0828358787373999,0.0828358787373999,0.22500452182134473,0.0037269775784282647,0.0,3.3308262598044482
sub_grade,percent_bc_gt_75,0.2844192271008673,0.2844192271008673,0.22500452182134473,0.07830303392951792,0.0,3.4307977632543993
sub_grade,pub_rec_bankruptcies,0.05861039174278249,0.05861039174278249,0.22500452182134473,0.021686175332832822,0.0,0.06867201405206927
sub_grade,tax_liens,0.023234301991760284,0.023234301991760284,0.22500452182134473,0.013644503499620549,0.0,0.0037372524654187356
sub_grade,tot_hi_cred_lim,-0.1245002824834757,0.1245002824834757,0.22500452182134473,0.061955101049037724,0.0,3.3252203811063206
sub_grade,total_bal_ex_mort,0.011988707653721906,0.011988707653721906,0.22500452182134473,0.010337636565541718,0.0,2.3605420884701087
sub_grade,total_bc_limit,-0.24723899102765806,0.24723899102765806,0.22500452182134473,0.0727331430169503,0.0,2.3605420884701087
sub_grade,total_il_high_credit_limit,0.0006829787886447908,0.0006829787886447908,0.22500452182134473,0.012103906507566485,0.0,3.3252203811063206
sub_grade,year_issued,-0.10037814476997149,0.10037814476997149,0.22500452182134473,0.14600503649089677,0.0,0.0
emp_title,emp_length,0.19107567990532467,0.19107567990532467,0.025226709051093508,0.022127878150561765,6.959231247167863,6.086582796492588
emp_title,home_ownership,-0.010865426953428332,0.010865426953428332,0.025226709051093508,0.05049111917017964,6.959231247167863,0.0
emp_title,annual_inc,-0.03771600326850578,0.03771600326850578,0.025226709051093508,0.03536926119704636,6.959231247167863,0.0
emp_title,verification_status,0.030785124861830146,0.030785124861830146,0.025226709051093508,0.09683841629149338,6.959231247167863,0.0
emp_title,issue_d,0.002095509413414492,0.002095509413414492,0.025226709051093508,0.017819021013207523,6.959231247167863,0.0
emp_title,desc,0.00043430448014499803,0.00043430448014499803,0.025226709051093508,0.01963720554729567,6.959231247167863,94.16054302278323
emp_title,purpose,0.017189768753419047,0.017189768753419047,0.025226709051093508,0.013710899449129602,6.959231247167863,0.0
emp_title,title,0.04779516990091519,0.04779516990091519,0.025226709051093508,0.02770941079607677,6.959231247167863,1.046430690317246
emp_title,zip_code,-0.010270439922572264,0.010270439922572264,0.025226709051093508,0.0006308825935882336,6.959231247167863,0.0
emp_title,addr_state,0.004713718664317302,0.004713718664317302,0.025226709051093508,0.003552164236663896,6.959231247167863,0.0
emp_title,dti,0.010734365569435302,0.010734365569435302,0.025226709051093508,0.0782879675756435,6.959231247167863,0.0
emp_title,delinq_2yrs,-0.0005237462550029158,0.0005237462550029158,0.025226709051093508,0.01912274810175978,6.959231247167863,0.0009343131163546839
emp_title,earliest_cr_line,-0.0062281210534816545,0.0062281210534816545,0.025226709051093508,0.0010923947466905046,6.959231247167863,0.0009343131163546839
emp_title,inq_last_6mths,0.008223134711378364,0.008223134711378364,0.025226709051093508,0.07884178945733766,6.959231247167863,0.0009343131163546839
emp_title,mths_since_last_delinq,0.004132416492272036,0.004132416492272036,0.025226709051093508,0.012972182863817254,6.959231247167863,50.893436917514165
emp_title,mths_since_last_record,0.01333914500211104,0.01333914500211104,0.025226709051093508,0.020270336049018945,6.959231247167863,84.01390257917136
emp_title,open_acc,-0.04265645295790652,0.04265645295790652,0.025226709051093508,0.01776663231394419,6.959231247167863,0.0009343131163546839
emp_title,pub_rec,0.026433035086730554,0.026433035086730554,0.025226709051093508,0.02876278231859769,6.959231247167863,0.0009343131163546839
emp_title,revol_bal,-0.022768772368212852,0.022768772368212852,0.025226709051093508,0.01788359269829698,6.959231247167863,0.0
emp_title,revol_util,-0.022897903796098,0.022897903796098,0.025226709051093508,0.0695041062279028,6.959231247167863,0.08035092800650283
emp_title,total_acc,-0.024009609222099996,0.024009609222099996,0.025226709051093508,0.01576646453997829,6.959231247167863,0.0009343131163546839
emp_title,initial_list_status,-0.01142737754910063,0.01142737754910063,0.025226709051093508,0.06853737524962515,6.959231247167863,0.0
emp_title,collections_12_mths_ex_med,0.0037204699657999926,0.0037204699657999926,0.025226709051093508,0.010052319750769608,6.959231247167863,0.006073035256305446
emp_title,mths_since_last_major_derog,0.0006377544356049372,0.0006377544356049372,0.025226709051093508,0.011389737904839171,6.959231247167863,73.97704392673117
emp_title,tot_coll_amt,0.008575742570082149,0.008575742570082149,0.025226709051093508,0.0014739431011549038,6.959231247167863,3.3252203811063206
emp_title,tot_cur_bal,-0.04354939031159776,0.04354939031159776,0.025226709051093508,0.05242633659939442,6.959231247167863,3.3252203811063206
emp_title,open_acc_6m,-0.005213685464508406,0.005213685464508406,0.025226709051093508,0.06072361227471765,6.959231247167863,40.420254039736335
emp_title,open_act_il,-0.07707254077041596,0.07707254077041596,0.025226709051093508,0.008867686360924087,6.959231247167863,40.420254039736335
emp_title,open_il_12m,-0.016993694180704583,0.016993694180704583,0.025226709051093508,0.06051092067206702,6.959231247167863,40.420254039736335
emp_title,open_il_24m,-0.023983513112723905,0.023983513112723905,0.025226709051093508,0.06065785469677383,6.959231247167863,40.420254039736335
emp_title,mths_since_rcnt_il,0.02894373964516192,0.02894373964516192,0.025226709051093508,0.03242085839165458,6.959231247167863,42.30382928230738
emp_title,total_bal_il,-0.07102630943112773,0.07102630943112773,0.025226709051093508,0.001994536754313803,6.959231247167863,40.420254039736335
emp_title,il_util,-0.03371688418601013,0.03371688418601013,0.025226709051093508,0.05888586629764154,6.959231247167863,48.95286857484549
emp_title,open_rv_12m,0.003828976018678428,0.003828976018678428,0.025226709051093508,0.05266258614741897,6.959231247167863,40.420254039736335
emp_title,open_rv_24m,0.003934927544265802,0.003934927544265802,0.025226709051093508,0.06912450757964811,6.959231247167863,40.420254039736335
emp_title,max_bal_bc,-0.035167060516112784,0.035167060516112784,0.025226709051093508,0.03227602521276016,6.959231247167863,40.420254039736335
emp_title,all_util,-0.0562365545191781,0.0562365545191781,0.025226709051093508,0.07383862685643393,6.959231247167863,40.42679423155082
emp_title,total_rev_hi_lim,-0.01835864136337298,0.01835864136337298,0.025226709051093508,0.057416341220561884,6.959231247167863,3.3252203811063206
emp_title,inq_fi,0.0036728692885052705,0.0036728692885052705,0.025226709051093508,0.0368309814014974,6.959231247167863,40.420254039736335
emp_title,total_cu_tl,-0.007678093367767322,0.007678093367767322,0.025226709051093508,0.009299731041818318,6.959231247167863,40.420254039736335
emp_title,inq_last_12m,-0.0027567057478070558,0.0027567057478070558,0.025226709051093508,0.0637314488297478,6.959231247167863,40.420254039736335
emp_title,acc_open_past_24mths,-0.007581302428027373,0.007581302428027373,0.025226709051093508,0.08867183834751817,6.959231247167863,2.3605420884701087
emp_title,avg_cur_bal,-0.028264171633547417,0.028264171633547417,0.025226709051093508,0.0562108691255464,6.959231247167863,3.32708900733903
emp_title,bc_open_to_buy,-0.0065643230965643845,0.0065643230965643845,0.025226709051093508,0.08076668691943055,6.959231247167863,3.403702682880114
emp_title,bc_util,-0.017233751847508697,0.017233751847508697,0.025226709051093508,0.0759460456775071,6.959231247167863,3.464900192001345
emp_title,chargeoff_within_12_mths,0.0021505808521848687,0.0021505808521848687,0.025226709051093508,0.0021101943384776007,6.959231247167863,0.006073035256305446
emp_title,delinq_amnt,-0.0013542629877942556,0.0013542629877942556,0.025226709051093508,0.005947855837318468,6.959231247167863,0.0009343131163546839
emp_title,mo_sin_old_il_acct,-0.013119006041828201,0.013119006041828201,0.025226709051093508,0.021217795594907888,6.959231247167863,6.365942418282638
emp_title,mo_sin_old_rev_tl_op,0.060342883927386556,0.060342883927386556,0.025226709051093508,0.0355852140960437,6.959231247167863,3.3252203811063206
emp_title,mo_sin_rcnt_rev_tl_op,-0.0009823457983760256,0.0009823457983760256,0.025226709051093508,0.051203064225407595,6.959231247167863,3.3252203811063206
emp_title,mo_sin_rcnt_tl,0.011754175850800776,0.011754175850800776,0.025226709051093508,0.053452195761061076,6.959231247167863,3.3252203811063206
emp_title,mort_acc,0.011277413623324432,0.011277413623324432,0.025226709051093508,0.03244640355720174,6.959231247167863,2.3605420884701087
emp_title,mths_since_recent_bc,0.005978657263253949,0.005978657263253949,0.025226709051093508,0.043584474650737046,6.959231247167863,3.336899295060754
emp_title,mths_since_recent_bc_dlq,7.087685381154687e-05,7.087685381154687e-05,0.025226709051093508,0.003137939343701434,6.959231247167863,76.73980781179198
emp_title,mths_since_recent_inq,-0.006499560683841421,0.006499560683841421,0.025226709051093508,0.05320449066537542,6.959231247167863,13.0799164724074
emp_title,mths_since_recent_revol_delinq,7.043586666627893e-05,7.043586666627893e-05,0.025226709051093508,0.006683612077262269,6.959231247167863,66.9785715286764
emp_title,num_accts_ever_120_pd,-0.0033174940771416445,0.0033174940771416445,0.025226709051093508,0.008479117803978793,6.959231247167863,3.3252203811063206
emp_title,num_actv_bc_tl,-0.0011275116716618096,0.0011275116716618096,0.025226709051093508,0.023449703362199502,6.959231247167863,3.3252203811063206
emp_title,num_actv_rev_tl,0.0012048975812644221,0.0012048975812644221,0.025226709051093508,0.05073392113298021,6.959231247167863,3.3252203811063206
emp_title,num_bc_sats,-0.0012076464242681555,0.0012076464242681555,0.025226709051093508,0.0042639641381768565,6.959231247167863,2.768836920317106
emp_title,num_bc_tl,0.018509450864495982,0.018509450864495982,0.025226709051093508,0.015581876085390736,6.959231247167863,3.3252203811063206
emp_title,num_il_tl,-0.060025733307720985,0.060025733307720985,0.025226709051093508,0.01028170161323678,6.959231247167863,3.3252203811063206
emp_title,num_op_rev_tl,-0.0006047690209728743,0.0006047690209728743,0.025226709051093508,0.023613697070117696,6.959231247167863,3.3252203811063206
emp_title,num_rev_accts,0.016409360062555542,0.016409360062555542,0.025226709051093508,0.02221329210148946,6.959231247167863,3.3252203811063206
emp_title,num_rev_tl_bal_gt_0,0.0011604151441750893,0.0011604151441750893,0.025226709051093508,0.05055527066899223,6.959231247167863,3.3252203811063206
emp_title,num_sats,-0.04424274622953111,0.04424274622953111,0.025226709051093508,0.018432439266359544,6.959231247167863,2.768836920317106
emp_title,num_tl_120dpd_2m,0.002375598239508868,0.002375598239508868,0.025226709051093508,0.0022468872711697264,6.959231247167863,7.126940451553529
emp_title,num_tl_30dpd,-7.054002038903986e-05,7.054002038903986e-05,0.025226709051093508,0.0047684994383403794,6.959231247167863,3.3252203811063206
emp_title,num_tl_90g_dpd_24m,0.002113295094996957,0.002113295094996957,0.025226709051093508,0.012197969067421339,6.959231247167863,3.3252203811063206
emp_title,num_tl_op_past_12m,-0.004441244304677117,0.004441244304677117,0.025226709051093508,0.07721411715843976,6.959231247167863,3.3252203811063206
emp_title,pct_tl_nvr_dlq,0.0003548037676487338,0.0003548037676487338,0.025226709051093508,0.0037269775784282647,6.959231247167863,3.3308262598044482
emp_title,percent_bc_gt_75,-0.016022049422014118,0.016022049422014118,0.025226709051093508,0.07830303392951792,6.959231247167863,3.4307977632543993
emp_title,pub_rec_bankruptcies,0.026905636908606406,0.026905636908606406,0.025226709051093508,0.021686175332832822,6.959231247167863,0.06867201405206927
emp_title,tax_liens,0.009433877584690057,0.009433877584690057,0.025226709051093508,0.013644503499620549,6.959231247167863,0.0037372524654187356
emp_title,tot_hi_cred_lim,-0.04031809662626058,0.04031809662626058,0.025226709051093508,0.061955101049037724,6.959231247167863,3.3252203811063206
emp_title,total_bal_ex_mort,-0.07319954621151178,0.07319954621151178,0.025226709051093508,0.010337636565541718,6.959231247167863,2.3605420884701087
emp_title,total_bc_limit,-0.025474562967682805,0.025474562967682805,0.025226709051093508,0.0727331430169503,6.959231247167863,2.3605420884701087
emp_title,total_il_high_credit_limit,-0.07458127150269064,0.07458127150269064,0.025226709051093508,0.012103906507566485,6.959231247167863,3.3252203811063206
emp_title,year_issued,-0.006098534907953797,0.006098534907953797,0.025226709051093508,0.14600503649089677,6.959231247167863,0.0
emp_length,home_ownership,0.06702162115800007,0.06702162115800007,0.022127878150561765,0.05049111917017964,6.086582796492588,0.0
emp_length,annual_inc,-0.06782104186102812,0.06782104186102812,0.022127878150561765,0.03536926119704636,6.086582796492588,0.0
emp_length,verification_status,0.04087961072763,0.04087961072763,0.022127878150561765,0.09683841629149338,6.086582796492588,0.0
emp_length,issue_d,0.002296201924953789,0.002296201924953789,0.022127878150561765,0.017819021013207523,6.086582796492588,0.0
emp_length,desc,-0.0035912121199674703,0.0035912121199674703,0.022127878150561765,0.01963720554729567,6.086582796492588,94.16054302278323
emp_length,purpose,0.0024861986818934725,0.0024861986818934725,0.022127878150561765,0.013710899449129602,6.086582796492588,0.0
emp_length,title,0.006066632275216654,0.006066632275216654,0.022127878150561765,0.02770941079607677,6.086582796492588,1.046430690317246
emp_length,zip_code,0.007260371498362275,0.007260371498362275,0.022127878150561765,0.0006308825935882336,6.086582796492588,0.0
emp_length,addr_state,-0.00688123321365157,0.00688123321365157,0.022127878150561765,0.003552164236663896,6.086582796492588,0.0
emp_length,dti,0.005690655759794944,0.005690655759794944,0.022127878150561765,0.0782879675756435,6.086582796492588,0.0
emp_length,delinq_2yrs,-0.03114755166325465,0.03114755166325465,0.022127878150561765,0.01912274810175978,6.086582796492588,0.0009343131163546839
emp_length,earliest_cr_line,0.001941460973432517,0.001941460973432517,0.022127878150561765,0.0010923947466905046,6.086582796492588,0.0009343131163546839
emp_length,inq_last_6mths,-0.00047275367150941987,0.00047275367150941987,0.022127878150561765,0.07884178945733766,6.086582796492588,0.0009343131163546839
emp_length,mths_since_last_delinq,0.037980158177424894,0.037980158177424894,0.022127878150561765,0.012972182863817254,6.086582796492588,50.893436917514165
emp_length,mths_since_last_record,0.02388145479935977,0.02388145479935977,0.022127878150561765,0.020270336049018945,6.086582796492588,84.01390257917136
emp_length,open_acc,-0.04936830604505783,0.04936830604505783,0.022127878150561765,0.01776663231394419,6.086582796492588,0.0009343131163546839
emp_length,pub_rec,0.011556117792865889,0.011556117792865889,0.022127878150561765,0.02876278231859769,6.086582796492588,0.0009343131163546839
emp_length,revol_bal,-0.05281280138265005,0.05281280138265005,0.022127878150561765,0.01788359269829698,6.086582796492588,0.0
emp_length,revol_util,-0.027887103640090147,0.027887103640090147,0.022127878150561765,0.0695041062279028,6.086582796492588,0.08035092800650283
emp_length,total_acc,-0.05922254766278011,0.05922254766278011,0.022127878150561765,0.01576646453997829,6.086582796492588,0.0009343131163546839
emp_length,initial_list_status,-0.013356061441027068,0.013356061441027068,0.022127878150561765,0.06853737524962515,6.086582796492588,0.0
emp_length,collections_12_mths_ex_med,-0.004747644226410877,0.004747644226410877,0.022127878150561765,0.010052319750769608,6.086582796492588,0.006073035256305446
emp_length,mths_since_last_major_derog,0.024855182253859145,0.024855182253859145,0.022127878150561765,0.011389737904839171,6.086582796492588,73.97704392673117
emp_length,tot_coll_amt,-0.0027371231515856526,0.0027371231515856526,0.022127878150561765,0.0014739431011549038,6.086582796492588,3.3252203811063206
emp_length,tot_cur_bal,-0.07547303809914965,0.07547303809914965,0.022127878150561765,0.05242633659939442,6.086582796492588,3.3252203811063206
emp_length,open_acc_6m,-0.014154497179176447,0.014154497179176447,0.022127878150561765,0.06072361227471765,6.086582796492588,40.420254039736335
emp_length,open_act_il,-0.033831632270807245,0.033831632270807245,0.022127878150561765,0.008867686360924087,6.086582796492588,40.420254039736335
emp_length,open_il_12m,-0.04263284196338951,0.04263284196338951,0.022127878150561765,0.06051092067206702,6.086582796492588,40.420254039736335
emp_length,open_il_24m,-0.049684897342895086,0.049684897342895086,0.022127878150561765,0.06065785469677383,6.086582796492588,40.420254039736335
emp_length,mths_since_rcnt_il,0.044998857327610435,0.044998857327610435,0.022127878150561765,0.03242085839165458,6.086582796492588,42.30382928230738
emp_length,total_bal_il,-0.049827894923341436,0.049827894923341436,0.022127878150561765,0.001994536754313803,6.086582796492588,40.420254039736335
emp_length,il_util,0.0028535987861971293,0.0028535987861971293,0.022127878150561765,0.05888586629764154,6.086582796492588,48.95286857484549
emp_length,open_rv_12m,0.0036067911812312347,0.0036067911812312347,0.022127878150561765,0.05266258614741897,6.086582796492588,40.420254039736335
emp_length,open_rv_24m,0.004392194335041066,0.004392194335041066,0.022127878150561765,0.06912450757964811,6.086582796492588,40.420254039736335
emp_length,max_bal_bc,-0.046622521037265885,0.046622521037265885,0.022127878150561765,0.03227602521276016,6.086582796492588,40.420254039736335
emp_length,all_util,-0.037308688705358965,0.037308688705358965,0.022127878150561765,0.07383862685643393,6.086582796492588,40.42679423155082
emp_length,total_rev_hi_lim,-0.04700761898960228,0.04700761898960228,0.022127878150561765,0.057416341220561884,6.086582796492588,3.3252203811063206
emp_length,inq_fi,-0.02315881213365325,0.02315881213365325,0.022127878150561765,0.0368309814014974,6.086582796492588,40.420254039736335
emp_length,total_cu_tl,-0.03473894193090853,0.03473894193090853,0.022127878150561765,0.009299731041818318,6.086582796492588,40.420254039736335
emp_length,inq_last_12m,-0.01880140398662956,0.01880140398662956,0.022127878150561765,0.0637314488297478,6.086582796492588,40.420254039736335
emp_length,acc_open_past_24mths,-0.017916559339510918,0.017916559339510918,0.022127878150561765,0.08867183834751817,6.086582796492588,2.3605420884701087
emp_length,avg_cur_bal,-0.06055451512301728,0.06055451512301728,0.022127878150561765,0.0562108691255464,6.086582796492588,3.32708900733903
emp_length,bc_open_to_buy,-0.010876828430475664,0.010876828430475664,0.022127878150561765,0.08076668691943055,6.086582796492588,3.403702682880114
emp_length,bc_util,-0.018618155494174053,0.018618155494174053,0.022127878150561765,0.0759460456775071,6.086582796492588,3.464900192001345
emp_length,chargeoff_within_12_mths,-0.001931361488361498,0.001931361488361498,0.022127878150561765,0.0021101943384776007,6.086582796492588,0.006073035256305446
emp_length,delinq_amnt,-0.0009332641930954642,0.0009332641930954642,0.022127878150561765,0.005947855837318468,6.086582796492588,0.0009343131163546839
emp_length,mo_sin_old_il_acct,-0.0461941636871896,0.0461941636871896,0.022127878150561765,0.021217795594907888,6.086582796492588,6.365942418282638
emp_length,mo_sin_old_rev_tl_op,-0.013022321005839964,0.013022321005839964,0.022127878150561765,0.0355852140960437,6.086582796492588,3.3252203811063206
emp_length,mo_sin_rcnt_rev_tl_op,-0.007621676451826993,0.007621676451826993,0.022127878150561765,0.051203064225407595,6.086582796492588,3.3252203811063206
emp_length,mo_sin_rcnt_tl,0.016568764258527574,0.016568764258527574,0.022127878150561765,0.053452195761061076,6.086582796492588,3.3252203811063206
emp_length,mort_acc,-0.07036920001608037,0.07036920001608037,0.022127878150561765,0.03244640355720174,6.086582796492588,2.3605420884701087
emp_length,mths_since_recent_bc,-0.012955285572648547,0.012955285572648547,0.022127878150561765,0.043584474650737046,6.086582796492588,3.336899295060754
emp_length,mths_since_recent_bc_dlq,0.028779925702207047,0.028779925702207047,0.022127878150561765,0.003137939343701434,6.086582796492588,76.73980781179198
emp_length,mths_since_recent_inq,0.0037504578604932257,0.0037504578604932257,0.022127878150561765,0.05320449066537542,6.086582796492588,13.0799164724074
emp_length,mths_since_recent_revol_delinq,0.026003962861209876,0.026003962861209876,0.022127878150561765,0.006683612077262269,6.086582796492588,66.9785715286764
emp_length,num_accts_ever_120_pd,-0.011487371906153124,0.011487371906153124,0.022127878150561765,0.008479117803978793,6.086582796492588,3.3252203811063206
emp_length,num_actv_bc_tl,-0.029124204625146193,0.029124204625146193,0.022127878150561765,0.023449703362199502,6.086582796492588,3.3252203811063206
emp_length,num_actv_rev_tl,-0.03923505582140334,0.03923505582140334,0.022127878150561765,0.05073392113298021,6.086582796492588,3.3252203811063206
emp_length,num_bc_sats,-0.029249433994754312,0.029249433994754312,0.022127878150561765,0.0042639641381768565,6.086582796492588,2.768836920317106
emp_length,num_bc_tl,-0.03211564889339111,0.03211564889339111,0.022127878150561765,0.015581876085390736,6.086582796492588,3.3252203811063206
emp_length,num_il_tl,-0.033406352451964556,0.033406352451964556,0.022127878150561765,0.01028170161323678,6.086582796492588,3.3252203811063206
emp_length,num_op_rev_tl,-0.03384107412750788,0.03384107412750788,0.022127878150561765,0.023613697070117696,6.086582796492588,3.3252203811063206
emp_length,num_rev_accts,-0.03847857916698795,0.03847857916698795,0.022127878150561765,0.02221329210148946,6.086582796492588,3.3252203811063206
emp_length,num_rev_tl_bal_gt_0,-0.039436831185641355,0.039436831185641355,0.022127878150561765,0.05055527066899223,6.086582796492588,3.3252203811063206
emp_length,num_sats,-0.0480057142120061,0.0480057142120061,0.022127878150561765,0.018432439266359544,6.086582796492588,2.768836920317106
emp_length,num_tl_120dpd_2m,-0.0025280343675248952,0.0025280343675248952,0.022127878150561765,0.0022468872711697264,6.086582796492588,7.126940451553529
emp_length,num_tl_30dpd,-0.0061031714051708276,0.0061031714051708276,0.022127878150561765,0.0047684994383403794,6.086582796492588,3.3252203811063206
emp_length,num_tl_90g_dpd_24m,-0.010279868444017492,0.010279868444017492,0.022127878150561765,0.012197969067421339,6.086582796492588,3.3252203811063206
emp_length,num_tl_op_past_12m,-0.017590917501398018,0.017590917501398018,0.022127878150561765,0.07721411715843976,6.086582796492588,3.3252203811063206
emp_length,pct_tl_nvr_dlq,0.026291013484961153,0.026291013484961153,0.022127878150561765,0.0037269775784282647,6.086582796492588,3.3308262598044482
emp_length,percent_bc_gt_75,-0.016209718922458385,0.016209718922458385,0.022127878150561765,0.07830303392951792,6.086582796492588,3.4307977632543993
emp_length,pub_rec_bankruptcies,0.019859064420262598,0.019859064420262598,0.022127878150561765,0.021686175332832822,6.086582796492588,0.06867201405206927
emp_length,tax_liens,-0.0005279044030176385,0.0005279044030176385,0.022127878150561765,0.013644503499620549,6.086582796492588,0.0037372524654187356
emp_length,tot_hi_cred_lim,-0.07891477675440585,0.07891477675440585,0.022127878150561765,0.061955101049037724,6.086582796492588,3.3252203811063206
emp_length,total_bal_ex_mort,-0.05752111649429256,0.05752111649429256,0.022127878150561765,0.010337636565541718,6.086582796492588,2.3605420884701087
emp_length,total_bc_limit,-0.03764659289065602,0.03764659289065602,0.022127878150561765,0.0727331430169503,6.086582796492588,2.3605420884701087
emp_length,total_il_high_credit_limit,-0.05379468704285417,0.05379468704285417,0.022127878150561765,0.012103906507566485,6.086582796492588,3.3252203811063206
emp_length,year_issued,-0.006960628960112702,0.006960628960112702,0.022127878150561765,0.14600503649089677,6.086582796492588,0.0
home_ownership,annual_inc,-0.13400240557885784,0.13400240557885784,0.05049111917017964,0.03536926119704636,0.0,0.0
home_ownership,verification_status,-0.016345449531761196,0.016345449531761196,0.05049111917017964,0.09683841629149338,0.0,0.0
home_ownership,issue_d,0.001755140722740213,0.001755140722740213,0.05049111917017964,0.017819021013207523,0.0,0.0
home_ownership,desc,0.00748311414423034,0.00748311414423034,0.05049111917017964,0.01963720554729567,0.0,94.16054302278323
home_ownership,purpose,0.028350828433640025,0.028350828433640025,0.05049111917017964,0.013710899449129602,0.0,0.0
home_ownership,title,-0.0008166211154385962,0.0008166211154385962,0.05049111917017964,0.02770941079607677,0.0,1.046430690317246
home_ownership,zip_code,0.016058941607776017,0.016058941607776017,0.05049111917017964,0.0006308825935882336,0.0,0.0
home_ownership,addr_state,-0.058724537961480236,0.058724537961480236,0.05049111917017964,0.003552164236663896,0.0,0.0
home_ownership,dti,-0.009922471116874993,0.009922471116874993,0.05049111917017964,0.0782879675756435,0.0,0.0
home_ownership,delinq_2yrs,-0.052335615779163555,0.052335615779163555,0.05049111917017964,0.01912274810175978,0.0,0.0009343131163546839
home_ownership,earliest_cr_line,0.013716896252602912,0.013716896252602912,0.05049111917017964,0.0010923947466905046,0.0,0.0009343131163546839
home_ownership,inq_last_6mths,-0.03359695039345836,0.03359695039345836,0.05049111917017964,0.07884178945733766,0.0,0.0009343131163546839
home_ownership,mths_since_last_delinq,0.04455338624345109,0.04455338624345109,0.05049111917017964,0.012972182863817254,0.0,50.893436917514165
home_ownership,mths_since_last_record,-0.024309684391850394,0.024309684391850394,0.05049111917017964,0.020270336049018945,0.0,84.01390257917136
home_ownership,open_acc,-0.13911168203668817,0.13911168203668817,0.05049111917017964,0.01776663231394419,0.0,0.0009343131163546839
home_ownership,pub_rec,0.002917767370536471,0.002917767370536471,0.05049111917017964,0.02876278231859769,0.0,0.0009343131163546839
home_ownership,revol_bal,-0.15554786910262486,0.15554786910262486,0.05049111917017964,0.01788359269829698,0.0,0.0
home_ownership,revol_util,-0.024487276286219134,0.024487276286219134,0.05049111917017964,0.0695041062279028,0.0,0.08035092800650283
home_ownership,total_acc,-0.22451278577021785,0.22451278577021785,0.05049111917017964,0.01576646453997829,0.0,0.0009343131163546839
home_ownership,initial_list_status,-0.025871802154359632,0.025871802154359632,0.05049111917017964,0.06853737524962515,0.0,0.0
home_ownership,collections_12_mths_ex_med,0.0070890316562693245,0.0070890316562693245,0.05049111917017964,0.010052319750769608,0.0,0.006073035256305446
home_ownership,mths_since_last_major_derog,-0.005851064697435221,0.005851064697435221,0.05049111917017964,0.011389737904839171,0.0,73.97704392673117
home_ownership,tot_coll_amt,-0.0048565524948739796,0.0048565524948739796,0.05049111917017964,0.0014739431011549038,0.0,3.3252203811063206
home_ownership,tot_cur_bal,-0.5012256009563203,0.5012256009563203,0.05049111917017964,0.05242633659939442,0.0,3.3252203811063206
home_ownership,open_acc_6m,-0.07158251694387659,0.07158251694387659,0.05049111917017964,0.06072361227471765,0.0,40.420254039736335
home_ownership,open_act_il,-0.005652847949453938,0.005652847949453938,0.05049111917017964,0.008867686360924087,0.0,40.420254039736335
home_ownership,open_il_12m,-0.0696086259697948,0.0696086259697948,0.05049111917017964,0.06051092067206702,0.0,40.420254039736335
home_ownership,open_il_24m,-0.0927852210650788,0.0927852210650788,0.05049111917017964,0.06065785469677383,0.0,40.420254039736335
home_ownership,mths_since_rcnt_il,0.06107085904546873,0.06107085904546873,0.05049111917017964,0.03242085839165458,0.0,42.30382928230738
home_ownership,total_bal_il,-0.09114410642096389,0.09114410642096389,0.05049111917017964,0.001994536754313803,0.0,40.420254039736335
home_ownership,il_util,0.030494093392596927,0.030494093392596927,0.05049111917017964,0.05888586629764154,0.0,48.95286857484549
home_ownership,open_rv_12m,-0.0030022460395641194,0.0030022460395641194,0.05049111917017964,0.05266258614741897,0.0,40.420254039736335
home_ownership,open_rv_24m,0.01045962849097617,0.01045962849097617,0.05049111917017964,0.06912450757964811,0.0,40.420254039736335
home_ownership,max_bal_bc,-0.13731334411447507,0.13731334411447507,0.05049111917017964,0.03227602521276016,0.0,40.420254039736335
home_ownership,all_util,0.007130920820037636,0.007130920820037636,0.05049111917017964,0.07383862685643393,0.0,40.42679423155082
home_ownership,total_rev_hi_lim,-0.1744522760704619,0.1744522760704619,0.05049111917017964,0.057416341220561884,0.0,3.3252203811063206
home_ownership,inq_fi,-0.10119251213708846,0.10119251213708846,0.05049111917017964,0.0368309814014974,0.0,40.420254039736335
home_ownership,total_cu_tl,-0.12226495159636111,0.12226495159636111,0.05049111917017964,0.009299731041818318,0.0,40.420254039736335
home_ownership,inq_last_12m,-0.11210020104858644,0.11210020104858644,0.05049111917017964,0.0637314488297478,0.0,40.420254039736335
home_ownership,acc_open_past_24mths,-0.07888735900806977,0.07888735900806977,0.05049111917017964,0.08867183834751817,0.0,2.3605420884701087
home_ownership,avg_cur_bal,-0.4517214914848984,0.4517214914848984,0.05049111917017964,0.0562108691255464,0.0,3.32708900733903
home_ownership,bc_open_to_buy,-0.08185385848158792,0.08185385848158792,0.05049111917017964,0.08076668691943055,0.0,3.403702682880114
home_ownership,bc_util,-0.015055140302895167,0.015055140302895167,0.05049111917017964,0.0759460456775071,0.0,3.464900192001345
home_ownership,chargeoff_within_12_mths,-0.01030976268684981,0.01030976268684981,0.05049111917017964,0.0021101943384776007,0.0,0.006073035256305446
home_ownership,delinq_amnt,-0.0014230150154245032,0.0014230150154245032,0.05049111917017964,0.005947855837318468,0.0,0.0009343131163546839
home_ownership,mo_sin_old_il_acct,-0.16024905643311327,0.16024905643311327,0.05049111917017964,0.021217795594907888,0.0,6.365942418282638
home_ownership,mo_sin_old_rev_tl_op,-0.17970099300751255,0.17970099300751255,0.05049111917017964,0.0355852140960437,0.0,3.3252203811063206
home_ownership,mo_sin_rcnt_rev_tl_op,-0.00608937874868565,0.00608937874868565,0.05049111917017964,0.051203064225407595,0.0,3.3252203811063206
home_ownership,mo_sin_rcnt_tl,0.06404489415637003,0.06404489415637003,0.05049111917017964,0.053452195761061076,0.0,3.3252203811063206
home_ownership,mort_acc,-0.49992981048561674,0.49992981048561674,0.05049111917017964,0.03244640355720174,0.0,2.3605420884701087
home_ownership,mths_since_recent_bc,-0.031481214205827196,0.031481214205827196,0.05049111917017964,0.043584474650737046,0.0,3.336899295060754
home_ownership,mths_since_recent_bc_dlq,0.018299110603604146,0.018299110603604146,0.05049111917017964,0.003137939343701434,0.0,76.73980781179198
home_ownership,mths_since_recent_inq,0.05924211758798362,0.05924211758798362,0.05049111917017964,0.05320449066537542,0.0,13.0799164724074
home_ownership,mths_since_recent_revol_delinq,0.023283177738992373,0.023283177738992373,0.05049111917017964,0.006683612077262269,0.0,66.9785715286764
home_ownership,num_accts_ever_120_pd,-0.008333894763733177,0.008333894763733177,0.05049111917017964,0.008479117803978793,0.0,3.3252203811063206
home_ownership,num_actv_bc_tl,-0.043431569861789546,0.043431569861789546,0.05049111917017964,0.023449703362199502,0.0,3.3252203811063206
home_ownership,num_actv_rev_tl,-0.07656219315269128,0.07656219315269128,0.05049111917017964,0.05073392113298021,0.0,3.3252203811063206
home_ownership,num_bc_sats,-0.060262819100856055,0.060262819100856055,0.05049111917017964,0.0042639641381768565,0.0,2.768836920317106
home_ownership,num_bc_tl,-0.10565355408989922,0.10565355408989922,0.05049111917017964,0.015581876085390736,0.0,3.3252203811063206
home_ownership,num_il_tl,-0.0830838164329204,0.0830838164329204,0.05049111917017964,0.01028170161323678,0.0,3.3252203811063206
home_ownership,num_op_rev_tl,-0.08323094873704989,0.08323094873704989,0.05049111917017964,0.023613697070117696,0.0,3.3252203811063206
home_ownership,num_rev_accts,-0.13529132289647855,0.13529132289647855,0.05049111917017964,0.02221329210148946,0.0,3.3252203811063206
home_ownership,num_rev_tl_bal_gt_0,-0.07576900558293667,0.07576900558293667,0.05049111917017964,0.05055527066899223,0.0,3.3252203811063206
home_ownership,num_sats,-0.135874654839043,0.135874654839043,0.05049111917017964,0.018432439266359544,0.0,2.768836920317106
home_ownership,num_tl_120dpd_2m,0.002573956671114015,0.002573956671114015,0.05049111917017964,0.0022468872711697264,0.0,7.126940451553529
home_ownership,num_tl_30dpd,-0.0165745380242109,0.0165745380242109,0.05049111917017964,0.0047684994383403794,0.0,3.3252203811063206
home_ownership,num_tl_90g_dpd_24m,-0.004189490937155786,0.004189490937155786,0.05049111917017964,0.012197969067421339,0.0,3.3252203811063206
home_ownership,num_tl_op_past_12m,-0.06690698919417673,0.06690698919417673,0.05049111917017964,0.07721411715843976,0.0,3.3252203811063206
home_ownership,pct_tl_nvr_dlq,0.016340424713381898,0.016340424713381898,0.05049111917017964,0.0037269775784282647,0.0,3.3308262598044482
home_ownership,percent_bc_gt_75,-0.015316880181842239,0.015316880181842239,0.05049111917017964,0.07830303392951792,0.0,3.4307977632543993
home_ownership,pub_rec_bankruptcies,0.010356051070589883,0.010356051070589883,0.05049111917017964,0.021686175332832822,0.0,0.06867201405206927
home_ownership,tax_liens,-0.001520906732594905,0.001520906732594905,0.05049111917017964,0.013644503499620549,0.0,0.0037372524654187356
home_ownership,tot_hi_cred_lim,-0.4992968669610977,0.4992968669610977,0.05049111917017964,0.061955101049037724,0.0,3.3252203811063206
home_ownership,total_bal_ex_mort,-0.1319610998698921,0.1319610998698921,0.05049111917017964,0.010337636565541718,0.0,2.3605420884701087
home_ownership,total_bc_limit,-0.13600019861422022,0.13600019861422022,0.05049111917017964,0.0727331430169503,0.0,2.3605420884701087
home_ownership,total_il_high_credit_limit,-0.10943135764151019,0.10943135764151019,0.05049111917017964,0.012103906507566485,0.0,3.3252203811063206
home_ownership,year_issued,0.0199057339789187,0.0199057339789187,0.05049111917017964,0.14600503649089677,0.0,0.0
annual_inc,verification_status,0.03131912594172386,0.03131912594172386,0.03536926119704636,0.09683841629149338,0.0,0.0
annual_inc,issue_d,0.0006172456398104052,0.0006172456398104052,0.03536926119704636,0.017819021013207523,0.0,0.0
annual_inc,desc,0.016335309976841465,0.016335309976841465,0.03536926119704636,0.01963720554729567,0.0,94.16054302278323
annual_inc,purpose,0.005563866283035262,0.005563866283035262,0.03536926119704636,0.013710899449129602,0.0,0.0
annual_inc,title,-0.021626426154752684,0.021626426154752684,0.03536926119704636,0.02770941079607677,0.0,1.046430690317246
annual_inc,zip_code,-0.001625230258221352,0.001625230258221352,0.03536926119704636,0.0006308825935882336,0.0,0.0
annual_inc,addr_state,-0.010111799973279066,0.010111799973279066,0.03536926119704636,0.003552164236663896,0.0,0.0
annual_inc,dti,-0.1453467475308571,0.1453467475308571,0.03536926119704636,0.0782879675756435,0.0,0.0
annual_inc,delinq_2yrs,0.037286549729138564,0.037286549729138564,0.03536926119704636,0.01912274810175978,0.0,0.0009343131163546839
annual_inc,earliest_cr_line,-0.012515343086790375,0.012515343086790375,0.03536926119704636,0.0010923947466905046,0.0,0.0009343131163546839
annual_inc,inq_last_6mths,0.025192942804770257,0.025192942804770257,0.03536926119704636,0.07884178945733766,0.0,0.0009343131163546839
annual_inc,mths_since_last_delinq,-0.042038263307767054,0.042038263307767054,0.03536926119704636,0.012972182863817254,0.0,50.893436917514165
annual_inc,mths_since_last_record,-0.05555850840558406,0.05555850840558406,0.03536926119704636,0.020270336049018945,0.0,84.01390257917136
annual_inc,open_acc,0.12744510843412094,0.12744510843412094,0.03536926119704636,0.01776663231394419,0.0,0.0009343131163546839
annual_inc,pub_rec,-0.007086208461931749,0.007086208461931749,0.03536926119704636,0.02876278231859769,0.0,0.0009343131163546839
annual_inc,revol_bal,0.268984635663315,0.268984635663315,0.03536926119704636,0.01788359269829698,0.0,0.0
annual_inc,revol_util,0.04080342683329613,0.04080342683329613,0.03536926119704636,0.0695041062279028,0.0,0.08035092800650283
annual_inc,total_acc,0.15793537840688626,0.15793537840688626,0.03536926119704636,0.01576646453997829,0.0,0.0009343131163546839
annual_inc,initial_list_status,0.04524241172663031,0.04524241172663031,0.03536926119704636,0.06853737524962515,0.0,0.0
annual_inc,collections_12_mths_ex_med,-0.0057170025823357565,0.0057170025823357565,0.03536926119704636,0.010052319750769608,0.0,0.006073035256305446
annual_inc,mths_since_last_major_derog,-0.019429650546138353,0.019429650546138353,0.03536926119704636,0.011389737904839171,0.0,73.97704392673117
annual_inc,tot_coll_amt,-0.0030278972655355617,0.0030278972655355617,0.03536926119704636,0.0014739431011549038,0.0,3.3252203811063206
annual_inc,tot_cur_bal,0.36144973100417227,0.36144973100417227,0.03536926119704636,0.05242633659939442,0.0,3.3252203811063206
annual_inc,open_acc_6m,0.0373232788151036,0.0373232788151036,0.03536926119704636,0.06072361227471765,0.0,40.420254039736335
annual_inc,open_act_il,0.06954156544147452,0.06954156544147452,0.03536926119704636,0.008867686360924087,0.0,40.420254039736335
annual_inc,open_il_12m,0.07790620246423635,0.07790620246423635,0.03536926119704636,0.06051092067206702,0.0,40.420254039736335
annual_inc,open_il_24m,0.10134878038038243,0.10134878038038243,0.03536926119704636,0.06065785469677383,0.0,40.420254039736335
annual_inc,mths_since_rcnt_il,-0.07071951636920955,0.07071951636920955,0.03536926119704636,0.03242085839165458,0.0,42.30382928230738
annual_inc,total_bal_il,0.18848987325180772,0.18848987325180772,0.03536926119704636,0.001994536754313803,0.0,40.420254039736335
annual_inc,il_util,-0.0382974646504603,0.0382974646504603,0.03536926119704636,0.05888586629764154,0.0,48.95286857484549
annual_inc,open_rv_12m,-0.007605957070679176,0.007605957070679176,0.03536926119704636,0.05266258614741897,0.0,40.420254039736335
annual_inc,open_rv_24m,-0.013670571048753966,0.013670571048753966,0.03536926119704636,0.06912450757964811,0.0,40.420254039736335
annual_inc,max_bal_bc,0.24800107063204177,0.24800107063204177,0.03536926119704636,0.03227602521276016,0.0,40.420254039736335
annual_inc,all_util,0.015136033530629362,0.015136033530629362,0.03536926119704636,0.07383862685643393,0.0,40.42679423155082
annual_inc,total_rev_hi_lim,0.273615490295497,0.273615490295497,0.03536926119704636,0.057416341220561884,0.0,3.3252203811063206
annual_inc,inq_fi,0.05813094146743582,0.05813094146743582,0.03536926119704636,0.0368309814014974,0.0,40.420254039736335
annual_inc,total_cu_tl,0.04816250255052443,0.04816250255052443,0.03536926119704636,0.009299731041818318,0.0,40.420254039736335
annual_inc,inq_last_12m,0.06478111062041393,0.06478111062041393,0.03536926119704636,0.0637314488297478,0.0,40.420254039736335
annual_inc,acc_open_past_24mths,0.05169916734540884,0.05169916734540884,0.03536926119704636,0.08867183834751817,0.0,2.3605420884701087
annual_inc,avg_cur_bal,0.27736482005226804,0.27736482005226804,0.03536926119704636,0.0562108691255464,0.0,3.32708900733903
annual_inc,bc_open_to_buy,0.14257366029511315,0.14257366029511315,0.03536926119704636,0.08076668691943055,0.0,3.403702682880114
annual_inc,bc_util,0.0068111108935967534,0.0068111108935967534,0.03536926119704636,0.0759460456775071,0.0,3.464900192001345
annual_inc,chargeoff_within_12_mths,0.004991437396029227,0.004991437396029227,0.03536926119704636,0.0021101943384776007,0.0,0.006073035256305446
annual_inc,delinq_amnt,0.004199192136865559,0.004199192136865559,0.03536926119704636,0.005947855837318468,0.0,0.0009343131163546839
annual_inc,mo_sin_old_il_acct,0.0981879239445682,0.0981879239445682,0.03536926119704636,0.021217795594907888,0.0,6.365942418282638
annual_inc,mo_sin_old_rev_tl_op,0.12347844576411336,0.12347844576411336,0.03536926119704636,0.0355852140960437,0.0,3.3252203811063206
annual_inc,mo_sin_rcnt_rev_tl_op,0.03288860776131391,0.03288860776131391,0.03536926119704636,0.051203064225407595,0.0,3.3252203811063206
annual_inc,mo_sin_rcnt_tl,-0.028645151242624442,0.028645151242624442,0.03536926119704636,0.053452195761061076,0.0,3.3252203811063206
annual_inc,mort_acc,0.19266877465972213,0.19266877465972213,0.03536926119704636,0.03244640355720174,0.0,2.3605420884701087
annual_inc,mths_since_recent_bc,0.028868861736468018,0.028868861736468018,0.03536926119704636,0.043584474650737046,0.0,3.336899295060754
annual_inc,mths_since_recent_bc_dlq,-0.040025357185255926,0.040025357185255926,0.03536926119704636,0.003137939343701434,0.0,76.73980781179198
annual_inc,mths_since_recent_inq,-0.04269824092226273,0.04269824092226273,0.03536926119704636,0.05320449066537542,0.0,13.0799164724074
annual_inc,mths_since_recent_revol_delinq,-0.0333163924765682,0.0333163924765682,0.03536926119704636,0.006683612077262269,0.0,66.9785715286764
annual_inc,num_accts_ever_120_pd,0.009793770772764604,0.009793770772764604,0.03536926119704636,0.008479117803978793,0.0,3.3252203811063206
annual_inc,num_actv_bc_tl,0.0995470441756463,0.0995470441756463,0.03536926119704636,0.023449703362199502,0.0,3.3252203811063206
annual_inc,num_actv_rev_tl,0.0738385590204727,0.0738385590204727,0.03536926119704636,0.05073392113298021,0.0,3.3252203811063206
annual_inc,num_bc_sats,0.11359836271933546,0.11359836271933546,0.03536926119704636,0.0042639641381768565,0.0,2.768836920317106
annual_inc,num_bc_tl,0.11504258507518848,0.11504258507518848,0.03536926119704636,0.015581876085390736,0.0,3.3252203811063206
annual_inc,num_il_tl,0.0958291355747689,0.0958291355747689,0.03536926119704636,0.01028170161323678,0.0,3.3252203811063206
annual_inc,num_op_rev_tl,0.07375441434045753,0.07375441434045753,0.03536926119704636,0.023613697070117696,0.0,3.3252203811063206
annual_inc,num_rev_accts,0.09115242498929638,0.09115242498929638,0.03536926119704636,0.02221329210148946,0.0,3.3252203811063206
annual_inc,num_rev_tl_bal_gt_0,0.07317715023155073,0.07317715023155073,0.03536926119704636,0.05055527066899223,0.0,3.3252203811063206
annual_inc,num_sats,0.12514898525177293,0.12514898525177293,0.03536926119704636,0.018432439266359544,0.0,2.768836920317106
annual_inc,num_tl_120dpd_2m,0.004918329667254166,0.004918329667254166,0.03536926119704636,0.0022468872711697264,0.0,7.126940451553529
annual_inc,num_tl_30dpd,0.011887246258477225,0.011887246258477225,0.03536926119704636,0.0047684994383403794,0.0,3.3252203811063206
annual_inc,num_tl_90g_dpd_24m,0.006619117194092616,0.006619117194092616,0.03536926119704636,0.012197969067421339,0.0,3.3252203811063206
annual_inc,num_tl_op_past_12m,0.046287862845175894,0.046287862845175894,0.03536926119704636,0.07721411715843976,0.0,3.3252203811063206
annual_inc,pct_tl_nvr_dlq,-0.006125219600665939,0.006125219600665939,0.03536926119704636,0.0037269775784282647,0.0,3.3308262598044482
annual_inc,percent_bc_gt_75,-0.004141529668959466,0.004141529668959466,0.03536926119704636,0.07830303392951792,0.0,3.4307977632543993
annual_inc,pub_rec_bankruptcies,-0.03880685248990906,0.03880685248990906,0.03536926119704636,0.021686175332832822,0.0,0.06867201405206927
annual_inc,tax_liens,0.02810611774379615,0.02810611774379615,0.03536926119704636,0.013644503499620549,0.0,0.0037372524654187356
annual_inc,tot_hi_cred_lim,0.3754105271891556,0.3754105271891556,0.03536926119704636,0.061955101049037724,0.0,3.3252203811063206
annual_inc,total_bal_ex_mort,0.29366305426308703,0.29366305426308703,0.03536926119704636,0.010337636565541718,0.0,2.3605420884701087
annual_inc,total_bc_limit,0.24659238867385377,0.24659238867385377,0.03536926119704636,0.0727331430169503,0.0,2.3605420884701087
annual_inc,total_il_high_credit_limit,0.25171565491275466,0.25171565491275466,0.03536926119704636,0.012103906507566485,0.0,3.3252203811063206
annual_inc,year_issued,0.046626974556770895,0.046626974556770895,0.03536926119704636,0.14600503649089677,0.0,0.0
verification_status,issue_d,-0.011779823736035065,0.011779823736035065,0.09683841629149338,0.017819021013207523,0.0,0.0
verification_status,desc,-0.03398436269779122,0.03398436269779122,0.09683841629149338,0.01963720554729567,0.0,94.16054302278323
verification_status,purpose,0.03125088545851448,0.03125088545851448,0.09683841629149338,0.013710899449129602,0.0,0.0
verification_status,title,0.032461914983211576,0.032461914983211576,0.09683841629149338,0.02770941079607677,0.0,1.046430690317246
verification_status,zip_code,0.005903206735049413,0.005903206735049413,0.09683841629149338,0.0006308825935882336,0.0,0.0
verification_status,addr_state,0.0013035264208375325,0.0013035264208375325,0.09683841629149338,0.003552164236663896,0.0,0.0
verification_status,dti,0.09388935172725173,0.09388935172725173,0.09683841629149338,0.0782879675756435,0.0,0.0
verification_status,delinq_2yrs,0.02126813329652501,0.02126813329652501,0.09683841629149338,0.01912274810175978,0.0,0.0009343131163546839
verification_status,earliest_cr_line,-0.0007403138596218835,0.0007403138596218835,0.09683841629149338,0.0010923947466905046,0.0,0.0009343131163546839
verification_status,inq_last_6mths,0.07915898065480369,0.07915898065480369,0.09683841629149338,0.07884178945733766,0.0,0.0009343131163546839
verification_status,mths_since_last_delinq,-0.017496105872568175,0.017496105872568175,0.09683841629149338,0.012972182863817254,0.0,50.893436917514165
verification_status,mths_since_last_record,-0.0498110158956125,0.0498110158956125,0.09683841629149338,0.020270336049018945,0.0,84.01390257917136
verification_status,open_acc,0.013839016796600122,0.013839016796600122,0.09683841629149338,0.01776663231394419,0.0,0.0009343131163546839
verification_status,pub_rec,0.036919493057475515,0.036919493057475515,0.09683841629149338,0.02876278231859769,0.0,0.0009343131163546839
verification_status,revol_bal,0.0719443646524278,0.0719443646524278,0.09683841629149338,0.01788359269829698,0.0,0.0
verification_status,revol_util,0.1339083080353589,0.1339083080353589,0.09683841629149338,0.0695041062279028,0.0,0.08035092800650283
verification_status,total_acc,0.03358145113930046,0.03358145113930046,0.09683841629149338,0.01576646453997829,0.0,0.0009343131163546839
verification_status,initial_list_status,-0.0731166459283477,0.0731166459283477,0.09683841629149338,0.06853737524962515,0.0,0.0
verification_status,collections_12_mths_ex_med,0.011009220193212568,0.011009220193212568,0.09683841629149338,0.010052319750769608,0.0,0.006073035256305446
verification_status,mths_since_last_major_derog,-0.0367399486064407,0.0367399486064407,0.09683841629149338,0.011389737904839171,0.0,73.97704392673117
verification_status,tot_coll_amt,-0.0005913410034039633,0.0005913410034039633,0.09683841629149338,0.0014739431011549038,0.0,3.3252203811063206
verification_status,tot_cur_bal,0.05856776595349964,0.05856776595349964,0.09683841629149338,0.05242633659939442,0.0,3.3252203811063206
verification_status,open_acc_6m,0.07600215423852533,0.07600215423852533,0.09683841629149338,0.06072361227471765,0.0,40.420254039736335
verification_status,open_act_il,0.008065760959418376,0.008065760959418376,0.09683841629149338,0.008867686360924087,0.0,40.420254039736335
verification_status,open_il_12m,0.09482944131349305,0.09482944131349305,0.09683841629149338,0.06051092067206702,0.0,40.420254039736335
verification_status,open_il_24m,0.07357233161591278,0.07357233161591278,0.09683841629149338,0.06065785469677383,0.0,40.420254039736335
verification_status,mths_since_rcnt_il,-0.02698652270081338,0.02698652270081338,0.09683841629149338,0.03242085839165458,0.0,42.30382928230738
verification_status,total_bal_il,0.03630860241723239,0.03630860241723239,0.09683841629149338,0.001994536754313803,0.0,40.420254039736335
verification_status,il_util,0.08842370894473935,0.08842370894473935,0.09683841629149338,0.05888586629764154,0.0,48.95286857484549
verification_status,open_rv_12m,0.07232423718487602,0.07232423718487602,0.09683841629149338,0.05266258614741897,0.0,40.420254039736335
verification_status,open_rv_24m,0.07559611224192056,0.07559611224192056,0.09683841629149338,0.06912450757964811,0.0,40.420254039736335
verification_status,max_bal_bc,0.03038895992222569,0.03038895992222569,0.09683841629149338,0.03227602521276016,0.0,40.420254039736335
verification_status,all_util,0.15816997210650366,0.15816997210650366,0.09683841629149338,0.07383862685643393,0.0,40.42679423155082
verification_status,total_rev_hi_lim,-0.0018407555285522537,0.0018407555285522537,0.09683841629149338,0.057416341220561884,0.0,3.3252203811063206
verification_status,inq_fi,0.04564202556572746,0.04564202556572746,0.09683841629149338,0.0368309814014974,0.0,40.420254039736335
verification_status,total_cu_tl,0.028269334561084335,0.028269334561084335,0.09683841629149338,0.009299731041818318,0.0,40.420254039736335
verification_status,inq_last_12m,0.08807710623676063,0.08807710623676063,0.09683841629149338,0.0637314488297478,0.0,40.420254039736335
verification_status,acc_open_past_24mths,0.09292737330250812,0.09292737330250812,0.09683841629149338,0.08867183834751817,0.0,2.3605420884701087
verification_status,avg_cur_bal,0.046845997670158755,0.046845997670158755,0.09683841629149338,0.0562108691255464,0.0,3.32708900733903
verification_status,bc_open_to_buy,-0.09492257369480363,0.09492257369480363,0.09683841629149338,0.08076668691943055,0.0,3.403702682880114
verification_status,bc_util,0.13334663234260133,0.13334663234260133,0.09683841629149338,0.0759460456775071,0.0,3.464900192001345
verification_status,chargeoff_within_12_mths,0.01515534204562578,0.01515534204562578,0.09683841629149338,0.0021101943384776007,0.0,0.006073035256305446
verification_status,delinq_amnt,0.008794038737897093,0.008794038737897093,0.09683841629149338,0.005947855837318468,0.0,0.0009343131163546839
verification_status,mo_sin_old_il_acct,0.0019864566952269886,0.0019864566952269886,0.09683841629149338,0.021217795594907888,0.0,6.365942418282638
verification_status,mo_sin_old_rev_tl_op,0.0021910559407707793,0.0021910559407707793,0.09683841629149338,0.0355852140960437,0.0,3.3252203811063206
verification_status,mo_sin_rcnt_rev_tl_op,-0.019323092833032744,0.019323092833032744,0.09683841629149338,0.051203064225407595,0.0,3.3252203811063206
verification_status,mo_sin_rcnt_tl,-0.028942645165580202,0.028942645165580202,0.09683841629149338,0.053452195761061076,0.0,3.3252203811063206
verification_status,mort_acc,0.04516407721738583,0.04516407721738583,0.09683841629149338,0.03244640355720174,0.0,2.3605420884701087
verification_status,mths_since_recent_bc,-0.01522159246048809,0.01522159246048809,0.09683841629149338,0.043584474650737046,0.0,3.336899295060754
verification_status,mths_since_recent_bc_dlq,0.006593672863425451,0.006593672863425451,0.09683841629149338,0.003137939343701434,0.0,76.73980781179198
verification_status,mths_since_recent_inq,-0.06257180337372546,0.06257180337372546,0.09683841629149338,0.05320449066537542,0.0,13.0799164724074
verification_status,mths_since_recent_revol_delinq,-0.0005126476527670672,0.0005126476527670672,0.09683841629149338,0.006683612077262269,0.0,66.9785715286764
verification_status,num_accts_ever_120_pd,0.008841398743041306,0.008841398743041306,0.09683841629149338,0.008479117803978793,0.0,3.3252203811063206
verification_status,num_actv_bc_tl,0.037096827077327386,0.037096827077327386,0.09683841629149338,0.023449703362199502,0.0,3.3252203811063206
verification_status,num_actv_rev_tl,0.06097597527451525,0.06097597527451525,0.09683841629149338,0.05073392113298021,0.0,3.3252203811063206
verification_status,num_bc_sats,0.019427035995797638,0.019427035995797638,0.09683841629149338,0.0042639641381768565,0.0,2.768836920317106
verification_status,num_bc_tl,0.020962521792622,0.020962521792622,0.09683841629149338,0.015581876085390736,0.0,3.3252203811063206
verification_status,num_il_tl,0.01131498235442635,0.01131498235442635,0.09683841629149338,0.01028170161323678,0.0,3.3252203811063206
verification_status,num_op_rev_tl,0.012040134990069389,0.012040134990069389,0.09683841629149338,0.023613697070117696,0.0,3.3252203811063206
verification_status,num_rev_accts,0.022450256341051866,0.022450256341051866,0.09683841629149338,0.02221329210148946,0.0,3.3252203811063206
verification_status,num_rev_tl_bal_gt_0,0.05189669984354954,0.05189669984354954,0.09683841629149338,0.05055527066899223,0.0,3.3252203811063206
verification_status,num_sats,0.009278554998949699,0.009278554998949699,0.09683841629149338,0.018432439266359544,0.0,2.768836920317106
verification_status,num_tl_120dpd_2m,0.013771690590826188,0.013771690590826188,0.09683841629149338,0.0022468872711697264,0.0,7.126940451553529
verification_status,num_tl_30dpd,0.005904362128895037,0.005904362128895037,0.09683841629149338,0.0047684994383403794,0.0,3.3252203811063206
verification_status,num_tl_90g_dpd_24m,0.017350277433181325,0.017350277433181325,0.09683841629149338,0.012197969067421339,0.0,3.3252203811063206
verification_status,num_tl_op_past_12m,0.11145448498168561,0.11145448498168561,0.09683841629149338,0.07721411715843976,0.0,3.3252203811063206
verification_status,pct_tl_nvr_dlq,-0.008979600547618432,0.008979600547618432,0.09683841629149338,0.0037269775784282647,0.0,3.3308262598044482
verification_status,percent_bc_gt_75,0.13067238563624545,0.13067238563624545,0.09683841629149338,0.07830303392951792,0.0,3.4307977632543993
verification_status,pub_rec_bankruptcies,0.02368123150964977,0.02368123150964977,0.09683841629149338,0.021686175332832822,0.0,0.06867201405206927
verification_status,tax_liens,0.022464413834572754,0.022464413834572754,0.09683841629149338,0.013644503499620549,0.0,0.0037372524654187356
verification_status,tot_hi_cred_lim,0.04347360846598268,0.04347360846598268,0.09683841629149338,0.061955101049037724,0.0,3.3252203811063206
verification_status,total_bal_ex_mort,0.051972526169258106,0.051972526169258106,0.09683841629149338,0.010337636565541718,0.0,2.3605420884701087
verification_status,total_bc_limit,-0.02562421683633483,0.02562421683633483,0.09683841629149338,0.0727331430169503,0.0,2.3605420884701087
verification_status,total_il_high_credit_limit,0.022516526536117187,0.022516526536117187,0.09683841629149338,0.012103906507566485,0.0,3.3252203811063206
verification_status,year_issued,-0.10580997568645435,0.10580997568645435,0.09683841629149338,0.14600503649089677,0.0,0.0
issue_d,desc,0.051137207173996835,0.051137207173996835,0.017819021013207523,0.01963720554729567,0.0,94.16054302278323
issue_d,purpose,-0.007543340143444751,0.007543340143444751,0.017819021013207523,0.013710899449129602,0.0,0.0
issue_d,title,-0.01838657560318923,0.01838657560318923,0.017819021013207523,0.02770941079607677,0.0,1.046430690317246
issue_d,zip_code,0.0020220378683970574,0.0020220378683970574,0.017819021013207523,0.0006308825935882336,0.0,0.0
issue_d,addr_state,-0.0009971138011511864,0.0009971138011511864,0.017819021013207523,0.003552164236663896,0.0,0.0
issue_d,dti,0.003992366758412976,0.003992366758412976,0.017819021013207523,0.0782879675756435,0.0,0.0
issue_d,delinq_2yrs,-0.0041038717151753844,0.0041038717151753844,0.017819021013207523,0.01912274810175978,0.0,0.0009343131163546839
issue_d,earliest_cr_line,-0.0005966459046637872,0.0005966459046637872,0.017819021013207523,0.0010923947466905046,0.0,0.0009343131163546839
issue_d,inq_last_6mths,-0.013468541777615185,0.013468541777615185,0.017819021013207523,0.07884178945733766,0.0,0.0009343131163546839
issue_d,mths_since_last_delinq,0.009392008833891146,0.009392008833891146,0.017819021013207523,0.012972182863817254,0.0,50.893436917514165
issue_d,mths_since_last_record,0.02582044465392047,0.02582044465392047,0.017819021013207523,0.020270336049018945,0.0,84.01390257917136
issue_d,open_acc,0.0009501393169269305,0.0009501393169269305,0.017819021013207523,0.01776663231394419,0.0,0.0009343131163546839
issue_d,pub_rec,-0.0018809086889437282,0.0018809086889437282,0.017819021013207523,0.02876278231859769,0.0,0.0009343131163546839
issue_d,revol_bal,0.001382015776971014,0.001382015776971014,0.017819021013207523,0.01788359269829698,0.0,0.0
issue_d,revol_util,-0.0103770278655562,0.0103770278655562,0.017819021013207523,0.0695041062279028,0.0,0.08035092800650283
issue_d,total_acc,-0.005734838875179335,0.005734838875179335,0.017819021013207523,0.01576646453997829,0.0,0.0009343131163546839
issue_d,initial_list_status,0.012995497915024266,0.012995497915024266,0.017819021013207523,0.06853737524962515,0.0,0.0
issue_d,collections_12_mths_ex_med,0.0006599311969133435,0.0006599311969133435,0.017819021013207523,0.010052319750769608,0.0,0.006073035256305446
issue_d,mths_since_last_major_derog,0.006339577317834488,0.006339577317834488,0.017819021013207523,0.011389737904839171,0.0,73.97704392673117
issue_d,tot_coll_amt,-0.0006193029760783422,0.0006193029760783422,0.017819021013207523,0.0014739431011549038,0.0,3.3252203811063206
issue_d,tot_cur_bal,-0.0033703319424026397,0.0033703319424026397,0.017819021013207523,0.05242633659939442,0.0,3.3252203811063206
issue_d,open_acc_6m,0.002018415881602033,0.002018415881602033,0.017819021013207523,0.06072361227471765,0.0,40.420254039736335
issue_d,open_act_il,-0.0020862318829308825,0.0020862318829308825,0.017819021013207523,0.008867686360924087,0.0,40.420254039736335
issue_d,open_il_12m,-0.0024841152009833336,0.0024841152009833336,0.017819021013207523,0.06051092067206702,0.0,40.420254039736335
issue_d,open_il_24m,-0.001546623178785575,0.001546623178785575,0.017819021013207523,0.06065785469677383,0.0,40.420254039736335
issue_d,mths_since_rcnt_il,-0.0016155138934727052,0.0016155138934727052,0.017819021013207523,0.03242085839165458,0.0,42.30382928230738
issue_d,total_bal_il,-0.004175880221388709,0.004175880221388709,0.017819021013207523,0.001994536754313803,0.0,40.420254039736335
issue_d,il_util,-0.0052839527848981965,0.0052839527848981965,0.017819021013207523,0.05888586629764154,0.0,48.95286857484549
issue_d,open_rv_12m,-0.0012409383153781043,0.0012409383153781043,0.017819021013207523,0.05266258614741897,0.0,40.420254039736335
issue_d,open_rv_24m,-0.005487148059246591,0.005487148059246591,0.017819021013207523,0.06912450757964811,0.0,40.420254039736335
issue_d,max_bal_bc,-0.003936499397473757,0.003936499397473757,0.017819021013207523,0.03227602521276016,0.0,40.420254039736335
issue_d,all_util,-0.015510683299669417,0.015510683299669417,0.017819021013207523,0.07383862685643393,0.0,40.42679423155082
issue_d,total_rev_hi_lim,0.005106003483447433,0.005106003483447433,0.017819021013207523,0.057416341220561884,0.0,3.3252203811063206
issue_d,inq_fi,0.0022429696083447062,0.0022429696083447062,0.017819021013207523,0.0368309814014974,0.0,40.420254039736335
issue_d,total_cu_tl,0.0021544104894118702,0.0021544104894118702,0.017819021013207523,0.009299731041818318,0.0,40.420254039736335
issue_d,inq_last_12m,-0.008483163740003274,0.008483163740003274,0.017819021013207523,0.0637314488297478,0.0,40.420254039736335
issue_d,acc_open_past_24mths,-0.0010124890086356225,0.0010124890086356225,0.017819021013207523,0.08867183834751817,0.0,2.3605420884701087
issue_d,avg_cur_bal,-0.005326212893606668,0.005326212893606668,0.017819021013207523,0.0562108691255464,0.0,3.32708900733903
issue_d,bc_open_to_buy,0.008351590445925879,0.008351590445925879,0.017819021013207523,0.08076668691943055,0.0,3.403702682880114
issue_d,bc_util,-0.008262442329114428,0.008262442329114428,0.017819021013207523,0.0759460456775071,0.0,3.464900192001345
issue_d,chargeoff_within_12_mths,-0.00505584438805561,0.00505584438805561,0.017819021013207523,0.0021101943384776007,0.0,0.006073035256305446
issue_d,delinq_amnt,-0.0009561672871333346,0.0009561672871333346,0.017819021013207523,0.005947855837318468,0.0,0.0009343131163546839
issue_d,mo_sin_old_il_acct,-0.0018898601318041279,0.0018898601318041279,0.017819021013207523,0.021217795594907888,0.0,6.365942418282638
issue_d,mo_sin_old_rev_tl_op,-0.009610517009983293,0.009610517009983293,0.017819021013207523,0.0355852140960437,0.0,3.3252203811063206
issue_d,mo_sin_rcnt_rev_tl_op,0.0036135049609279115,0.0036135049609279115,0.017819021013207523,0.051203064225407595,0.0,3.3252203811063206
issue_d,mo_sin_rcnt_tl,0.002332059887584604,0.002332059887584604,0.017819021013207523,0.053452195761061076,0.0,3.3252203811063206
issue_d,mort_acc,-0.007655462699665003,0.007655462699665003,0.017819021013207523,0.03244640355720174,0.0,2.3605420884701087
issue_d,mths_since_recent_bc,0.0005205167733299729,0.0005205167733299729,0.017819021013207523,0.043584474650737046,0.0,3.336899295060754
issue_d,mths_since_recent_bc_dlq,0.0048255412156341625,0.0048255412156341625,0.017819021013207523,0.003137939343701434,0.0,76.73980781179198
issue_d,mths_since_recent_inq,0.0012726901520861685,0.0012726901520861685,0.017819021013207523,0.05320449066537542,0.0,13.0799164724074
issue_d,mths_since_recent_revol_delinq,0.003322690922140954,0.003322690922140954,0.017819021013207523,0.006683612077262269,0.0,66.9785715286764
issue_d,num_accts_ever_120_pd,-0.002816786783314768,0.002816786783314768,0.017819021013207523,0.008479117803978793,0.0,3.3252203811063206
issue_d,num_actv_bc_tl,0.0006548352909802461,0.0006548352909802461,0.017819021013207523,0.023449703362199502,0.0,3.3252203811063206
issue_d,num_actv_rev_tl,-0.002114973198671716,0.002114973198671716,0.017819021013207523,0.05073392113298021,0.0,3.3252203811063206
issue_d,num_bc_sats,-0.0006373202330165156,0.0006373202330165156,0.017819021013207523,0.0042639641381768565,0.0,2.768836920317106
issue_d,num_bc_tl,-0.008369578309683467,0.008369578309683467,0.017819021013207523,0.015581876085390736,0.0,3.3252203811063206
issue_d,num_il_tl,-0.002017787402231932,0.002017787402231932,0.017819021013207523,0.01028170161323678,0.0,3.3252203811063206
issue_d,num_op_rev_tl,-0.00027543513681012045,0.00027543513681012045,0.017819021013207523,0.023613697070117696,0.0,3.3252203811063206
issue_d,num_rev_accts,-0.007041586000725787,0.007041586000725787,0.017819021013207523,0.02221329210148946,0.0,3.3252203811063206
issue_d,num_rev_tl_bal_gt_0,-0.0022410094241202393,0.0022410094241202393,0.017819021013207523,0.05055527066899223,0.0,3.3252203811063206
issue_d,num_sats,-0.0007105870583770242,0.0007105870583770242,0.017819021013207523,0.018432439266359544,0.0,2.768836920317106
issue_d,num_tl_120dpd_2m,0.0009716423862829721,0.0009716423862829721,0.017819021013207523,0.0022468872711697264,0.0,7.126940451553529
issue_d,num_tl_30dpd,0.00011783947004438511,0.00011783947004438511,0.017819021013207523,0.0047684994383403794,0.0,3.3252203811063206
issue_d,num_tl_90g_dpd_24m,-0.002957096482295308,0.002957096482295308,0.017819021013207523,0.012197969067421339,0.0,3.3252203811063206
issue_d,num_tl_op_past_12m,-0.002010160490205686,0.002010160490205686,0.017819021013207523,0.07721411715843976,0.0,3.3252203811063206
issue_d,pct_tl_nvr_dlq,0.006588047922244429,0.006588047922244429,0.017819021013207523,0.0037269775784282647,0.0,3.3308262598044482
issue_d,percent_bc_gt_75,-0.007643407254381202,0.007643407254381202,0.017819021013207523,0.07830303392951792,0.0,3.4307977632543993
issue_d,pub_rec_bankruptcies,0.003121094096262015,0.003121094096262015,0.017819021013207523,0.021686175332832822,0.0,0.06867201405206927
issue_d,tax_liens,-0.003794771029244785,0.003794771029244785,0.017819021013207523,0.013644503499620549,0.0,0.0037372524654187356
issue_d,tot_hi_cred_lim,-0.0013827517865078163,0.0013827517865078163,0.017819021013207523,0.061955101049037724,0.0,3.3252203811063206
issue_d,total_bal_ex_mort,0.0003903943622887124,0.0003903943622887124,0.017819021013207523,0.010337636565541718,0.0,2.3605420884701087
issue_d,total_bc_limit,0.00669279180512669,0.00669279180512669,0.017819021013207523,0.0727331430169503,0.0,2.3605420884701087
issue_d,total_il_high_credit_limit,-0.0012606242267459524,0.0012606242267459524,0.017819021013207523,0.012103906507566485,0.0,3.3252203811063206
issue_d,year_issued,0.02158190875917675,0.02158190875917675,0.017819021013207523,0.14600503649089677,0.0,0.0
desc,purpose,-0.006170553385029659,0.006170553385029659,0.01963720554729567,0.013710899449129602,94.16054302278323,0.0
desc,title,-0.11502226348627427,0.11502226348627427,0.01963720554729567,0.02770941079607677,94.16054302278323,1.046430690317246
desc,zip_code,-0.003138898186802333,0.003138898186802333,0.01963720554729567,0.0006308825935882336,94.16054302278323,0.0
desc,addr_state,0.0041899944606709795,0.0041899944606709795,0.01963720554729567,0.003552164236663896,94.16054302278323,0.0
desc,dti,0.04149917254105205,0.04149917254105205,0.01963720554729567,0.0782879675756435,94.16054302278323,0.0
desc,delinq_2yrs,0.020055318319011327,0.020055318319011327,0.01963720554729567,0.01912274810175978,94.16054302278323,0.0009343131163546839
desc,earliest_cr_line,0.0016003684493687315,0.0016003684493687315,0.01963720554729567,0.0010923947466905046,94.16054302278323,0.0009343131163546839
desc,inq_last_6mths,-0.06761876953438965,0.06761876953438965,0.01963720554729567,0.07884178945733766,94.16054302278323,0.0009343131163546839
desc,mths_since_last_delinq,-0.006546332155545689,0.006546332155545689,0.01963720554729567,0.012972182863817254,94.16054302278323,50.893436917514165
desc,mths_since_last_record,-0.05762439857692589,0.05762439857692589,0.01963720554729567,0.020270336049018945,94.16054302278323,84.01390257917136
desc,open_acc,0.03206854527657019,0.03206854527657019,0.01963720554729567,0.01776663231394419,94.16054302278323,0.0009343131163546839
desc,pub_rec,0.029436392623902154,0.029436392623902154,0.01963720554729567,0.02876278231859769,94.16054302278323,0.0009343131163546839
desc,revol_bal,0.008378842551485634,0.008378842551485634,0.01963720554729567,0.01788359269829698,94.16054302278323,0.0
desc,revol_util,-0.04695856111520346,0.04695856111520346,0.01963720554729567,0.0695041062279028,94.16054302278323,0.08035092800650283
desc,total_acc,-0.005865249926723348,0.005865249926723348,0.01963720554729567,0.01576646453997829,94.16054302278323,0.0009343131163546839
desc,initial_list_status,0.24656417837383704,0.24656417837383704,0.01963720554729567,0.06853737524962515,94.16054302278323,0.0
desc,collections_12_mths_ex_med,0.01981173804045262,0.01981173804045262,0.01963720554729567,0.010052319750769608,94.16054302278323,0.006073035256305446
desc,mths_since_last_major_derog,0.022901145128258214,0.022901145128258214,0.01963720554729567,0.011389737904839171,94.16054302278323,73.97704392673117
desc,tot_coll_amt,0.010319110797118674,0.010319110797118674,0.01963720554729567,0.0014739431011549038,94.16054302278323,3.3252203811063206
desc,tot_cur_bal,-0.001316612759095036,0.001316612759095036,0.01963720554729567,0.05242633659939442,94.16054302278323,3.3252203811063206
desc,open_acc_6m,4.3888192110511646e-05,4.3888192110511646e-05,0.01963720554729567,0.06072361227471765,94.16054302278323,40.420254039736335
desc,open_act_il,0.0016629500069120166,0.0016629500069120166,0.01963720554729567,0.008867686360924087,94.16054302278323,40.420254039736335
desc,open_il_12m,0.0022057545584882785,0.0022057545584882785,0.01963720554729567,0.06051092067206702,94.16054302278323,40.420254039736335
desc,open_il_24m,0.0029392945632284455,0.0029392945632284455,0.01963720554729567,0.06065785469677383,94.16054302278323,40.420254039736335
desc,mths_since_rcnt_il,-0.007766215972096896,0.007766215972096896,0.01963720554729567,0.03242085839165458,94.16054302278323,42.30382928230738
desc,total_bal_il,0.001770856459480824,0.001770856459480824,0.01963720554729567,0.001994536754313803,94.16054302278323,40.420254039736335
desc,il_util,-0.00552482386040197,0.00552482386040197,0.01963720554729567,0.05888586629764154,94.16054302278323,48.95286857484549
desc,open_rv_12m,0.0006666941060166805,0.0006666941060166805,0.01963720554729567,0.05266258614741897,94.16054302278323,40.420254039736335
desc,open_rv_24m,0.0018961670060430131,0.0018961670060430131,0.01963720554729567,0.06912450757964811,94.16054302278323,40.420254039736335
desc,max_bal_bc,-0.011879946621323821,0.011879946621323821,0.01963720554729567,0.03227602521276016,94.16054302278323,40.420254039736335
desc,all_util,0.00018392302713073294,0.00018392302713073294,0.01963720554729567,0.07383862685643393,94.16054302278323,40.42679423155082
desc,total_rev_hi_lim,0.020841002655578936,0.020841002655578936,0.01963720554729567,0.057416341220561884,94.16054302278323,3.3252203811063206
desc,inq_fi,0.0019414281503972038,0.0019414281503972038,0.01963720554729567,0.0368309814014974,94.16054302278323,40.420254039736335
desc,total_cu_tl,0.0004734103425145107,0.0004734103425145107,0.01963720554729567,0.009299731041818318,94.16054302278323,40.420254039736335
desc,inq_last_12m,0.00014056684077971675,0.00014056684077971675,0.01963720554729567,0.0637314488297478,94.16054302278323,40.420254039736335
desc,acc_open_past_24mths,0.03217125159201455,0.03217125159201455,0.01963720554729567,0.08867183834751817,94.16054302278323,2.3605420884701087
desc,avg_cur_bal,-0.00812692396945046,0.00812692396945046,0.01963720554729567,0.0562108691255464,94.16054302278323,3.32708900733903
desc,bc_open_to_buy,0.03321266133578072,0.03321266133578072,0.01963720554729567,0.08076668691943055,94.16054302278323,3.403702682880114
desc,bc_util,-0.051610367392910216,0.051610367392910216,0.01963720554729567,0.0759460456775071,94.16054302278323,3.464900192001345
desc,chargeoff_within_12_mths,0.004391901935754837,0.004391901935754837,0.01963720554729567,0.0021101943384776007,94.16054302278323,0.006073035256305446
desc,delinq_amnt,0.001482335755106432,0.001482335755106432,0.01963720554729567,0.005947855837318468,94.16054302278323,0.0009343131163546839
desc,mo_sin_old_il_acct,-0.00929737592054928,0.00929737592054928,0.01963720554729567,0.021217795594907888,94.16054302278323,6.365942418282638
desc,mo_sin_old_rev_tl_op,-0.0077218525335381585,0.0077218525335381585,0.01963720554729567,0.0355852140960437,94.16054302278323,3.3252203811063206
desc,mo_sin_rcnt_rev_tl_op,-0.0023244669160876297,0.0023244669160876297,0.01963720554729567,0.051203064225407595,94.16054302278323,3.3252203811063206
desc,mo_sin_rcnt_tl,-0.008889040009303054,0.008889040009303054,0.01963720554729567,0.053452195761061076,94.16054302278323,3.3252203811063206
desc,mort_acc,-0.03429699082688835,0.03429699082688835,0.01963720554729567,0.03244640355720174,94.16054302278323,2.3605420884701087
desc,mths_since_recent_bc,-0.006513526075954681,0.006513526075954681,0.01963720554729567,0.043584474650737046,94.16054302278323,3.336899295060754
desc,mths_since_recent_bc_dlq,-0.0058483212822492345,0.0058483212822492345,0.01963720554729567,0.003137939343701434,94.16054302278323,76.73980781179198
desc,mths_since_recent_inq,0.0035407072907775883,0.0035407072907775883,0.01963720554729567,0.05320449066537542,94.16054302278323,13.0799164724074
desc,mths_since_recent_revol_delinq,-0.0015628934380767037,0.0015628934380767037,0.01963720554729567,0.006683612077262269,94.16054302278323,66.9785715286764
desc,num_accts_ever_120_pd,0.016040137195665462,0.016040137195665462,0.01963720554729567,0.008479117803978793,94.16054302278323,3.3252203811063206
desc,num_actv_bc_tl,-0.0056025606826375,0.0056025606826375,0.01963720554729567,0.023449703362199502,94.16054302278323,3.3252203811063206
desc,num_actv_rev_tl,-0.0081460112387232,0.0081460112387232,0.01963720554729567,0.05073392113298021,94.16054302278323,3.3252203811063206
desc,num_bc_sats,0.0037333718859991647,0.0037333718859991647,0.01963720554729567,0.0042639641381768565,94.16054302278323,2.768836920317106
desc,num_bc_tl,-0.05131717519331716,0.05131717519331716,0.01963720554729567,0.015581876085390736,94.16054302278323,3.3252203811063206
desc,num_il_tl,0.011018374003727176,0.011018374003727176,0.01963720554729567,0.01028170161323678,94.16054302278323,3.3252203811063206
desc,num_op_rev_tl,-3.455431538294865e-05,3.455431538294865e-05,0.01963720554729567,0.023613697070117696,94.16054302278323,3.3252203811063206
desc,num_rev_accts,-0.029048751110280838,0.029048751110280838,0.01963720554729567,0.02221329210148946,94.16054302278323,3.3252203811063206
desc,num_rev_tl_bal_gt_0,-0.011460532517297497,0.011460532517297497,0.01963720554729567,0.05055527066899223,94.16054302278323,3.3252203811063206
desc,num_sats,0.011473179158541087,0.011473179158541087,0.01963720554729567,0.018432439266359544,94.16054302278323,2.768836920317106
desc,num_tl_120dpd_2m,0.0018436472537095869,0.0018436472537095869,0.01963720554729567,0.0022468872711697264,94.16054302278323,7.126940451553529
desc,num_tl_30dpd,0.0018225333456247847,0.0018225333456247847,0.01963720554729567,0.0047684994383403794,94.16054302278323,3.3252203811063206
desc,num_tl_90g_dpd_24m,0.0026433584378163723,0.0026433584378163723,0.01963720554729567,0.012197969067421339,94.16054302278323,3.3252203811063206
desc,num_tl_op_past_12m,0.0258740211116896,0.0258740211116896,0.01963720554729567,0.07721411715843976,94.16054302278323,3.3252203811063206
desc,pct_tl_nvr_dlq,-0.023015432798358083,0.023015432798358083,0.01963720554729567,0.0037269775784282647,94.16054302278323,3.3308262598044482
desc,percent_bc_gt_75,-0.04914801336535045,0.04914801336535045,0.01963720554729567,0.07830303392951792,94.16054302278323,3.4307977632543993
desc,pub_rec_bankruptcies,0.026354116699330597,0.026354116699330597,0.01963720554729567,0.021686175332832822,94.16054302278323,0.06867201405206927
desc,tax_liens,0.013961833567512716,0.013961833567512716,0.01963720554729567,0.013644503499620549,94.16054302278323,0.0037372524654187356
desc,tot_hi_cred_lim,0.004918508376960084,0.004918508376960084,0.01963720554729567,0.061955101049037724,94.16054302278323,3.3252203811063206
desc,total_bal_ex_mort,0.02648356192742143,0.02648356192742143,0.01963720554729567,0.010337636565541718,94.16054302278323,2.3605420884701087
desc,total_bc_limit,0.023563436133762425,0.023563436133762425,0.01963720554729567,0.0727331430169503,94.16054302278323,2.3605420884701087
desc,total_il_high_credit_limit,0.02889295188843978,0.02889295188843978,0.01963720554729567,0.012103906507566485,94.16054302278323,3.3252203811063206
desc,year_issued,0.3849039774962568,0.3849039774962568,0.01963720554729567,0.14600503649089677,94.16054302278323,0.0
purpose,title,0.528406419925212,0.528406419925212,0.013710899449129602,0.02770941079607677,0.0,1.046430690317246
purpose,zip_code,-0.0028680521289150026,0.0028680521289150026,0.013710899449129602,0.0006308825935882336,0.0,0.0
purpose,addr_state,-0.00491803883086613,0.00491803883086613,0.013710899449129602,0.003552164236663896,0.0,0.0
purpose,dti,-0.08720617376085994,0.08720617376085994,0.013710899449129602,0.0782879675756435,0.0,0.0
purpose,delinq_2yrs,0.02387831823349647,0.02387831823349647,0.013710899449129602,0.01912274810175978,0.0,0.0009343131163546839
purpose,earliest_cr_line,0.0008915915635414114,0.0008915915635414114,0.013710899449129602,0.0010923947466905046,0.0,0.0009343131163546839
purpose,inq_last_6mths,0.03146602715617141,0.03146602715617141,0.013710899449129602,0.07884178945733766,0.0,0.0009343131163546839
purpose,mths_since_last_delinq,-0.01626316183930161,0.01626316183930161,0.013710899449129602,0.012972182863817254,0.0,50.893436917514165
purpose,mths_since_last_record,-0.04722616066145909,0.04722616066145909,0.013710899449129602,0.020270336049018945,0.0,84.01390257917136
purpose,open_acc,-0.07304306988550184,0.07304306988550184,0.013710899449129602,0.01776663231394419,0.0,0.0009343131163546839
purpose,pub_rec,0.012571424655301398,0.012571424655301398,0.013710899449129602,0.02876278231859769,0.0,0.0009343131163546839
purpose,revol_bal,-0.07581724511479788,0.07581724511479788,0.013710899449129602,0.01788359269829698,0.0,0.0
purpose,revol_util,-0.11897065581339442,0.11897065581339442,0.013710899449129602,0.0695041062279028,0.0,0.08035092800650283
purpose,total_acc,-0.055228025485373505,0.055228025485373505,0.013710899449129602,0.01576646453997829,0.0,0.0009343131163546839
purpose,initial_list_status,-0.03998206948305765,0.03998206948305765,0.013710899449129602,0.06853737524962515,0.0,0.0
purpose,collections_12_mths_ex_med,0.0031260961251364967,0.0031260961251364967,0.013710899449129602,0.010052319750769608,0.0,0.006073035256305446
purpose,mths_since_last_major_derog,-0.012673331570403339,0.012673331570403339,0.013710899449129602,0.011389737904839171,0.0,73.97704392673117
purpose,tot_coll_amt,0.012786100517687329,0.012786100517687329,0.013710899449129602,0.0014739431011549038,0.0,3.3252203811063206
purpose,tot_cur_bal,-0.020880435946395687,0.020880435946395687,0.013710899449129602,0.05242633659939442,0.0,3.3252203811063206
purpose,open_acc_6m,0.007071875832946288,0.007071875832946288,0.013710899449129602,0.06072361227471765,0.0,40.420254039736335
purpose,open_act_il,-0.01266599391776176,0.01266599391776176,0.013710899449129602,0.008867686360924087,0.0,40.420254039736335
purpose,open_il_12m,0.028210407130549262,0.028210407130549262,0.013710899449129602,0.06051092067206702,0.0,40.420254039736335
purpose,open_il_24m,0.020811359458533716,0.020811359458533716,0.013710899449129602,0.06065785469677383,0.0,40.420254039736335
purpose,mths_since_rcnt_il,-0.017528638965492668,0.017528638965492668,0.013710899449129602,0.03242085839165458,0.0,42.30382928230738
purpose,total_bal_il,-0.007348086361093732,0.007348086361093732,0.013710899449129602,0.001994536754313803,0.0,40.420254039736335
purpose,il_util,0.010378976716713577,0.010378976716713577,0.013710899449129602,0.05888586629764154,0.0,48.95286857484549
purpose,open_rv_12m,-0.014843684062186939,0.014843684062186939,0.013710899449129602,0.05266258614741897,0.0,40.420254039736335
purpose,open_rv_24m,-0.028737240804706084,0.028737240804706084,0.013710899449129602,0.06912450757964811,0.0,40.420254039736335
purpose,max_bal_bc,-0.11410920206795983,0.11410920206795983,0.013710899449129602,0.03227602521276016,0.0,40.420254039736335
purpose,all_util,-0.06435751987354019,0.06435751987354019,0.013710899449129602,0.07383862685643393,0.0,40.42679423155082
purpose,total_rev_hi_lim,-0.056712492871399824,0.056712492871399824,0.013710899449129602,0.057416341220561884,0.0,3.3252203811063206
purpose,inq_fi,0.028662231349954506,0.028662231349954506,0.013710899449129602,0.0368309814014974,0.0,40.420254039736335
purpose,total_cu_tl,-0.0030129554873675095,0.0030129554873675095,0.013710899449129602,0.009299731041818318,0.0,40.420254039736335
purpose,inq_last_12m,0.030382823223533847,0.030382823223533847,0.013710899449129602,0.0637314488297478,0.0,40.420254039736335
purpose,acc_open_past_24mths,-0.006822113061941601,0.006822113061941601,0.013710899449129602,0.08867183834751817,0.0,2.3605420884701087
purpose,avg_cur_bal,0.008833513112109625,0.008833513112109625,0.013710899449129602,0.0562108691255464,0.0,3.32708900733903
purpose,bc_open_to_buy,-0.0002480738993666212,0.0002480738993666212,0.013710899449129602,0.08076668691943055,0.0,3.403702682880114
purpose,bc_util,-0.11249536558733376,0.11249536558733376,0.013710899449129602,0.0759460456775071,0.0,3.464900192001345
purpose,chargeoff_within_12_mths,0.003578943303715951,0.003578943303715951,0.013710899449129602,0.0021101943384776007,0.0,0.006073035256305446
purpose,delinq_amnt,0.0012719926460319645,0.0012719926460319645,0.013710899449129602,0.005947855837318468,0.0,0.0009343131163546839
purpose,mo_sin_old_il_acct,-0.021529876769055392,0.021529876769055392,0.013710899449129602,0.021217795594907888,0.0,6.365942418282638
purpose,mo_sin_old_rev_tl_op,-0.025884684774380846,0.025884684774380846,0.013710899449129602,0.0355852140960437,0.0,3.3252203811063206
purpose,mo_sin_rcnt_rev_tl_op,0.022109388878045137,0.022109388878045137,0.013710899449129602,0.051203064225407595,0.0,3.3252203811063206
purpose,mo_sin_rcnt_tl,-0.0005996442832422447,0.0005996442832422447,0.013710899449129602,0.053452195761061076,0.0,3.3252203811063206
purpose,mort_acc,-0.02679717362752722,0.02679717362752722,0.013710899449129602,0.03244640355720174,0.0,2.3605420884701087
purpose,mths_since_recent_bc,0.03159654203462985,0.03159654203462985,0.013710899449129602,0.043584474650737046,0.0,3.336899295060754
purpose,mths_since_recent_bc_dlq,-0.010501752158464434,0.010501752158464434,0.013710899449129602,0.003137939343701434,0.0,76.73980781179198
purpose,mths_since_recent_inq,-0.03358896443805959,0.03358896443805959,0.013710899449129602,0.05320449066537542,0.0,13.0799164724074
purpose,mths_since_recent_revol_delinq,-0.011785918630241051,0.011785918630241051,0.013710899449129602,0.006683612077262269,0.0,66.9785715286764
purpose,num_accts_ever_120_pd,0.035616582594365946,0.035616582594365946,0.013710899449129602,0.008479117803978793,0.0,3.3252203811063206
purpose,num_actv_bc_tl,-0.10701231601464124,0.10701231601464124,0.013710899449129602,0.023449703362199502,0.0,3.3252203811063206
purpose,num_actv_rev_tl,-0.10159084458923459,0.10159084458923459,0.013710899449129602,0.05073392113298021,0.0,3.3252203811063206
purpose,num_bc_sats,-0.08293275950409061,0.08293275950409061,0.013710899449129602,0.0042639641381768565,0.0,2.768836920317106
purpose,num_bc_tl,-0.07118679082187622,0.07118679082187622,0.013710899449129602,0.015581876085390736,0.0,3.3252203811063206
purpose,num_il_tl,-0.004932997310408254,0.004932997310408254,0.013710899449129602,0.01028170161323678,0.0,3.3252203811063206
purpose,num_op_rev_tl,-0.07551644097591372,0.07551644097591372,0.013710899449129602,0.023613697070117696,0.0,3.3252203811063206
purpose,num_rev_accts,-0.06706643676076751,0.06706643676076751,0.013710899449129602,0.02221329210148946,0.0,3.3252203811063206
purpose,num_rev_tl_bal_gt_0,-0.10189736357150658,0.10189736357150658,0.013710899449129602,0.05055527066899223,0.0,3.3252203811063206
purpose,num_sats,-0.06868527915866778,0.06868527915866778,0.013710899449129602,0.018432439266359544,0.0,2.768836920317106
purpose,num_tl_120dpd_2m,0.008723771004375182,0.008723771004375182,0.013710899449129602,0.0022468872711697264,0.0,7.126940451553529
purpose,num_tl_30dpd,0.006338935947076475,0.006338935947076475,0.013710899449129602,0.0047684994383403794,0.0,3.3252203811063206
purpose,num_tl_90g_dpd_24m,0.017178165449004048,0.017178165449004048,0.013710899449129602,0.012197969067421339,0.0,3.3252203811063206
purpose,num_tl_op_past_12m,0.008963975049204587,0.008963975049204587,0.013710899449129602,0.07721411715843976,0.0,3.3252203811063206
purpose,pct_tl_nvr_dlq,-0.056822825460837056,0.056822825460837056,0.013710899449129602,0.0037269775784282647,0.0,3.3308262598044482
purpose,percent_bc_gt_75,-0.08235093102742369,0.08235093102742369,0.013710899449129602,0.07830303392951792,0.0,3.4307977632543993
purpose,pub_rec_bankruptcies,-0.00028335779210354983,0.00028335779210354983,0.013710899449129602,0.021686175332832822,0.0,0.06867201405206927
purpose,tax_liens,0.014048620449877616,0.014048620449877616,0.013710899449129602,0.013644503499620549,0.0,0.0037372524654187356
purpose,tot_hi_cred_lim,-0.020501143721934543,0.020501143721934543,0.013710899449129602,0.061955101049037724,0.0,3.3252203811063206
purpose,total_bal_ex_mort,-0.03567922394252208,0.03567922394252208,0.013710899449129602,0.010337636565541718,0.0,2.3605420884701087
purpose,total_bc_limit,-0.07293343268697894,0.07293343268697894,0.013710899449129602,0.0727331430169503,0.0,2.3605420884701087
purpose,total_il_high_credit_limit,-0.003924278678754407,0.003924278678754407,0.013710899449129602,0.012103906507566485,0.0,3.3252203811063206
purpose,year_issued,0.0032562470403317313,0.0032562470403317313,0.013710899449129602,0.14600503649089677,0.0,0.0
title,zip_code,-0.006320968777310327,0.006320968777310327,0.02770941079607677,0.0006308825935882336,1.046430690317246,0.0
title,addr_state,0.0007765721101758382,0.0007765721101758382,0.02770941079607677,0.003552164236663896,1.046430690317246,0.0
title,dti,-0.051123865059982725,0.051123865059982725,0.02770941079607677,0.0782879675756435,1.046430690317246,0.0
title,delinq_2yrs,0.008360101220453707,0.008360101220453707,0.02770941079607677,0.01912274810175978,1.046430690317246,0.0009343131163546839
title,earliest_cr_line,0.0001620517705871081,0.0001620517705871081,0.02770941079607677,0.0010923947466905046,1.046430690317246,0.0009343131163546839
title,inq_last_6mths,0.045479697417373344,0.045479697417373344,0.02770941079607677,0.07884178945733766,1.046430690317246,0.0009343131163546839
title,mths_since_last_delinq,-0.00856170316134154,0.00856170316134154,0.02770941079607677,0.012972182863817254,1.046430690317246,50.893436917514165
title,mths_since_last_record,-0.004514856169688386,0.004514856169688386,0.02770941079607677,0.020270336049018945,1.046430690317246,84.01390257917136
title,open_acc,-0.061527703935231555,0.061527703935231555,0.02770941079607677,0.01776663231394419,1.046430690317246,0.0009343131163546839
title,pub_rec,-0.0010787429431413312,0.0010787429431413312,0.02770941079607677,0.02876278231859769,1.046430690317246,0.0009343131163546839
title,revol_bal,-0.06150886248147688,0.06150886248147688,0.02770941079607677,0.01788359269829698,1.046430690317246,0.0
title,revol_util,-0.05152862459172067,0.05152862459172067,0.02770941079607677,0.0695041062279028,1.046430690317246,0.08035092800650283
title,total_acc,-0.03174911253930329,0.03174911253930329,0.02770941079607677,0.01576646453997829,1.046430690317246,0.0009343131163546839
title,initial_list_status,-0.10313148386545186,0.10313148386545186,0.02770941079607677,0.06853737524962515,1.046430690317246,0.0
title,collections_12_mths_ex_med,-0.0015369899200259574,0.0015369899200259574,0.02770941079607677,0.010052319750769608,1.046430690317246,0.006073035256305446
title,mths_since_last_major_derog,-0.017548478680812548,0.017548478680812548,0.02770941079607677,0.011389737904839171,1.046430690317246,73.97704392673117
title,tot_coll_amt,0.005193739793046909,0.005193739793046909,0.02770941079607677,0.0014739431011549038,1.046430690317246,3.3252203811063206
title,tot_cur_bal,-0.020506593500126288,0.020506593500126288,0.02770941079607677,0.05242633659939442,1.046430690317246,3.3252203811063206
title,open_acc_6m,0.016975634961611613,0.016975634961611613,0.02770941079607677,0.06072361227471765,1.046430690317246,40.420254039736335
title,open_act_il,-0.020693524303995056,0.020693524303995056,0.02770941079607677,0.008867686360924087,1.046430690317246,40.420254039736335
title,open_il_12m,0.03150704113640045,0.03150704113640045,0.02770941079607677,0.06051092067206702,1.046430690317246,40.420254039736335
title,open_il_24m,0.024502725871944193,0.024502725871944193,0.02770941079607677,0.06065785469677383,1.046430690317246,40.420254039736335
title,mths_since_rcnt_il,-0.013797147582054489,0.013797147582054489,0.02770941079607677,0.03242085839165458,1.046430690317246,42.30382928230738
title,total_bal_il,-0.014067825067001383,0.014067825067001383,0.02770941079607677,0.001994536754313803,1.046430690317246,40.420254039736335
title,il_util,0.014325602497648684,0.014325602497648684,0.02770941079607677,0.05888586629764154,1.046430690317246,48.95286857484549
title,open_rv_12m,-0.0030960912421626767,0.0030960912421626767,0.02770941079607677,0.05266258614741897,1.046430690317246,40.420254039736335
title,open_rv_24m,-0.008627233818035408,0.008627233818035408,0.02770941079607677,0.06912450757964811,1.046430690317246,40.420254039736335
title,max_bal_bc,-0.09624082220264625,0.09624082220264625,0.02770941079607677,0.03227602521276016,1.046430690317246,40.420254039736335
title,all_util,-0.03452951493313787,0.03452951493313787,0.02770941079607677,0.07383862685643393,1.046430690317246,40.42679423155082
title,total_rev_hi_lim,-0.05887372857977634,0.05887372857977634,0.02770941079607677,0.057416341220561884,1.046430690317246,3.3252203811063206
title,inq_fi,0.02621100270947827,0.02621100270947827,0.02770941079607677,0.0368309814014974,1.046430690317246,40.420254039736335
title,total_cu_tl,0.008690068817153453,0.008690068817153453,0.02770941079607677,0.009299731041818318,1.046430690317246,40.420254039736335
title,inq_last_12m,0.03148655844439663,0.03148655844439663,0.02770941079607677,0.0637314488297478,1.046430690317246,40.420254039736335
title,acc_open_past_24mths,-0.005435687903228476,0.005435687903228476,0.02770941079607677,0.08867183834751817,1.046430690317246,2.3605420884701087
title,avg_cur_bal,0.0035733941189204153,0.0035733941189204153,0.02770941079607677,0.0562108691255464,1.046430690317246,3.32708900733903
title,bc_open_to_buy,-0.028318251217154214,0.028318251217154214,0.02770941079607677,0.08076668691943055,1.046430690317246,3.403702682880114
title,bc_util,-0.041794920559516564,0.041794920559516564,0.02770941079607677,0.0759460456775071,1.046430690317246,3.464900192001345
title,chargeoff_within_12_mths,-0.001099288587114017,0.001099288587114017,0.02770941079607677,0.0021101943384776007,1.046430690317246,0.006073035256305446
title,delinq_amnt,0.00406037153351241,0.00406037153351241,0.02770941079607677,0.005947855837318468,1.046430690317246,0.0009343131163546839
title,mo_sin_old_il_acct,-0.013215007438661493,0.013215007438661493,0.02770941079607677,0.021217795594907888,1.046430690317246,6.365942418282638
title,mo_sin_old_rev_tl_op,-0.008056943470430362,0.008056943470430362,0.02770941079607677,0.0355852140960437,1.046430690317246,3.3252203811063206
title,mo_sin_rcnt_rev_tl_op,0.007729138772120023,0.007729138772120023,0.02770941079607677,0.051203064225407595,1.046430690317246,3.3252203811063206
title,mo_sin_rcnt_tl,-0.0031105086340459955,0.0031105086340459955,0.02770941079607677,0.053452195761061076,1.046430690317246,3.3252203811063206
title,mort_acc,-0.0011743262267910647,0.0011743262267910647,0.02770941079607677,0.03244640355720174,1.046430690317246,2.3605420884701087
title,mths_since_recent_bc,0.021384119972639042,0.021384119972639042,0.02770941079607677,0.043584474650737046,1.046430690317246,3.336899295060754
title,mths_since_recent_bc_dlq,0.00019797687203934123,0.00019797687203934123,0.02770941079607677,0.003137939343701434,1.046430690317246,76.73980781179198
title,mths_since_recent_inq,-0.023468982526108816,0.023468982526108816,0.02770941079607677,0.05320449066537542,1.046430690317246,13.0799164724074
title,mths_since_recent_revol_delinq,-0.0047461109475806515,0.0047461109475806515,0.02770941079607677,0.006683612077262269,1.046430690317246,66.9785715286764
title,num_accts_ever_120_pd,0.017832184104713027,0.017832184104713027,0.02770941079607677,0.008479117803978793,1.046430690317246,3.3252203811063206
title,num_actv_bc_tl,-0.06899480554082212,0.06899480554082212,0.02770941079607677,0.023449703362199502,1.046430690317246,3.3252203811063206
title,num_actv_rev_tl,-0.053327502503284004,0.053327502503284004,0.02770941079607677,0.05073392113298021,1.046430690317246,3.3252203811063206
title,num_bc_sats,-0.06045388931576734,0.06045388931576734,0.02770941079607677,0.0042639641381768565,1.046430690317246,2.768836920317106
title,num_bc_tl,-0.028622915039036106,0.028622915039036106,0.02770941079607677,0.015581876085390736,1.046430690317246,3.3252203811063206
title,num_il_tl,-0.015100892040588018,0.015100892040588018,0.02770941079607677,0.01028170161323678,1.046430690317246,3.3252203811063206
title,num_op_rev_tl,-0.04458543100365073,0.04458543100365073,0.02770941079607677,0.023613697070117696,1.046430690317246,3.3252203811063206
title,num_rev_accts,-0.025609596013222276,0.025609596013222276,0.02770941079607677,0.02221329210148946,1.046430690317246,3.3252203811063206
title,num_rev_tl_bal_gt_0,-0.052772628833531045,0.052772628833531045,0.02770941079607677,0.05055527066899223,1.046430690317246,3.3252203811063206
title,num_sats,-0.0530643579287948,0.0530643579287948,0.02770941079607677,0.018432439266359544,1.046430690317246,2.768836920317106
title,num_tl_120dpd_2m,0.006381845490426296,0.006381845490426296,0.02770941079607677,0.0022468872711697264,1.046430690317246,7.126940451553529
title,num_tl_30dpd,0.008816774536080211,0.008816774536080211,0.02770941079607677,0.0047684994383403794,1.046430690317246,3.3252203811063206
title,num_tl_90g_dpd_24m,0.010480863287942555,0.010480863287942555,0.02770941079607677,0.012197969067421339,1.046430690317246,3.3252203811063206
title,num_tl_op_past_12m,0.005474239933303183,0.005474239933303183,0.02770941079607677,0.07721411715843976,1.046430690317246,3.3252203811063206
title,pct_tl_nvr_dlq,-0.03107678660546342,0.03107678660546342,0.02770941079607677,0.0037269775784282647,1.046430690317246,3.3308262598044482
title,percent_bc_gt_75,-0.021201234376598637,0.021201234376598637,0.02770941079607677,0.07830303392951792,1.046430690317246,3.4307977632543993
title,pub_rec_bankruptcies,-0.004494382898273104,0.004494382898273104,0.02770941079607677,0.021686175332832822,1.046430690317246,0.06867201405206927
title,tax_liens,0.0002684391958817378,0.0002684391958817378,0.02770941079607677,0.013644503499620549,1.046430690317246,0.0037372524654187356
title,tot_hi_cred_lim,-0.02341261881319438,0.02341261881319438,0.02770941079607677,0.061955101049037724,1.046430690317246,3.3252203811063206
title,total_bal_ex_mort,-0.05238925464047437,0.05238925464047437,0.02770941079607677,0.010337636565541718,1.046430690317246,2.3605420884701087
title,total_bc_limit,-0.0764182319860061,0.0764182319860061,0.02770941079607677,0.0727331430169503,1.046430690317246,2.3605420884701087
title,total_il_high_credit_limit,-0.030094832350184675,0.030094832350184675,0.02770941079607677,0.012103906507566485,1.046430690317246,3.3252203811063206
title,year_issued,-0.16361155781518033,0.16361155781518033,0.02770941079607677,0.14600503649089677,1.046430690317246,0.0
zip_code,addr_state,-0.24822826705113973,0.24822826705113973,0.0006308825935882336,0.003552164236663896,0.0,0.0
zip_code,dti,0.003985707100249866,0.003985707100249866,0.0006308825935882336,0.0782879675756435,0.0,0.0
zip_code,delinq_2yrs,-0.0338570208762949,0.0338570208762949,0.0006308825935882336,0.01912274810175978,0.0,0.0009343131163546839
zip_code,earliest_cr_line,-0.006062464757786262,0.006062464757786262,0.0006308825935882336,0.0010923947466905046,0.0,0.0009343131163546839
zip_code,inq_last_6mths,0.003944123303962985,0.003944123303962985,0.0006308825935882336,0.07884178945733766,0.0,0.0009343131163546839
zip_code,mths_since_last_delinq,0.046250288327757405,0.046250288327757405,0.0006308825935882336,0.012972182863817254,0.0,50.893436917514165
zip_code,mths_since_last_record,0.05726153753798511,0.05726153753798511,0.0006308825935882336,0.020270336049018945,0.0,84.01390257917136
zip_code,open_acc,-0.0439266710445963,0.0439266710445963,0.0006308825935882336,0.01776663231394419,0.0,0.0009343131163546839
zip_code,pub_rec,0.004811553846210088,0.004811553846210088,0.0006308825935882336,0.02876278231859769,0.0,0.0009343131163546839
zip_code,revol_bal,-0.01978186302275189,0.01978186302275189,0.0006308825935882336,0.01788359269829698,0.0,0.0
zip_code,revol_util,0.007750595750946862,0.007750595750946862,0.0006308825935882336,0.0695041062279028,0.0,0.08035092800650283
zip_code,total_acc,-0.016768550301551045,0.016768550301551045,0.0006308825935882336,0.01576646453997829,0.0,0.0009343131163546839
zip_code,initial_list_status,-0.00610992772607817,0.00610992772607817,0.0006308825935882336,0.06853737524962515,0.0,0.0
zip_code,collections_12_mths_ex_med,-0.0043173792676536316,0.0043173792676536316,0.0006308825935882336,0.010052319750769608,0.0,0.006073035256305446
zip_code,mths_since_last_major_derog,0.047615951184761196,0.047615951184761196,0.0006308825935882336,0.011389737904839171,0.0,73.97704392673117
zip_code,tot_coll_amt,0.017388495872524102,0.017388495872524102,0.0006308825935882336,0.0014739431011549038,0.0,3.3252203811063206
zip_code,tot_cur_bal,0.009856335957798737,0.009856335957798737,0.0006308825935882336,0.05242633659939442,0.0,3.3252203811063206
zip_code,open_acc_6m,-0.0015337848901384732,0.0015337848901384732,0.0006308825935882336,0.06072361227471765,0.0,40.420254039736335
zip_code,open_act_il,-0.019466584669358168,0.019466584669358168,0.0006308825935882336,0.008867686360924087,0.0,40.420254039736335
zip_code,open_il_12m,0.020477008789715145,0.020477008789715145,0.0006308825935882336,0.06051092067206702,0.0,40.420254039736335
zip_code,open_il_24m,0.03511497249395922,0.03511497249395922,0.0006308825935882336,0.06065785469677383,0.0,40.420254039736335
zip_code,mths_since_rcnt_il,-0.018204078184252,0.018204078184252,0.0006308825935882336,0.03242085839165458,0.0,42.30382928230738
zip_code,total_bal_il,0.008166556693855026,0.008166556693855026,0.0006308825935882336,0.001994536754313803,0.0,40.420254039736335
zip_code,il_util,0.00928539629846411,0.00928539629846411,0.0006308825935882336,0.05888586629764154,0.0,48.95286857484549
zip_code,open_rv_12m,-0.02086989379105903,0.02086989379105903,0.0006308825935882336,0.05266258614741897,0.0,40.420254039736335
zip_code,open_rv_24m,-0.022666394543052252,0.022666394543052252,0.0006308825935882336,0.06912450757964811,0.0,40.420254039736335
zip_code,max_bal_bc,9.111155334050094e-05,9.111155334050094e-05,0.0006308825935882336,0.03227602521276016,0.0,40.420254039736335
zip_code,all_util,0.004987779806134782,0.004987779806134782,0.0006308825935882336,0.07383862685643393,0.0,40.42679423155082
zip_code,total_rev_hi_lim,-0.025461453863442108,0.025461453863442108,0.0006308825935882336,0.057416341220561884,0.0,3.3252203811063206
zip_code,inq_fi,0.010192197383606168,0.010192197383606168,0.0006308825935882336,0.0368309814014974,0.0,40.420254039736335
zip_code,total_cu_tl,0.0829236787635598,0.0829236787635598,0.0006308825935882336,0.009299731041818318,0.0,40.420254039736335
zip_code,inq_last_12m,0.014142191420849586,0.014142191420849586,0.0006308825935882336,0.0637314488297478,0.0,40.420254039736335
zip_code,acc_open_past_24mths,0.0047688508835273145,0.0047688508835273145,0.0006308825935882336,0.08867183834751817,0.0,2.3605420884701087
zip_code,avg_cur_bal,0.026630922784603318,0.026630922784603318,0.0006308825935882336,0.0562108691255464,0.0,3.32708900733903
zip_code,bc_open_to_buy,-0.015136952712778779,0.015136952712778779,0.0006308825935882336,0.08076668691943055,0.0,3.403702682880114
zip_code,bc_util,0.009191227246529954,0.009191227246529954,0.0006308825935882336,0.0759460456775071,0.0,3.464900192001345
zip_code,chargeoff_within_12_mths,-0.006114016636117805,0.006114016636117805,0.0006308825935882336,0.0021101943384776007,0.0,0.006073035256305446
zip_code,delinq_amnt,-0.004130285845448225,0.004130285845448225,0.0006308825935882336,0.005947855837318468,0.0,0.0009343131163546839
zip_code,mo_sin_old_il_acct,-0.004383888948441655,0.004383888948441655,0.0006308825935882336,0.021217795594907888,0.0,6.365942418282638
zip_code,mo_sin_old_rev_tl_op,-0.006974797712880635,0.006974797712880635,0.0006308825935882336,0.0355852140960437,0.0,3.3252203811063206
zip_code,mo_sin_rcnt_rev_tl_op,0.006655935164572329,0.006655935164572329,0.0006308825935882336,0.051203064225407595,0.0,3.3252203811063206
zip_code,mo_sin_rcnt_tl,-0.005428922458650515,0.005428922458650515,0.0006308825935882336,0.053452195761061076,0.0,3.3252203811063206
zip_code,mort_acc,0.01895703207675256,0.01895703207675256,0.0006308825935882336,0.03244640355720174,0.0,2.3605420884701087
zip_code,mths_since_recent_bc,0.010423847548863026,0.010423847548863026,0.0006308825935882336,0.043584474650737046,0.0,3.336899295060754
zip_code,mths_since_recent_bc_dlq,0.028871332125506056,0.028871332125506056,0.0006308825935882336,0.003137939343701434,0.0,76.73980781179198
zip_code,mths_since_recent_inq,-0.01148193156541701,0.01148193156541701,0.0006308825935882336,0.05320449066537542,0.0,13.0799164724074
zip_code,mths_since_recent_revol_delinq,0.03546238869857478,0.03546238869857478,0.0006308825935882336,0.006683612077262269,0.0,66.9785715286764
zip_code,num_accts_ever_120_pd,-0.007329766356345302,0.007329766356345302,0.0006308825935882336,0.008479117803978793,0.0,3.3252203811063206
zip_code,num_actv_bc_tl,-0.03548834464713493,0.03548834464713493,0.0006308825935882336,0.023449703362199502,0.0,3.3252203811063206
zip_code,num_actv_rev_tl,-0.03657307501133528,0.03657307501133528,0.0006308825935882336,0.05073392113298021,0.0,3.3252203811063206
zip_code,num_bc_sats,-0.03369513222907236,0.03369513222907236,0.0006308825935882336,0.0042639641381768565,0.0,2.768836920317106
zip_code,num_bc_tl,-0.045598439762379386,0.045598439762379386,0.0006308825935882336,0.015581876085390736,0.0,3.3252203811063206
zip_code,num_il_tl,0.01600439213323673,0.01600439213323673,0.0006308825935882336,0.01028170161323678,0.0,3.3252203811063206
zip_code,num_op_rev_tl,-0.03635247766904329,0.03635247766904329,0.0006308825935882336,0.023613697070117696,0.0,3.3252203811063206
zip_code,num_rev_accts,-0.04203256394247848,0.04203256394247848,0.0006308825935882336,0.02221329210148946,0.0,3.3252203811063206
zip_code,num_rev_tl_bal_gt_0,-0.03760159992770924,0.03760159992770924,0.0006308825935882336,0.05055527066899223,0.0,3.3252203811063206
zip_code,num_sats,-0.04436455476213913,0.04436455476213913,0.0006308825935882336,0.018432439266359544,0.0,2.768836920317106
zip_code,num_tl_120dpd_2m,0.0015335068824059266,0.0015335068824059266,0.0006308825935882336,0.0022468872711697264,0.0,7.126940451553529
zip_code,num_tl_30dpd,-0.006457005287206313,0.006457005287206313,0.0006308825935882336,0.0047684994383403794,0.0,3.3252203811063206
zip_code,num_tl_90g_dpd_24m,-0.015142457359276775,0.015142457359276775,0.0006308825935882336,0.012197969067421339,0.0,3.3252203811063206
zip_code,num_tl_op_past_12m,-7.691178013949633e-05,7.691178013949633e-05,0.0006308825935882336,0.07721411715843976,0.0,3.3252203811063206
zip_code,pct_tl_nvr_dlq,0.03144450903905319,0.03144450903905319,0.0006308825935882336,0.0037269775784282647,0.0,3.3308262598044482
zip_code,percent_bc_gt_75,0.006303985303788114,0.006303985303788114,0.0006308825935882336,0.07830303392951792,0.0,3.4307977632543993
zip_code,pub_rec_bankruptcies,0.028704395748398986,0.028704395748398986,0.0006308825935882336,0.021686175332832822,0.0,0.06867201405206927
zip_code,tax_liens,-0.009971281023795802,0.009971281023795802,0.0006308825935882336,0.013644503499620549,0.0,0.0037372524654187356
zip_code,tot_hi_cred_lim,0.002524264749178419,0.002524264749178419,0.0006308825935882336,0.061955101049037724,0.0,3.3252203811063206
zip_code,total_bal_ex_mort,-0.005290635155292663,0.005290635155292663,0.0006308825935882336,0.010337636565541718,0.0,2.3605420884701087
zip_code,total_bc_limit,-0.02047327666864502,0.02047327666864502,0.0006308825935882336,0.0727331430169503,0.0,2.3605420884701087
zip_code,total_il_high_credit_limit,0.007913217192999655,0.007913217192999655,0.0006308825935882336,0.012103906507566485,0.0,3.3252203811063206
zip_code,year_issued,-0.0077608447193038355,0.0077608447193038355,0.0006308825935882336,0.14600503649089677,0.0,0.0
addr_state,dti,0.04106564398184337,0.04106564398184337,0.003552164236663896,0.0782879675756435,0.0,0.0
addr_state,delinq_2yrs,0.01170412639217351,0.01170412639217351,0.003552164236663896,0.01912274810175978,0.0,0.0009343131163546839
addr_state,earliest_cr_line,0.0024678210916723206,0.0024678210916723206,0.003552164236663896,0.0010923947466905046,0.0,0.0009343131163546839
addr_state,inq_last_6mths,0.001156422324393234,0.001156422324393234,0.003552164236663896,0.07884178945733766,0.0,0.0009343131163546839
addr_state,mths_since_last_delinq,-0.01787619365624447,0.01787619365624447,0.003552164236663896,0.012972182863817254,0.0,50.893436917514165
addr_state,mths_since_last_record,-0.031246788571308956,0.031246788571308956,0.003552164236663896,0.020270336049018945,0.0,84.01390257917136
addr_state,open_acc,0.019299522982679077,0.019299522982679077,0.003552164236663896,0.01776663231394419,0.0,0.0009343131163546839
addr_state,pub_rec,-0.02531252560282018,0.02531252560282018,0.003552164236663896,0.02876278231859769,0.0,0.0009343131163546839
addr_state,revol_bal,0.002807150191580747,0.002807150191580747,0.003552164236663896,0.01788359269829698,0.0,0.0
addr_state,revol_util,0.014134049070309981,0.014134049070309981,0.003552164236663896,0.0695041062279028,0.0,0.08035092800650283
addr_state,total_acc,0.042383331110615534,0.042383331110615534,0.003552164236663896,0.01576646453997829,0.0,0.0009343131163546839
addr_state,initial_list_status,-0.000504642614107071,0.000504642614107071,0.003552164236663896,0.06853737524962515,0.0,0.0
addr_state,collections_12_mths_ex_med,0.006437596472905135,0.006437596472905135,0.003552164236663896,0.010052319750769608,0.0,0.006073035256305446
addr_state,mths_since_last_major_derog,-0.01988046261323774,0.01988046261323774,0.003552164236663896,0.011389737904839171,0.0,73.97704392673117
addr_state,tot_coll_amt,-0.00038590174930803583,0.00038590174930803583,0.003552164236663896,0.0014739431011549038,0.0,3.3252203811063206
addr_state,tot_cur_bal,-0.012534521719885543,0.012534521719885543,0.003552164236663896,0.05242633659939442,0.0,3.3252203811063206
addr_state,open_acc_6m,0.004906871874671088,0.004906871874671088,0.003552164236663896,0.06072361227471765,0.0,40.420254039736335
addr_state,open_act_il,0.02374012794571444,0.02374012794571444,0.003552164236663896,0.008867686360924087,0.0,40.420254039736335
addr_state,open_il_12m,0.016212302306298873,0.016212302306298873,0.003552164236663896,0.06051092067206702,0.0,40.420254039736335
addr_state,open_il_24m,0.021282208664920525,0.021282208664920525,0.003552164236663896,0.06065785469677383,0.0,40.420254039736335
addr_state,mths_since_rcnt_il,-0.013883596258735299,0.013883596258735299,0.003552164236663896,0.03242085839165458,0.0,42.30382928230738
addr_state,total_bal_il,0.011766870226569063,0.011766870226569063,0.003552164236663896,0.001994536754313803,0.0,40.420254039736335
addr_state,il_util,-0.0009155127505836411,0.0009155127505836411,0.003552164236663896,0.05888586629764154,0.0,48.95286857484549
addr_state,open_rv_12m,-0.0067655178261045185,0.0067655178261045185,0.003552164236663896,0.05266258614741897,0.0,40.420254039736335
addr_state,open_rv_24m,-0.008376968044130429,0.008376968044130429,0.003552164236663896,0.06912450757964811,0.0,40.420254039736335
addr_state,max_bal_bc,0.004244027325587231,0.004244027325587231,0.003552164236663896,0.03227602521276016,0.0,40.420254039736335
addr_state,all_util,0.015770606205957285,0.015770606205957285,0.003552164236663896,0.07383862685643393,0.0,40.42679423155082
addr_state,total_rev_hi_lim,2.9949940626981674e-05,2.9949940626981674e-05,0.003552164236663896,0.057416341220561884,0.0,3.3252203811063206
addr_state,inq_fi,-0.0013725114810444138,0.0013725114810444138,0.003552164236663896,0.0368309814014974,0.0,40.420254039736335
addr_state,total_cu_tl,0.0319121902698145,0.0319121902698145,0.003552164236663896,0.009299731041818318,0.0,40.420254039736335
addr_state,inq_last_12m,-0.0051363772742045654,0.0051363772742045654,0.003552164236663896,0.0637314488297478,0.0,40.420254039736335
addr_state,acc_open_past_24mths,0.00808094066779883,0.00808094066779883,0.003552164236663896,0.08867183834751817,0.0,2.3605420884701087
addr_state,avg_cur_bal,-0.01855845457662243,0.01855845457662243,0.003552164236663896,0.0562108691255464,0.0,3.32708900733903
addr_state,bc_open_to_buy,-0.0067609795618662994,0.0067609795618662994,0.003552164236663896,0.08076668691943055,0.0,3.403702682880114
addr_state,bc_util,0.013876236334669988,0.013876236334669988,0.003552164236663896,0.0759460456775071,0.0,3.464900192001345
addr_state,chargeoff_within_12_mths,0.0010003169047072202,0.0010003169047072202,0.003552164236663896,0.0021101943384776007,0.0,0.006073035256305446
addr_state,delinq_amnt,0.00437426436106972,0.00437426436106972,0.003552164236663896,0.005947855837318468,0.0,0.0009343131163546839
addr_state,mo_sin_old_il_acct,0.03484997290905886,0.03484997290905886,0.003552164236663896,0.021217795594907888,0.0,6.365942418282638
addr_state,mo_sin_old_rev_tl_op,0.0034825682803505406,0.0034825682803505406,0.003552164236663896,0.0355852140960437,0.0,3.3252203811063206
addr_state,mo_sin_rcnt_rev_tl_op,0.006136374383135537,0.006136374383135537,0.003552164236663896,0.051203064225407595,0.0,3.3252203811063206
addr_state,mo_sin_rcnt_tl,-0.0011126742974909003,0.0011126742974909003,0.003552164236663896,0.053452195761061076,0.0,3.3252203811063206
addr_state,mort_acc,0.01802203837781743,0.01802203837781743,0.003552164236663896,0.03244640355720174,0.0,2.3605420884701087
addr_state,mths_since_recent_bc,0.013864399223059508,0.013864399223059508,0.003552164236663896,0.043584474650737046,0.0,3.336899295060754
addr_state,mths_since_recent_bc_dlq,-0.014997564862235808,0.014997564862235808,0.003552164236663896,0.003137939343701434,0.0,76.73980781179198
addr_state,mths_since_recent_inq,0.010480289831328307,0.010480289831328307,0.003552164236663896,0.05320449066537542,0.0,13.0799164724074
addr_state,mths_since_recent_revol_delinq,-0.018267384640011434,0.018267384640011434,0.003552164236663896,0.006683612077262269,0.0,66.9785715286764
addr_state,num_accts_ever_120_pd,-0.015194753012715344,0.015194753012715344,0.003552164236663896,0.008479117803978793,0.0,3.3252203811063206
addr_state,num_actv_bc_tl,-0.010540004915495548,0.010540004915495548,0.003552164236663896,0.023449703362199502,0.0,3.3252203811063206
addr_state,num_actv_rev_tl,0.0024724006667124284,0.0024724006667124284,0.003552164236663896,0.05073392113298021,0.0,3.3252203811063206
addr_state,num_bc_sats,-0.011983492793019477,0.011983492793019477,0.003552164236663896,0.0042639641381768565,0.0,2.768836920317106
addr_state,num_bc_tl,-0.00580615869157271,0.00580615869157271,0.003552164236663896,0.015581876085390736,0.0,3.3252203811063206
addr_state,num_il_tl,0.05704574727786384,0.05704574727786384,0.003552164236663896,0.01028170161323678,0.0,3.3252203811063206
addr_state,num_op_rev_tl,0.002292710721049071,0.002292710721049071,0.003552164236663896,0.023613697070117696,0.0,3.3252203811063206
addr_state,num_rev_accts,0.005485406671318755,0.005485406671318755,0.003552164236663896,0.02221329210148946,0.0,3.3252203811063206
addr_state,num_rev_tl_bal_gt_0,0.0023992773322936635,0.0023992773322936635,0.003552164236663896,0.05055527066899223,0.0,3.3252203811063206
addr_state,num_sats,0.018749382468769903,0.018749382468769903,0.003552164236663896,0.018432439266359544,0.0,2.768836920317106
addr_state,num_tl_120dpd_2m,-0.001786777674020852,0.001786777674020852,0.003552164236663896,0.0022468872711697264,0.0,7.126940451553529
addr_state,num_tl_30dpd,0.001933136287176057,0.001933136287176057,0.003552164236663896,0.0047684994383403794,0.0,3.3252203811063206
addr_state,num_tl_90g_dpd_24m,0.0015805756857361277,0.0015805756857361277,0.003552164236663896,0.012197969067421339,0.0,3.3252203811063206
addr_state,num_tl_op_past_12m,0.0039710112797407115,0.0039710112797407115,0.003552164236663896,0.07721411715843976,0.0,3.3252203811063206
addr_state,pct_tl_nvr_dlq,0.0031487482152273904,0.0031487482152273904,0.003552164236663896,0.0037269775784282647,0.0,3.3308262598044482
addr_state,percent_bc_gt_75,0.016722909314832682,0.016722909314832682,0.003552164236663896,0.07830303392951792,0.0,3.4307977632543993
addr_state,pub_rec_bankruptcies,-0.044130616630513084,0.044130616630513084,0.003552164236663896,0.021686175332832822,0.0,0.06867201405206927
addr_state,tax_liens,-0.006245883236314255,0.006245883236314255,0.003552164236663896,0.013644503499620549,0.0,0.0037372524654187356
addr_state,tot_hi_cred_lim,-0.009737911514166782,0.009737911514166782,0.003552164236663896,0.061955101049037724,0.0,3.3252203811063206
addr_state,total_bal_ex_mort,0.011269502319681449,0.011269502319681449,0.003552164236663896,0.010337636565541718,0.0,2.3605420884701087
addr_state,total_bc_limit,-0.0012316827881462924,0.0012316827881462924,0.003552164236663896,0.0727331430169503,0.0,2.3605420884701087
addr_state,total_il_high_credit_limit,0.017377747885578797,0.017377747885578797,0.003552164236663896,0.012103906507566485,0.0,3.3252203811063206
addr_state,year_issued,-0.0007507683366693533,0.0007507683366693533,0.003552164236663896,0.14600503649089677,0.0,0.0
dti,delinq_2yrs,-0.013999822126725627,0.013999822126725627,0.0782879675756435,0.01912274810175978,0.0,0.0009343131163546839
dti,earliest_cr_line,0.001957361535127389,0.001957361535127389,0.0782879675756435,0.0010923947466905046,0.0,0.0009343131163546839
dti,inq_last_6mths,-0.005225830135596875,0.005225830135596875,0.0782879675756435,0.07884178945733766,0.0,0.0009343131163546839
dti,mths_since_last_delinq,0.015879748429976612,0.015879748429976612,0.0782879675756435,0.012972182863817254,0.0,50.893436917514165
dti,mths_since_last_record,0.07627484993503048,0.07627484993503048,0.0782879675756435,0.020270336049018945,0.0,84.01390257917136
dti,open_acc,0.30802297397220063,0.30802297397220063,0.0782879675756435,0.01776663231394419,0.0,0.0009343131163546839
dti,pub_rec,-0.037994601711017616,0.037994601711017616,0.0782879675756435,0.02876278231859769,0.0,0.0009343131163546839
dti,revol_bal,0.15137320047368552,0.15137320047368552,0.0782879675756435,0.01788359269829698,0.0,0.0
dti,revol_util,0.17948007724973497,0.17948007724973497,0.0782879675756435,0.0695041062279028,0.0,0.08035092800650283
dti,total_acc,0.24727517484629946,0.24727517484629946,0.0782879675756435,0.01576646453997829,0.0,0.0009343131163546839
dti,initial_list_status,0.00018316708779772574,0.00018316708779772574,0.0782879675756435,0.06853737524962515,0.0,0.0
dti,collections_12_mths_ex_med,-0.003794246789442558,0.003794246789442558,0.0782879675756435,0.010052319750769608,0.0,0.006073035256305446
dti,mths_since_last_major_derog,0.02879301973135136,0.02879301973135136,0.0782879675756435,0.011389737904839171,0.0,73.97704392673117
dti,tot_coll_amt,-0.01991476204582378,0.01991476204582378,0.0782879675756435,0.0014739431011549038,0.0,3.3252203811063206
dti,tot_cur_bal,0.010831598625040855,0.010831598625040855,0.0782879675756435,0.05242633659939442,0.0,3.3252203811063206
dti,open_acc_6m,0.03309174790856996,0.03309174790856996,0.0782879675756435,0.06072361227471765,0.0,40.420254039736335
dti,open_act_il,0.27607257727672346,0.27607257727672346,0.0782879675756435,0.008867686360924087,0.0,40.420254039736335
dti,open_il_12m,0.17710518243359638,0.17710518243359638,0.0782879675756435,0.06051092067206702,0.0,40.420254039736335
dti,open_il_24m,0.2565785511206993,0.2565785511206993,0.0782879675756435,0.06065785469677383,0.0,40.420254039736335
dti,mths_since_rcnt_il,-0.25816864490315866,0.25816864490315866,0.0782879675756435,0.03242085839165458,0.0,42.30382928230738
dti,total_bal_il,0.26524091088017643,0.26524091088017643,0.0782879675756435,0.001994536754313803,0.0,40.420254039736335
dti,il_util,-0.020117022135519143,0.020117022135519143,0.0782879675756435,0.05888586629764154,0.0,48.95286857484549
dti,open_rv_12m,-0.0062888979224200526,0.0062888979224200526,0.0782879675756435,0.05266258614741897,0.0,40.420254039736335
dti,open_rv_24m,0.022284735224488927,0.022284735224488927,0.0782879675756435,0.06912450757964811,0.0,40.420254039736335
dti,max_bal_bc,0.1290915609790997,0.1290915609790997,0.0782879675756435,0.03227602521276016,0.0,40.420254039736335
dti,all_util,0.2161501749939368,0.2161501749939368,0.0782879675756435,0.07383862685643393,0.0,40.42679423155082
dti,total_rev_hi_lim,0.09705009998568351,0.09705009998568351,0.0782879675756435,0.057416341220561884,0.0,3.3252203811063206
dti,inq_fi,0.0800697647339955,0.0800697647339955,0.0782879675756435,0.0368309814014974,0.0,40.420254039736335
dti,total_cu_tl,0.1273436103408624,0.1273436103408624,0.0782879675756435,0.009299731041818318,0.0,40.420254039736335
dti,inq_last_12m,0.03457814326989223,0.03457814326989223,0.0782879675756435,0.0637314488297478,0.0,40.420254039736335
dti,acc_open_past_24mths,0.14341480772098164,0.14341480772098164,0.0782879675756435,0.08867183834751817,0.0,2.3605420884701087
dti,avg_cur_bal,-0.1163157306380923,0.1163157306380923,0.0782879675756435,0.0562108691255464,0.0,3.32708900733903
dti,bc_open_to_buy,-0.06054562828017696,0.06054562828017696,0.0782879675756435,0.08076668691943055,0.0,3.403702682880114
dti,bc_util,0.18804869927247977,0.18804869927247977,0.0782879675756435,0.0759460456775071,0.0,3.464900192001345
dti,chargeoff_within_12_mths,-0.0020765628348715904,0.0020765628348715904,0.0782879675756435,0.0021101943384776007,0.0,0.006073035256305446
dti,delinq_amnt,-0.0007227996368000083,0.0007227996368000083,0.0782879675756435,0.005947855837318468,0.0,0.0009343131163546839
dti,mo_sin_old_il_acct,0.06668771418187362,0.06668771418187362,0.0782879675756435,0.021217795594907888,0.0,6.365942418282638
dti,mo_sin_old_rev_tl_op,0.06471688438231628,0.06471688438231628,0.0782879675756435,0.0355852140960437,0.0,3.3252203811063206
dti,mo_sin_rcnt_rev_tl_op,-0.02116724979452574,0.02116724979452574,0.0782879675756435,0.051203064225407595,0.0,3.3252203811063206
dti,mo_sin_rcnt_tl,-0.09310200596765086,0.09310200596765086,0.0782879675756435,0.053452195761061076,0.0,3.3252203811063206
dti,mort_acc,-0.024502733092599024,0.024502733092599024,0.0782879675756435,0.03244640355720174,0.0,2.3605420884701087
dti,mths_since_recent_bc,-0.0024582893021559858,0.0024582893021559858,0.0782879675756435,0.043584474650737046,0.0,3.336899295060754
dti,mths_since_recent_bc_dlq,0.01853395806857761,0.01853395806857761,0.0782879675756435,0.003137939343701434,0.0,76.73980781179198
dti,mths_since_recent_inq,0.008537967705216235,0.008537967705216235,0.0782879675756435,0.05320449066537542,0.0,13.0799164724074
dti,mths_since_recent_revol_delinq,0.008344227486532595,0.008344227486532595,0.0782879675756435,0.006683612077262269,0.0,66.9785715286764
dti,num_accts_ever_120_pd,-0.04272965837261063,0.04272965837261063,0.0782879675756435,0.008479117803978793,0.0,3.3252203811063206
dti,num_actv_bc_tl,0.1893863544871766,0.1893863544871766,0.0782879675756435,0.023449703362199502,0.0,3.3252203811063206
dti,num_actv_rev_tl,0.26707748392399355,0.26707748392399355,0.0782879675756435,0.05073392113298021,0.0,3.3252203811063206
dti,num_bc_sats,0.1273415656448812,0.1273415656448812,0.0782879675756435,0.0042639641381768565,0.0,2.768836920317106
dti,num_bc_tl,0.0980681716939771,0.0980681716939771,0.0782879675756435,0.015581876085390736,0.0,3.3252203811063206
dti,num_il_tl,0.23906646124065412,0.23906646124065412,0.0782879675756435,0.01028170161323678,0.0,3.3252203811063206
dti,num_op_rev_tl,0.19517976639983808,0.19517976639983808,0.0782879675756435,0.023613697070117696,0.0,3.3252203811063206
dti,num_rev_accts,0.15580775549840784,0.15580775549840784,0.0782879675756435,0.02221329210148946,0.0,3.3252203811063206
dti,num_rev_tl_bal_gt_0,0.26940030725968017,0.26940030725968017,0.0782879675756435,0.05055527066899223,0.0,3.3252203811063206
dti,num_sats,0.30343974066767193,0.30343974066767193,0.0782879675756435,0.018432439266359544,0.0,2.768836920317106
dti,num_tl_120dpd_2m,-0.002380166198244689,0.002380166198244689,0.0782879675756435,0.0022468872711697264,0.0,7.126940451553529
dti,num_tl_30dpd,0.007718694136431698,0.007718694136431698,0.0782879675756435,0.0047684994383403794,0.0,3.3252203811063206
dti,num_tl_90g_dpd_24m,-0.016427067711170987,0.016427067711170987,0.0782879675756435,0.012197969067421339,0.0,3.3252203811063206
dti,num_tl_op_past_12m,0.07982676062370647,0.07982676062370647,0.0782879675756435,0.07721411715843976,0.0,3.3252203811063206
dti,pct_tl_nvr_dlq,0.10427071735026552,0.10427071735026552,0.0782879675756435,0.0037269775784282647,0.0,3.3308262598044482
dti,percent_bc_gt_75,0.16879779462816846,0.16879779462816846,0.0782879675756435,0.07830303392951792,0.0,3.4307977632543993
dti,pub_rec_bankruptcies,-0.0240815678564524,0.0240815678564524,0.0782879675756435,0.021686175332832822,0.0,0.06867201405206927
dti,tax_liens,-0.02609434417174219,0.02609434417174219,0.0782879675756435,0.013644503499620549,0.0,0.0037372524654187356
dti,tot_hi_cred_lim,0.02613767556590915,0.02613767556590915,0.0782879675756435,0.061955101049037724,0.0,3.3252203811063206
dti,total_bal_ex_mort,0.29097192670915195,0.29097192670915195,0.0782879675756435,0.010337636565541718,0.0,2.3605420884701087
dti,total_bc_limit,0.054165192337600684,0.054165192337600684,0.0782879675756435,0.0727331430169503,0.0,2.3605420884701087
dti,total_il_high_credit_limit,0.3314786589709145,0.3314786589709145,0.0782879675756435,0.012103906507566485,0.0,3.3252203811063206
dti,year_issued,0.030193853284945348,0.030193853284945348,0.0782879675756435,0.14600503649089677,0.0,0.0
delinq_2yrs,earliest_cr_line,-0.003729862087982035,0.003729862087982035,0.01912274810175978,0.0010923947466905046,0.0009343131163546839,0.0009343131163546839
delinq_2yrs,inq_last_6mths,0.021347534256323634,0.021347534256323634,0.01912274810175978,0.07884178945733766,0.0009343131163546839,0.0009343131163546839
delinq_2yrs,mths_since_last_delinq,-0.5503609169976142,0.5503609169976142,0.01912274810175978,0.012972182863817254,0.0009343131163546839,50.893436917514165
delinq_2yrs,mths_since_last_record,-0.081890487774759,0.081890487774759,0.01912274810175978,0.020270336049018945,0.0009343131163546839,84.01390257917136
delinq_2yrs,open_acc,0.048901704350034776,0.048901704350034776,0.01912274810175978,0.01776663231394419,0.0009343131163546839,0.0009343131163546839
delinq_2yrs,pub_rec,-0.019847199210011185,0.019847199210011185,0.01912274810175978,0.02876278231859769,0.0009343131163546839,0.0009343131163546839
delinq_2yrs,revol_bal,-0.02498762719228715,0.02498762719228715,0.01912274810175978,0.01788359269829698,0.0009343131163546839,0.0
delinq_2yrs,revol_util,-0.0014336778803221658,0.0014336778803221658,0.01912274810175978,0.0695041062279028,0.0009343131163546839,0.08035092800650283
delinq_2yrs,total_acc,0.11885341171948806,0.11885341171948806,0.01912274810175978,0.01576646453997829,0.0009343131163546839,0.0009343131163546839
delinq_2yrs,initial_list_status,-0.004182783111286702,0.004182783111286702,0.01912274810175978,0.06853737524962515,0.0009343131163546839,0.0
delinq_2yrs,collections_12_mths_ex_med,0.060269601479359315,0.060269601479359315,0.01912274810175978,0.010052319750769608,0.0009343131163546839,0.006073035256305446
delinq_2yrs,mths_since_last_major_derog,-0.4350414345775272,0.4350414345775272,0.01912274810175978,0.011389737904839171,0.0009343131163546839,73.97704392673117
delinq_2yrs,tot_coll_amt,0.0011222740712150115,0.0011222740712150115,0.01912274810175978,0.0014739431011549038,0.0009343131163546839,3.3252203811063206
delinq_2yrs,tot_cur_bal,0.060450925840706236,0.060450925840706236,0.01912274810175978,0.05242633659939442,0.0009343131163546839,3.3252203811063206
delinq_2yrs,open_acc_6m,0.003162584306991874,0.003162584306991874,0.01912274810175978,0.06072361227471765,0.0009343131163546839,40.420254039736335
delinq_2yrs,open_act_il,0.05738903995518379,0.05738903995518379,0.01912274810175978,0.008867686360924087,0.0009343131163546839,40.420254039736335
delinq_2yrs,open_il_12m,-0.004926832457640281,0.004926832457640281,0.01912274810175978,0.06051092067206702,0.0009343131163546839,40.420254039736335
delinq_2yrs,open_il_24m,-0.02128648012704856,0.02128648012704856,0.01912274810175978,0.06065785469677383,0.0009343131163546839,40.420254039736335
delinq_2yrs,mths_since_rcnt_il,0.009756010673346312,0.009756010673346312,0.01912274810175978,0.03242085839165458,0.0009343131163546839,42.30382928230738
delinq_2yrs,total_bal_il,0.046910716520794524,0.046910716520794524,0.01912274810175978,0.001994536754313803,0.0009343131163546839,40.420254039736335
delinq_2yrs,il_util,-0.0023294235992091044,0.0023294235992091044,0.01912274810175978,0.05888586629764154,0.0009343131163546839,48.95286857484549
delinq_2yrs,open_rv_12m,-0.021358689383285567,0.021358689383285567,0.01912274810175978,0.05266258614741897,0.0009343131163546839,40.420254039736335
delinq_2yrs,open_rv_24m,-0.04421861415324091,0.04421861415324091,0.01912274810175978,0.06912450757964811,0.0009343131163546839,40.420254039736335
delinq_2yrs,max_bal_bc,-0.04933513809786031,0.04933513809786031,0.01912274810175978,0.03227602521276016,0.0009343131163546839,40.420254039736335
delinq_2yrs,all_util,0.02891386026780599,0.02891386026780599,0.01912274810175978,0.07383862685643393,0.0009343131163546839,40.42679423155082
delinq_2yrs,total_rev_hi_lim,-0.048467845066823015,0.048467845066823015,0.01912274810175978,0.057416341220561884,0.0009343131163546839,3.3252203811063206
delinq_2yrs,inq_fi,0.016620383546147397,0.016620383546147397,0.01912274810175978,0.0368309814014974,0.0009343131163546839,40.420254039736335
delinq_2yrs,total_cu_tl,0.01988962919716403,0.01988962919716403,0.01912274810175978,0.009299731041818318,0.0009343131163546839,40.420254039736335
delinq_2yrs,inq_last_12m,0.03010593006256771,0.03010593006256771,0.01912274810175978,0.0637314488297478,0.0009343131163546839,40.420254039736335
delinq_2yrs,acc_open_past_24mths,-0.05168966209977072,0.05168966209977072,0.01912274810175978,0.08867183834751817,0.0009343131163546839,2.3605420884701087
delinq_2yrs,avg_cur_bal,0.05088208226168978,0.05088208226168978,0.01912274810175978,0.0562108691255464,0.0009343131163546839,3.32708900733903
delinq_2yrs,bc_open_to_buy,-0.057946643127407764,0.057946643127407764,0.01912274810175978,0.08076668691943055,0.0009343131163546839,3.403702682880114
delinq_2yrs,bc_util,-0.0003274809661831647,0.0003274809661831647,0.01912274810175978,0.0759460456775071,0.0009343131163546839,3.464900192001345
delinq_2yrs,chargeoff_within_12_mths,0.15183846279031624,0.15183846279031624,0.01912274810175978,0.0021101943384776007,0.0009343131163546839,0.006073035256305446
delinq_2yrs,delinq_amnt,0.02729456648471313,0.02729456648471313,0.01912274810175978,0.005947855837318468,0.0009343131163546839,0.0009343131163546839
delinq_2yrs,mo_sin_old_il_acct,0.0810293405582368,0.0810293405582368,0.01912274810175978,0.021217795594907888,0.0009343131163546839,6.365942418282638
delinq_2yrs,mo_sin_old_rev_tl_op,0.08223073683076895,0.08223073683076895,0.01912274810175978,0.0355852140960437,0.0009343131163546839,3.3252203811063206
delinq_2yrs,mo_sin_rcnt_rev_tl_op,0.031166213814283555,0.031166213814283555,0.01912274810175978,0.051203064225407595,0.0009343131163546839,3.3252203811063206
delinq_2yrs,mo_sin_rcnt_tl,0.022660000488642914,0.022660000488642914,0.01912274810175978,0.053452195761061076,0.0009343131163546839,3.3252203811063206
delinq_2yrs,mort_acc,0.07916643706508576,0.07916643706508576,0.01912274810175978,0.03244640355720174,0.0009343131163546839,2.3605420884701087
delinq_2yrs,mths_since_recent_bc,0.059679972522638486,0.059679972522638486,0.01912274810175978,0.043584474650737046,0.0009343131163546839,3.336899295060754
delinq_2yrs,mths_since_recent_bc_dlq,-0.4669319118321807,0.4669319118321807,0.01912274810175978,0.003137939343701434,0.0009343131163546839,76.73980781179198
delinq_2yrs,mths_since_recent_inq,-0.026539466507545177,0.026539466507545177,0.01912274810175978,0.05320449066537542,0.0009343131163546839,13.0799164724074
delinq_2yrs,mths_since_recent_revol_delinq,-0.497400258723209,0.497400258723209,0.01912274810175978,0.006683612077262269,0.0009343131163546839,66.9785715286764
delinq_2yrs,num_accts_ever_120_pd,0.2207327103544137,0.2207327103544137,0.01912274810175978,0.008479117803978793,0.0009343131163546839,3.3252203811063206
delinq_2yrs,num_actv_bc_tl,-0.042672849923998536,0.042672849923998536,0.01912274810175978,0.023449703362199502,0.0009343131163546839,3.3252203811063206
delinq_2yrs,num_actv_rev_tl,-0.00422361494566178,0.00422361494566178,0.01912274810175978,0.05073392113298021,0.0009343131163546839,3.3252203811063206
delinq_2yrs,num_bc_sats,-0.034219778227335636,0.034219778227335636,0.01912274810175978,0.0042639641381768565,0.0009343131163546839,2.768836920317106
delinq_2yrs,num_bc_tl,0.03324302006992948,0.03324302006992948,0.01912274810175978,0.015581876085390736,0.0009343131163546839,3.3252203811063206
delinq_2yrs,num_il_tl,0.0826376978350056,0.0826376978350056,0.01912274810175978,0.01028170161323678,0.0009343131163546839,3.3252203811063206
delinq_2yrs,num_op_rev_tl,0.006068714725482616,0.006068714725482616,0.01912274810175978,0.023613697070117696,0.0009343131163546839,3.3252203811063206
delinq_2yrs,num_rev_accts,0.07861014108121811,0.07861014108121811,0.01912274810175978,0.02221329210148946,0.0009343131163546839,3.3252203811063206
delinq_2yrs,num_rev_tl_bal_gt_0,-0.008006340739622798,0.008006340739622798,0.01912274810175978,0.05055527066899223,0.0009343131163546839,3.3252203811063206
delinq_2yrs,num_sats,0.044476305071887885,0.044476305071887885,0.01912274810175978,0.018432439266359544,0.0009343131163546839,2.768836920317106
delinq_2yrs,num_tl_120dpd_2m,0.048665455053986395,0.048665455053986395,0.01912274810175978,0.0022468872711697264,0.0009343131163546839,7.126940451553529
delinq_2yrs,num_tl_30dpd,0.10009942629553394,0.10009942629553394,0.01912274810175978,0.0047684994383403794,0.0009343131163546839,3.3252203811063206
delinq_2yrs,num_tl_90g_dpd_24m,0.6600737954801489,0.6600737954801489,0.01912274810175978,0.012197969067421339,0.0009343131163546839,3.3252203811063206
delinq_2yrs,num_tl_op_past_12m,-0.023237234464483586,0.023237234464483586,0.01912274810175978,0.07721411715843976,0.0009343131163546839,3.3252203811063206
delinq_2yrs,pct_tl_nvr_dlq,-0.4419151445618064,0.4419151445618064,0.01912274810175978,0.0037269775784282647,0.0009343131163546839,3.3308262598044482
delinq_2yrs,percent_bc_gt_75,-0.004122327901900154,0.004122327901900154,0.01912274810175978,0.07830303392951792,0.0009343131163546839,3.4307977632543993
delinq_2yrs,pub_rec_bankruptcies,-0.04840316994236641,0.04840316994236641,0.01912274810175978,0.021686175332832822,0.0009343131163546839,0.06867201405206927
delinq_2yrs,tax_liens,0.010544094240175142,0.010544094240175142,0.01912274810175978,0.013644503499620549,0.0009343131163546839,0.0037372524654187356
delinq_2yrs,tot_hi_cred_lim,0.060261033748733664,0.060261033748733664,0.01912274810175978,0.061955101049037724,0.0009343131163546839,3.3252203811063206
delinq_2yrs,total_bal_ex_mort,0.028317632014490387,0.028317632014490387,0.01912274810175978,0.010337636565541718,0.0009343131163546839,2.3605420884701087
delinq_2yrs,total_bc_limit,-0.07722446434271762,0.07722446434271762,0.01912274810175978,0.0727331430169503,0.0009343131163546839,2.3605420884701087
delinq_2yrs,total_il_high_credit_limit,0.05712458042173899,0.05712458042173899,0.01912274810175978,0.012103906507566485,0.0009343131163546839,3.3252203811063206
delinq_2yrs,year_issued,-0.004789957166060615,0.004789957166060615,0.01912274810175978,0.14600503649089677,0.0009343131163546839,0.0
earliest_cr_line,inq_last_6mths,0.0002804080754239195,0.0002804080754239195,0.0010923947466905046,0.07884178945733766,0.0009343131163546839,0.0009343131163546839
earliest_cr_line,mths_since_last_delinq,0.003338540798924277,0.003338540798924277,0.0010923947466905046,0.012972182863817254,0.0009343131163546839,50.893436917514165
earliest_cr_line,mths_since_last_record,0.0014406399616239255,0.0014406399616239255,0.0010923947466905046,0.020270336049018945,0.0009343131163546839,84.01390257917136
earliest_cr_line,open_acc,0.0008788936304405581,0.0008788936304405581,0.0010923947466905046,0.01776663231394419,0.0009343131163546839,0.0009343131163546839
earliest_cr_line,pub_rec,-0.0023489316476019624,0.0023489316476019624,0.0010923947466905046,0.02876278231859769,0.0009343131163546839,0.0009343131163546839
earliest_cr_line,revol_bal,-0.013399885547385939,0.013399885547385939,0.0010923947466905046,0.01788359269829698,0.0009343131163546839,0.0
earliest_cr_line,revol_util,-0.0007927769083125853,0.0007927769083125853,0.0010923947466905046,0.0695041062279028,0.0009343131163546839,0.08035092800650283
earliest_cr_line,total_acc,-0.0027165555902381243,0.0027165555902381243,0.0010923947466905046,0.01576646453997829,0.0009343131163546839,0.0009343131163546839
earliest_cr_line,initial_list_status,0.0011321445782058817,0.0011321445782058817,0.0010923947466905046,0.06853737524962515,0.0009343131163546839,0.0
earliest_cr_line,collections_12_mths_ex_med,0.00011239743752274884,0.00011239743752274884,0.0010923947466905046,0.010052319750769608,0.0009343131163546839,0.006073035256305446
earliest_cr_line,mths_since_last_major_derog,0.011133111366822587,0.011133111366822587,0.0010923947466905046,0.011389737904839171,0.0009343131163546839,73.97704392673117
earliest_cr_line,tot_coll_amt,-0.0016675293026699484,0.0016675293026699484,0.0010923947466905046,0.0014739431011549038,0.0009343131163546839,3.3252203811063206
earliest_cr_line,tot_cur_bal,-0.0112548797325157,0.0112548797325157,0.0010923947466905046,0.05242633659939442,0.0009343131163546839,3.3252203811063206
earliest_cr_line,open_acc_6m,0.0024100436495094997,0.0024100436495094997,0.0010923947466905046,0.06072361227471765,0.0009343131163546839,40.420254039736335
earliest_cr_line,open_act_il,0.01644061232416794,0.01644061232416794,0.0010923947466905046,0.008867686360924087,0.0009343131163546839,40.420254039736335
earliest_cr_line,open_il_12m,0.003051818829880353,0.003051818829880353,0.0010923947466905046,0.06051092067206702,0.0009343131163546839,40.420254039736335
earliest_cr_line,open_il_24m,0.0016232478758127409,0.0016232478758127409,0.0010923947466905046,0.06065785469677383,0.0009343131163546839,40.420254039736335
earliest_cr_line,mths_since_rcnt_il,-0.000752220055252106,0.000752220055252106,0.0010923947466905046,0.03242085839165458,0.0009343131163546839,42.30382928230738
earliest_cr_line,total_bal_il,0.00646508818960749,0.00646508818960749,0.0010923947466905046,0.001994536754313803,0.0009343131163546839,40.420254039736335
earliest_cr_line,il_util,0.012900382447181804,0.012900382447181804,0.0010923947466905046,0.05888586629764154,0.0009343131163546839,48.95286857484549
earliest_cr_line,open_rv_12m,-0.0004583702491243474,0.0004583702491243474,0.0010923947466905046,0.05266258614741897,0.0009343131163546839,40.420254039736335
earliest_cr_line,open_rv_24m,-2.8141367910558468e-05,2.8141367910558468e-05,0.0010923947466905046,0.06912450757964811,0.0009343131163546839,40.420254039736335
earliest_cr_line,max_bal_bc,-0.012758896462099304,0.012758896462099304,0.0010923947466905046,0.03227602521276016,0.0009343131163546839,40.420254039736335
earliest_cr_line,all_util,0.00970541765887226,0.00970541765887226,0.0010923947466905046,0.07383862685643393,0.0009343131163546839,40.42679423155082
earliest_cr_line,total_rev_hi_lim,-0.015536430230910904,0.015536430230910904,0.0010923947466905046,0.057416341220561884,0.0009343131163546839,3.3252203811063206
earliest_cr_line,inq_fi,0.0034236612181314896,0.0034236612181314896,0.0010923947466905046,0.0368309814014974,0.0009343131163546839,40.420254039736335
earliest_cr_line,total_cu_tl,-0.0049759943883450385,0.0049759943883450385,0.0010923947466905046,0.009299731041818318,0.0009343131163546839,40.420254039736335
earliest_cr_line,inq_last_12m,0.0054886335244927874,0.0054886335244927874,0.0010923947466905046,0.0637314488297478,0.0009343131163546839,40.420254039736335
earliest_cr_line,acc_open_past_24mths,0.0024712758263816773,0.0024712758263816773,0.0010923947466905046,0.08867183834751817,0.0009343131163546839,2.3605420884701087
earliest_cr_line,avg_cur_bal,-0.010816222613321545,0.010816222613321545,0.0010923947466905046,0.0562108691255464,0.0009343131163546839,3.32708900733903
earliest_cr_line,bc_open_to_buy,-0.011822079830645,0.011822079830645,0.0010923947466905046,0.08076668691943055,0.0009343131163546839,3.403702682880114
earliest_cr_line,bc_util,-0.000612260643985989,0.000612260643985989,0.0010923947466905046,0.0759460456775071,0.0009343131163546839,3.464900192001345
earliest_cr_line,chargeoff_within_12_mths,-0.004683554869129206,0.004683554869129206,0.0010923947466905046,0.0021101943384776007,0.0009343131163546839,0.006073035256305446
earliest_cr_line,delinq_amnt,0.003979141462742927,0.003979141462742927,0.0010923947466905046,0.005947855837318468,0.0009343131163546839,0.0009343131163546839
earliest_cr_line,mo_sin_old_il_acct,0.009582817167363061,0.009582817167363061,0.0010923947466905046,0.021217795594907888,0.0009343131163546839,6.365942418282638
earliest_cr_line,mo_sin_old_rev_tl_op,-0.03986079780943459,0.03986079780943459,0.0010923947466905046,0.0355852140960437,0.0009343131163546839,3.3252203811063206
earliest_cr_line,mo_sin_rcnt_rev_tl_op,-0.0024140789454476694,0.0024140789454476694,0.0010923947466905046,0.051203064225407595,0.0009343131163546839,3.3252203811063206
earliest_cr_line,mo_sin_rcnt_tl,-0.0024457401564848876,0.0024457401564848876,0.0010923947466905046,0.053452195761061076,0.0009343131163546839,3.3252203811063206
earliest_cr_line,mort_acc,-0.01827064888395234,0.01827064888395234,0.0010923947466905046,0.03244640355720174,0.0009343131163546839,2.3605420884701087
earliest_cr_line,mths_since_recent_bc,-0.0024301823895626572,0.0024301823895626572,0.0010923947466905046,0.043584474650737046,0.0009343131163546839,3.336899295060754
earliest_cr_line,mths_since_recent_bc_dlq,-0.0006504751567959952,0.0006504751567959952,0.0010923947466905046,0.003137939343701434,0.0009343131163546839,76.73980781179198
earliest_cr_line,mths_since_recent_inq,-0.0023052721137971775,0.0023052721137971775,0.0010923947466905046,0.05320449066537542,0.0009343131163546839,13.0799164724074
earliest_cr_line,mths_since_recent_revol_delinq,-0.0007449937582004244,0.0007449937582004244,0.0010923947466905046,0.006683612077262269,0.0009343131163546839,66.9785715286764
earliest_cr_line,num_accts_ever_120_pd,-0.003459393613706729,0.003459393613706729,0.0010923947466905046,0.008479117803978793,0.0009343131163546839,3.3252203811063206
earliest_cr_line,num_actv_bc_tl,-0.008274613738994378,0.008274613738994378,0.0010923947466905046,0.023449703362199502,0.0009343131163546839,3.3252203811063206
earliest_cr_line,num_actv_rev_tl,-0.004590250864136363,0.004590250864136363,0.0010923947466905046,0.05073392113298021,0.0009343131163546839,3.3252203811063206
earliest_cr_line,num_bc_sats,-0.009121199391779966,0.009121199391779966,0.0010923947466905046,0.0042639641381768565,0.0009343131163546839,2.768836920317106
earliest_cr_line,num_bc_tl,-0.013177416397398226,0.013177416397398226,0.0010923947466905046,0.015581876085390736,0.0009343131163546839,3.3252203811063206
earliest_cr_line,num_il_tl,0.016534630846512927,0.016534630846512927,0.0010923947466905046,0.01028170161323678,0.0009343131163546839,3.3252203811063206
earliest_cr_line,num_op_rev_tl,-0.0072371227892092365,0.0072371227892092365,0.0010923947466905046,0.023613697070117696,0.0009343131163546839,3.3252203811063206
earliest_cr_line,num_rev_accts,-0.011661582418973266,0.011661582418973266,0.0010923947466905046,0.02221329210148946,0.0009343131163546839,3.3252203811063206
earliest_cr_line,num_rev_tl_bal_gt_0,-0.004434573146407908,0.004434573146407908,0.0010923947466905046,0.05055527066899223,0.0009343131163546839,3.3252203811063206
earliest_cr_line,num_sats,0.0014356374643825745,0.0014356374643825745,0.0010923947466905046,0.018432439266359544,0.0009343131163546839,2.768836920317106
earliest_cr_line,num_tl_120dpd_2m,0.002838039104145769,0.002838039104145769,0.0010923947466905046,0.0022468872711697264,0.0009343131163546839,7.126940451553529
earliest_cr_line,num_tl_30dpd,-0.00019421727131733766,0.00019421727131733766,0.0010923947466905046,0.0047684994383403794,0.0009343131163546839,3.3252203811063206
earliest_cr_line,num_tl_90g_dpd_24m,-0.0020775901652596747,0.0020775901652596747,0.0010923947466905046,0.012197969067421339,0.0009343131163546839,3.3252203811063206
earliest_cr_line,num_tl_op_past_12m,0.001197670640990059,0.001197670640990059,0.0010923947466905046,0.07721411715843976,0.0009343131163546839,3.3252203811063206
earliest_cr_line,pct_tl_nvr_dlq,0.0038031724168921706,0.0038031724168921706,0.0010923947466905046,0.0037269775784282647,0.0009343131163546839,3.3308262598044482
earliest_cr_line,percent_bc_gt_75,-0.0004991375937655207,0.0004991375937655207,0.0010923947466905046,0.07830303392951792,0.0009343131163546839,3.4307977632543993
earliest_cr_line,pub_rec_bankruptcies,-7.18275435846366e-05,7.18275435846366e-05,0.0010923947466905046,0.021686175332832822,0.0009343131163546839,0.06867201405206927
earliest_cr_line,tax_liens,-0.0045106812339670895,0.0045106812339670895,0.0010923947466905046,0.013644503499620549,0.0009343131163546839,0.0037372524654187356
earliest_cr_line,tot_hi_cred_lim,-0.013368368450471495,0.013368368450471495,0.0010923947466905046,0.061955101049037724,0.0009343131163546839,3.3252203811063206
earliest_cr_line,total_bal_ex_mort,-0.0003315060628037724,0.0003315060628037724,0.0010923947466905046,0.010337636565541718,0.0009343131163546839,2.3605420884701087
earliest_cr_line,total_bc_limit,-0.017808720013075957,0.017808720013075957,0.0010923947466905046,0.0727331430169503,0.0009343131163546839,2.3605420884701087
earliest_cr_line,total_il_high_credit_limit,0.004347397969342979,0.004347397969342979,0.0010923947466905046,0.012103906507566485,0.0009343131163546839,3.3252203811063206
earliest_cr_line,year_issued,0.004164860702853418,0.004164860702853418,0.0010923947466905046,0.14600503649089677,0.0009343131163546839,0.0
inq_last_6mths,mths_since_last_delinq,0.014570069924694456,0.014570069924694456,0.07884178945733766,0.012972182863817254,0.0009343131163546839,50.893436917514165
inq_last_6mths,mths_since_last_record,-0.09289464376477792,0.09289464376477792,0.07884178945733766,0.020270336049018945,0.0009343131163546839,84.01390257917136
inq_last_6mths,open_acc,0.1334227027372584,0.1334227027372584,0.07884178945733766,0.01776663231394419,0.0009343131163546839,0.0009343131163546839
inq_last_6mths,pub_rec,0.06107103101137633,0.06107103101137633,0.07884178945733766,0.02876278231859769,0.0009343131163546839,0.0009343131163546839
inq_last_6mths,revol_bal,-0.009095904831345031,0.009095904831345031,0.07884178945733766,0.01788359269829698,0.0009343131163546839,0.0
inq_last_6mths,revol_util,-0.0802582170824548,0.0802582170824548,0.07884178945733766,0.0695041062279028,0.0009343131163546839,0.08035092800650283
inq_last_6mths,total_acc,0.15117048194142546,0.15117048194142546,0.07884178945733766,0.01576646453997829,0.0009343131163546839,0.0009343131163546839
inq_last_6mths,initial_list_status,-0.09490763492677629,0.09490763492677629,0.07884178945733766,0.06853737524962515,0.0009343131163546839,0.0
inq_last_6mths,collections_12_mths_ex_med,0.009304682712040496,0.009304682712040496,0.07884178945733766,0.010052319750769608,0.0009343131163546839,0.006073035256305446
inq_last_6mths,mths_since_last_major_derog,-0.021314810804906947,0.021314810804906947,0.07884178945733766,0.011389737904839171,0.0009343131163546839,73.97704392673117
inq_last_6mths,tot_coll_amt,0.015627369552369607,0.015627369552369607,0.07884178945733766,0.0014739431011549038,0.0009343131163546839,3.3252203811063206
inq_last_6mths,tot_cur_bal,0.032998327259531036,0.032998327259531036,0.07884178945733766,0.05242633659939442,0.0009343131163546839,3.3252203811063206
inq_last_6mths,open_acc_6m,0.42521961290853244,0.42521961290853244,0.07884178945733766,0.06072361227471765,0.0009343131163546839,40.420254039736335
inq_last_6mths,open_act_il,0.036138232561002126,0.036138232561002126,0.07884178945733766,0.008867686360924087,0.0009343131163546839,40.420254039736335
inq_last_6mths,open_il_12m,0.16836069014259394,0.16836069014259394,0.07884178945733766,0.06051092067206702,0.0009343131163546839,40.420254039736335
inq_last_6mths,open_il_24m,0.14222127407048837,0.14222127407048837,0.07884178945733766,0.06065785469677383,0.0009343131163546839,40.420254039736335
inq_last_6mths,mths_since_rcnt_il,-0.09307797045619634,0.09307797045619634,0.07884178945733766,0.03242085839165458,0.0009343131163546839,42.30382928230738
inq_last_6mths,total_bal_il,0.05945849394517732,0.05945849394517732,0.07884178945733766,0.001994536754313803,0.0009343131163546839,40.420254039736335
inq_last_6mths,il_util,0.08526832922234266,0.08526832922234266,0.07884178945733766,0.05888586629764154,0.0009343131163546839,48.95286857484549
inq_last_6mths,open_rv_12m,0.32690693986457703,0.32690693986457703,0.07884178945733766,0.05266258614741897,0.0009343131163546839,40.420254039736335
inq_last_6mths,open_rv_24m,0.2879046907051772,0.2879046907051772,0.07884178945733766,0.06912450757964811,0.0009343131163546839,40.420254039736335
inq_last_6mths,max_bal_bc,-0.05682321443976394,0.05682321443976394,0.07884178945733766,0.03227602521276016,0.0009343131163546839,40.420254039736335
inq_last_6mths,all_util,-0.03805786068122492,0.03805786068122492,0.07884178945733766,0.07383862685643393,0.0009343131163546839,40.42679423155082
inq_last_6mths,total_rev_hi_lim,0.02191023787679761,0.02191023787679761,0.07884178945733766,0.057416341220561884,0.0009343131163546839,3.3252203811063206
inq_last_6mths,inq_fi,0.2125906081681307,0.2125906081681307,0.07884178945733766,0.0368309814014974,0.0009343131163546839,40.420254039736335
inq_last_6mths,total_cu_tl,0.03917145088450216,0.03917145088450216,0.07884178945733766,0.009299731041818318,0.0009343131163546839,40.420254039736335
inq_last_6mths,inq_last_12m,0.47749481990790454,0.47749481990790454,0.07884178945733766,0.0637314488297478,0.0009343131163546839,40.420254039736335
inq_last_6mths,acc_open_past_24mths,0.27751734583226734,0.27751734583226734,0.07884178945733766,0.08867183834751817,0.0009343131163546839,2.3605420884701087
inq_last_6mths,avg_cur_bal,-0.017827701566031945,0.017827701566031945,0.07884178945733766,0.0562108691255464,0.0009343131163546839,3.32708900733903
inq_last_6mths,bc_open_to_buy,0.014993635322151137,0.014993635322151137,0.07884178945733766,0.08076668691943055,0.0009343131163546839,3.403702682880114
inq_last_6mths,bc_util,-0.07181500310804036,0.07181500310804036,0.07884178945733766,0.0759460456775071,0.0009343131163546839,3.464900192001345
inq_last_6mths,chargeoff_within_12_mths,0.00855375103685958,0.00855375103685958,0.07884178945733766,0.0021101943384776007,0.0009343131163546839,0.006073035256305446
inq_last_6mths,delinq_amnt,0.0014419120639522426,0.0014419120639522426,0.07884178945733766,0.005947855837318468,0.0009343131163546839,0.0009343131163546839
inq_last_6mths,mo_sin_old_il_acct,0.014338622889745354,0.014338622889745354,0.07884178945733766,0.021217795594907888,0.0009343131163546839,6.365942418282638
inq_last_6mths,mo_sin_old_rev_tl_op,-0.0014383616066307137,0.0014383616066307137,0.07884178945733766,0.0355852140960437,0.0009343131163546839,3.3252203811063206
inq_last_6mths,mo_sin_rcnt_rev_tl_op,-0.18868743788807602,0.18868743788807602,0.07884178945733766,0.051203064225407595,0.0009343131163546839,3.3252203811063206
inq_last_6mths,mo_sin_rcnt_tl,-0.22934163039900898,0.22934163039900898,0.07884178945733766,0.053452195761061076,0.0009343131163546839,3.3252203811063206
inq_last_6mths,mort_acc,0.050149344248995587,0.050149344248995587,0.07884178945733766,0.03244640355720174,0.0009343131163546839,2.3605420884701087
inq_last_6mths,mths_since_recent_bc,-0.12740357253895745,0.12740357253895745,0.07884178945733766,0.043584474650737046,0.0009343131163546839,3.336899295060754
inq_last_6mths,mths_since_recent_bc_dlq,0.041147073050041054,0.041147073050041054,0.07884178945733766,0.003137939343701434,0.0009343131163546839,76.73980781179198
inq_last_6mths,mths_since_recent_inq,-0.5685897524266903,0.5685897524266903,0.07884178945733766,0.05320449066537542,0.0009343131163546839,13.0799164724074
inq_last_6mths,mths_since_recent_revol_delinq,0.03420417026490738,0.03420417026490738,0.07884178945733766,0.006683612077262269,0.0009343131163546839,66.9785715286764
inq_last_6mths,num_accts_ever_120_pd,0.04989284706104943,0.04989284706104943,0.07884178945733766,0.008479117803978793,0.0009343131163546839,3.3252203811063206
inq_last_6mths,num_actv_bc_tl,0.07427182896353007,0.07427182896353007,0.07884178945733766,0.023449703362199502,0.0009343131163546839,3.3252203811063206
inq_last_6mths,num_actv_rev_tl,0.12663168717639497,0.12663168717639497,0.07884178945733766,0.05073392113298021,0.0009343131163546839,3.3252203811063206
inq_last_6mths,num_bc_sats,0.12007135934350578,0.12007135934350578,0.07884178945733766,0.0042639641381768565,0.0009343131163546839,2.768836920317106
inq_last_6mths,num_bc_tl,0.136027398161876,0.136027398161876,0.07884178945733766,0.015581876085390736,0.0009343131163546839,3.3252203811063206
inq_last_6mths,num_il_tl,0.0671276188481482,0.0671276188481482,0.07884178945733766,0.01028170161323678,0.0009343131163546839,3.3252203811063206
inq_last_6mths,num_op_rev_tl,0.14485905738941574,0.14485905738941574,0.07884178945733766,0.023613697070117696,0.0009343131163546839,3.3252203811063206
inq_last_6mths,num_rev_accts,0.15980123427454807,0.15980123427454807,0.07884178945733766,0.02221329210148946,0.0009343131163546839,3.3252203811063206
inq_last_6mths,num_rev_tl_bal_gt_0,0.10855615530922404,0.10855615530922404,0.07884178945733766,0.05055527066899223,0.0009343131163546839,3.3252203811063206
inq_last_6mths,num_sats,0.1396858251295586,0.1396858251295586,0.07884178945733766,0.018432439266359544,0.0009343131163546839,2.768836920317106
inq_last_6mths,num_tl_120dpd_2m,-0.0008616010553514004,0.0008616010553514004,0.07884178945733766,0.0022468872711697264,0.0009343131163546839,7.126940451553529
inq_last_6mths,num_tl_30dpd,-0.0056175170467256345,0.0056175170467256345,0.07884178945733766,0.0047684994383403794,0.0009343131163546839,3.3252203811063206
inq_last_6mths,num_tl_90g_dpd_24m,0.028450760316049692,0.028450760316049692,0.07884178945733766,0.012197969067421339,0.0009343131163546839,3.3252203811063206
inq_last_6mths,num_tl_op_past_12m,0.328320521986365,0.328320521986365,0.07884178945733766,0.07721411715843976,0.0009343131163546839,3.3252203811063206
inq_last_6mths,pct_tl_nvr_dlq,-0.026965327572476265,0.026965327572476265,0.07884178945733766,0.0037269775784282647,0.0009343131163546839,3.3308262598044482
inq_last_6mths,percent_bc_gt_75,-0.06222151815653996,0.06222151815653996,0.07884178945733766,0.07830303392951792,0.0009343131163546839,3.4307977632543993
inq_last_6mths,pub_rec_bankruptcies,0.0714613809720603,0.0714613809720603,0.07884178945733766,0.021686175332832822,0.0009343131163546839,0.06867201405206927
inq_last_6mths,tax_liens,0.016335890994307236,0.016335890994307236,0.07884178945733766,0.013644503499620549,0.0009343131163546839,0.0037372524654187356
inq_last_6mths,tot_hi_cred_lim,0.03335076915249444,0.03335076915249444,0.07884178945733766,0.061955101049037724,0.0009343131163546839,3.3252203811063206
inq_last_6mths,total_bal_ex_mort,0.03552110821049994,0.03552110821049994,0.07884178945733766,0.010337636565541718,0.0009343131163546839,2.3605420884701087
inq_last_6mths,total_bc_limit,-0.004306750079762988,0.004306750079762988,0.07884178945733766,0.0727331430169503,0.0009343131163546839,2.3605420884701087
inq_last_6mths,total_il_high_credit_limit,0.04383557914434462,0.04383557914434462,0.07884178945733766,0.012103906507566485,0.0009343131163546839,3.3252203811063206
inq_last_6mths,year_issued,-0.14285737074031407,0.14285737074031407,0.07884178945733766,0.14600503649089677,0.0009343131163546839,0.0
mths_since_last_delinq,mths_since_last_record,0.0024557640321420135,0.0024557640321420135,0.012972182863817254,0.020270336049018945,50.893436917514165,84.01390257917136
mths_since_last_delinq,open_acc,-0.035916739595575814,0.035916739595575814,0.012972182863817254,0.01776663231394419,50.893436917514165,0.0009343131163546839
mths_since_last_delinq,pub_rec,0.06591164501856599,0.06591164501856599,0.012972182863817254,0.02876278231859769,50.893436917514165,0.0009343131163546839
mths_since_last_delinq,revol_bal,-0.017706747201214908,0.017706747201214908,0.012972182863817254,0.01788359269829698,50.893436917514165,0.0
mths_since_last_delinq,revol_util,0.003936032564934332,0.003936032564934332,0.012972182863817254,0.0695041062279028,50.893436917514165,0.08035092800650283
mths_since_last_delinq,total_acc,-0.04230557340214335,0.04230557340214335,0.012972182863817254,0.01576646453997829,50.893436917514165,0.0009343131163546839
mths_since_last_delinq,initial_list_status,0.008325186045502808,0.008325186045502808,0.012972182863817254,0.06853737524962515,50.893436917514165,0.0
mths_since_last_delinq,collections_12_mths_ex_med,-0.03816878740658776,0.03816878740658776,0.012972182863817254,0.010052319750769608,50.893436917514165,0.006073035256305446
mths_since_last_delinq,mths_since_last_major_derog,0.7056152274628648,0.7056152274628648,0.012972182863817254,0.011389737904839171,50.893436917514165,73.97704392673117
mths_since_last_delinq,tot_coll_amt,0.03308724176461672,0.03308724176461672,0.012972182863817254,0.0014739431011549038,50.893436917514165,3.3252203811063206
mths_since_last_delinq,tot_cur_bal,-0.07308181179911026,0.07308181179911026,0.012972182863817254,0.05242633659939442,50.893436917514165,3.3252203811063206
mths_since_last_delinq,open_acc_6m,0.047537944215772523,0.047537944215772523,0.012972182863817254,0.06072361227471765,50.893436917514165,40.420254039736335
mths_since_last_delinq,open_act_il,-0.02519860986421147,0.02519860986421147,0.012972182863817254,0.008867686360924087,50.893436917514165,40.420254039736335
mths_since_last_delinq,open_il_12m,0.040695130200068534,0.040695130200068534,0.012972182863817254,0.06051092067206702,50.893436917514165,40.420254039736335
mths_since_last_delinq,open_il_24m,0.052818911348489976,0.052818911348489976,0.012972182863817254,0.06065785469677383,50.893436917514165,40.420254039736335
mths_since_last_delinq,mths_since_rcnt_il,-0.01663369371176219,0.01663369371176219,0.012972182863817254,0.03242085839165458,50.893436917514165,42.30382928230738
mths_since_last_delinq,total_bal_il,-0.012839963715476202,0.012839963715476202,0.012972182863817254,0.001994536754313803,50.893436917514165,40.420254039736335
mths_since_last_delinq,il_util,0.04835771969468508,0.04835771969468508,0.012972182863817254,0.05888586629764154,50.893436917514165,48.95286857484549
mths_since_last_delinq,open_rv_12m,0.06655854236331062,0.06655854236331062,0.012972182863817254,0.05266258614741897,50.893436917514165,40.420254039736335
mths_since_last_delinq,open_rv_24m,0.09188876457836773,0.09188876457836773,0.012972182863817254,0.06912450757964811,50.893436917514165,40.420254039736335
mths_since_last_delinq,max_bal_bc,0.0013620891270026605,0.0013620891270026605,0.012972182863817254,0.03227602521276016,50.893436917514165,40.420254039736335
mths_since_last_delinq,all_util,0.014408558322002463,0.014408558322002463,0.012972182863817254,0.07383862685643393,50.893436917514165,40.42679423155082
mths_since_last_delinq,total_rev_hi_lim,-0.017150371248308788,0.017150371248308788,0.012972182863817254,0.057416341220561884,50.893436917514165,3.3252203811063206
mths_since_last_delinq,inq_fi,0.01277305342522381,0.01277305342522381,0.012972182863817254,0.0368309814014974,50.893436917514165,40.420254039736335
mths_since_last_delinq,total_cu_tl,-0.004422430849039237,0.004422430849039237,0.012972182863817254,0.009299731041818318,50.893436917514165,40.420254039736335
mths_since_last_delinq,inq_last_12m,0.008873069990339039,0.008873069990339039,0.012972182863817254,0.0637314488297478,50.893436917514165,40.420254039736335
mths_since_last_delinq,acc_open_past_24mths,0.11460296341468891,0.11460296341468891,0.012972182863817254,0.08867183834751817,50.893436917514165,2.3605420884701087
mths_since_last_delinq,avg_cur_bal,-0.06091515381032098,0.06091515381032098,0.012972182863817254,0.0562108691255464,50.893436917514165,3.32708900733903
mths_since_last_delinq,bc_open_to_buy,-0.0037026346136658237,0.0037026346136658237,0.012972182863817254,0.08076668691943055,50.893436917514165,3.403702682880114
mths_since_last_delinq,bc_util,0.008302715192354013,0.008302715192354013,0.012972182863817254,0.0759460456775071,50.893436917514165,3.464900192001345
mths_since_last_delinq,chargeoff_within_12_mths,-0.10123348110596857,0.10123348110596857,0.012972182863817254,0.0021101943384776007,50.893436917514165,0.006073035256305446
mths_since_last_delinq,delinq_amnt,-0.035786772772638545,0.035786772772638545,0.012972182863817254,0.005947855837318468,50.893436917514165,0.0009343131163546839
mths_since_last_delinq,mo_sin_old_il_acct,-0.0017446324874440728,0.0017446324874440728,0.012972182863817254,0.021217795594907888,50.893436917514165,6.365942418282638
mths_since_last_delinq,mo_sin_old_rev_tl_op,-0.04542004162762436,0.04542004162762436,0.012972182863817254,0.0355852140960437,50.893436917514165,3.3252203811063206
mths_since_last_delinq,mo_sin_rcnt_rev_tl_op,-0.06609532880678559,0.06609532880678559,0.012972182863817254,0.051203064225407595,50.893436917514165,3.3252203811063206
mths_since_last_delinq,mo_sin_rcnt_tl,-0.06542431503870931,0.06542431503870931,0.012972182863817254,0.053452195761061076,50.893436917514165,3.3252203811063206
mths_since_last_delinq,mort_acc,-0.06338368220113517,0.06338368220113517,0.012972182863817254,0.03244640355720174,50.893436917514165,2.3605420884701087
mths_since_last_delinq,mths_since_recent_bc,-0.08513031581987476,0.08513031581987476,0.012972182863817254,0.043584474650737046,50.893436917514165,3.336899295060754
mths_since_last_delinq,mths_since_recent_bc_dlq,0.7674596005954345,0.7674596005954345,0.012972182863817254,0.003137939343701434,50.893436917514165,76.73980781179198
mths_since_last_delinq,mths_since_recent_inq,-0.009438731430529534,0.009438731430529534,0.012972182863817254,0.05320449066537542,50.893436917514165,13.0799164724074
mths_since_last_delinq,mths_since_recent_revol_delinq,0.8661657162026594,0.8661657162026594,0.012972182863817254,0.006683612077262269,50.893436917514165,66.9785715286764
mths_since_last_delinq,num_accts_ever_120_pd,0.011930557832842786,0.011930557832842786,0.012972182863817254,0.008479117803978793,50.893436917514165,3.3252203811063206
mths_since_last_delinq,num_actv_bc_tl,0.031072651721192366,0.031072651721192366,0.012972182863817254,0.023449703362199502,50.893436917514165,3.3252203811063206
mths_since_last_delinq,num_actv_rev_tl,0.010610190651521424,0.010610190651521424,0.012972182863817254,0.05073392113298021,50.893436917514165,3.3252203811063206
mths_since_last_delinq,num_bc_sats,0.019346816313948974,0.019346816313948974,0.012972182863817254,0.0042639641381768565,50.893436917514165,2.768836920317106
mths_since_last_delinq,num_bc_tl,-0.0005075383439628764,0.0005075383439628764,0.012972182863817254,0.015581876085390736,50.893436917514165,3.3252203811063206
mths_since_last_delinq,num_il_tl,-0.007183263691494632,0.007183263691494632,0.012972182863817254,0.01028170161323678,50.893436917514165,3.3252203811063206
mths_since_last_delinq,num_op_rev_tl,-0.012330436151616393,0.012330436151616393,0.012972182863817254,0.023613697070117696,50.893436917514165,3.3252203811063206
mths_since_last_delinq,num_rev_accts,-0.0382649710511857,0.0382649710511857,0.012972182863817254,0.02221329210148946,50.893436917514165,3.3252203811063206
mths_since_last_delinq,num_rev_tl_bal_gt_0,0.009940642496975242,0.009940642496975242,0.012972182863817254,0.05055527066899223,50.893436917514165,3.3252203811063206
mths_since_last_delinq,num_sats,-0.03501936718704082,0.03501936718704082,0.012972182863817254,0.018432439266359544,50.893436917514165,2.768836920317106
mths_since_last_delinq,num_tl_120dpd_2m,-0.05320143525225966,0.05320143525225966,0.012972182863817254,0.0022468872711697264,50.893436917514165,7.126940451553529
mths_since_last_delinq,num_tl_30dpd,-0.10988435433823768,0.10988435433823768,0.012972182863817254,0.0047684994383403794,50.893436917514165,3.3252203811063206
mths_since_last_delinq,num_tl_90g_dpd_24m,-0.22489724256751878,0.22489724256751878,0.012972182863817254,0.012197969067421339,50.893436917514165,3.3252203811063206
mths_since_last_delinq,num_tl_op_past_12m,0.08667412364963928,0.08667412364963928,0.012972182863817254,0.07721411715843976,50.893436917514165,3.3252203811063206
mths_since_last_delinq,pct_tl_nvr_dlq,0.1883111865837814,0.1883111865837814,0.012972182863817254,0.0037269775784282647,50.893436917514165,3.3308262598044482
mths_since_last_delinq,percent_bc_gt_75,0.0048998651940525325,0.0048998651940525325,0.012972182863817254,0.07830303392951792,50.893436917514165,3.4307977632543993
mths_since_last_delinq,pub_rec_bankruptcies,0.10758396324758529,0.10758396324758529,0.012972182863817254,0.021686175332832822,50.893436917514165,0.06867201405206927
mths_since_last_delinq,tax_liens,-0.00033320688806551626,0.00033320688806551626,0.012972182863817254,0.013644503499620549,50.893436917514165,0.0037372524654187356
mths_since_last_delinq,tot_hi_cred_lim,-0.08349037335440623,0.08349037335440623,0.012972182863817254,0.061955101049037724,50.893436917514165,3.3252203811063206
mths_since_last_delinq,total_bal_ex_mort,-0.022781369399019164,0.022781369399019164,0.012972182863817254,0.010337636565541718,50.893436917514165,2.3605420884701087
mths_since_last_delinq,total_bc_limit,0.00017222724463733784,0.00017222724463733784,0.012972182863817254,0.0727331430169503,50.893436917514165,2.3605420884701087
mths_since_last_delinq,total_il_high_credit_limit,-0.034414786570647886,0.034414786570647886,0.012972182863817254,0.012103906507566485,50.893436917514165,3.3252203811063206
mths_since_last_delinq,year_issued,0.031067712178571332,0.031067712178571332,0.012972182863817254,0.14600503649089677,50.893436917514165,0.0
mths_since_last_record,open_acc,0.028491077145612873,0.028491077145612873,0.020270336049018945,0.01776663231394419,84.01390257917136,0.0009343131163546839
mths_since_last_record,pub_rec,-0.23921169569390358,0.23921169569390358,0.020270336049018945,0.02876278231859769,84.01390257917136,0.0009343131163546839
mths_since_last_record,revol_bal,-0.018272081702747054,0.018272081702747054,0.020270336049018945,0.01788359269829698,84.01390257917136,0.0
mths_since_last_record,revol_util,0.029381385306724996,0.029381385306724996,0.020270336049018945,0.0695041062279028,84.01390257917136,0.08035092800650283
mths_since_last_record,total_acc,-0.15012330966910464,0.15012330966910464,0.020270336049018945,0.01576646453997829,84.01390257917136,0.0009343131163546839
mths_since_last_record,initial_list_status,0.02043255449121913,0.02043255449121913,0.020270336049018945,0.06853737524962515,84.01390257917136,0.0
mths_since_last_record,collections_12_mths_ex_med,-0.01772262374596746,0.01772262374596746,0.020270336049018945,0.010052319750769608,84.01390257917136,0.006073035256305446
mths_since_last_record,mths_since_last_major_derog,0.03141320579184725,0.03141320579184725,0.020270336049018945,0.011389737904839171,84.01390257917136,73.97704392673117
mths_since_last_record,tot_coll_amt,-0.050351032333018686,0.050351032333018686,0.020270336049018945,0.0014739431011549038,84.01390257917136,3.3252203811063206
mths_since_last_record,tot_cur_bal,-0.009992642127751477,0.009992642127751477,0.020270336049018945,0.05242633659939442,84.01390257917136,3.3252203811063206
mths_since_last_record,open_acc_6m,-0.06162387146172735,0.06162387146172735,0.020270336049018945,0.06072361227471765,84.01390257917136,40.420254039736335
mths_since_last_record,open_act_il,-0.005488103117143288,0.005488103117143288,0.020270336049018945,0.008867686360924087,84.01390257917136,40.420254039736335
mths_since_last_record,open_il_12m,-0.0076338208129616905,0.0076338208129616905,0.020270336049018945,0.06051092067206702,84.01390257917136,40.420254039736335
mths_since_last_record,open_il_24m,0.012968331612005562,0.012968331612005562,0.020270336049018945,0.06065785469677383,84.01390257917136,40.420254039736335
mths_since_last_record,mths_since_rcnt_il,-0.024925588853044762,0.024925588853044762,0.020270336049018945,0.03242085839165458,84.01390257917136,42.30382928230738
mths_since_last_record,total_bal_il,-0.0036442264454715307,0.0036442264454715307,0.020270336049018945,0.001994536754313803,84.01390257917136,40.420254039736335
mths_since_last_record,il_util,-0.050818973589236545,0.050818973589236545,0.020270336049018945,0.05888586629764154,84.01390257917136,48.95286857484549
mths_since_last_record,open_rv_12m,-0.09965481202770182,0.09965481202770182,0.020270336049018945,0.05266258614741897,84.01390257917136,40.420254039736335
mths_since_last_record,open_rv_24m,-0.10988591537283929,0.10988591537283929,0.020270336049018945,0.06912450757964811,84.01390257917136,40.420254039736335
mths_since_last_record,max_bal_bc,0.0058395253627583745,0.0058395253627583745,0.020270336049018945,0.03227602521276016,84.01390257917136,40.420254039736335
mths_since_last_record,all_util,-0.050015860540521324,0.050015860540521324,0.020270336049018945,0.07383862685643393,84.01390257917136,40.42679423155082
mths_since_last_record,total_rev_hi_lim,0.013168370708985203,0.013168370708985203,0.020270336049018945,0.057416341220561884,84.01390257917136,3.3252203811063206
mths_since_last_record,inq_fi,-0.028958272018150745,0.028958272018150745,0.020270336049018945,0.0368309814014974,84.01390257917136,40.420254039736335
mths_since_last_record,total_cu_tl,-0.001543116893078051,0.001543116893078051,0.020270336049018945,0.009299731041818318,84.01390257917136,40.420254039736335
mths_since_last_record,inq_last_12m,-0.07181670052149094,0.07181670052149094,0.020270336049018945,0.0637314488297478,84.01390257917136,40.420254039736335
mths_since_last_record,acc_open_past_24mths,-0.07352316103341738,0.07352316103341738,0.020270336049018945,0.08867183834751817,84.01390257917136,2.3605420884701087
mths_since_last_record,avg_cur_bal,-0.02343476227905365,0.02343476227905365,0.020270336049018945,0.0562108691255464,84.01390257917136,3.32708900733903
mths_since_last_record,bc_open_to_buy,0.014378153633703785,0.014378153633703785,0.020270336049018945,0.08076668691943055,84.01390257917136,3.403702682880114
mths_since_last_record,bc_util,0.04827768996909129,0.04827768996909129,0.020270336049018945,0.0759460456775071,84.01390257917136,3.464900192001345
mths_since_last_record,chargeoff_within_12_mths,-0.02772737899068221,0.02772737899068221,0.020270336049018945,0.0021101943384776007,84.01390257917136,0.006073035256305446
mths_since_last_record,delinq_amnt,-0.011387771864285525,0.011387771864285525,0.020270336049018945,0.005947855837318468,84.01390257917136,0.0009343131163546839
mths_since_last_record,mo_sin_old_il_acct,-0.07506984070483903,0.07506984070483903,0.020270336049018945,0.021217795594907888,84.01390257917136,6.365942418282638
mths_since_last_record,mo_sin_old_rev_tl_op,-0.13243153016214582,0.13243153016214582,0.020270336049018945,0.0355852140960437,84.01390257917136,3.3252203811063206
mths_since_last_record,mo_sin_rcnt_rev_tl_op,0.03126431740429974,0.03126431740429974,0.020270336049018945,0.051203064225407595,84.01390257917136,3.3252203811063206
mths_since_last_record,mo_sin_rcnt_tl,0.036517349771022695,0.036517349771022695,0.020270336049018945,0.053452195761061076,84.01390257917136,3.3252203811063206
mths_since_last_record,mort_acc,-0.12790516520620124,0.12790516520620124,0.020270336049018945,0.03244640355720174,84.01390257917136,2.3605420884701087
mths_since_last_record,mths_since_recent_bc,0.030414095042507812,0.030414095042507812,0.020270336049018945,0.043584474650737046,84.01390257917136,3.336899295060754
mths_since_last_record,mths_since_recent_bc_dlq,-0.05406548431725217,0.05406548431725217,0.020270336049018945,0.003137939343701434,84.01390257917136,76.73980781179198
mths_since_last_record,mths_since_recent_inq,0.060797931457170606,0.060797931457170606,0.020270336049018945,0.05320449066537542,84.01390257917136,13.0799164724074
mths_since_last_record,mths_since_recent_revol_delinq,-0.07762485741252968,0.07762485741252968,0.020270336049018945,0.006683612077262269,84.01390257917136,66.9785715286764
mths_since_last_record,num_accts_ever_120_pd,-0.15738450986789926,0.15738450986789926,0.020270336049018945,0.008479117803978793,84.01390257917136,3.3252203811063206
mths_since_last_record,num_actv_bc_tl,0.02446194231288702,0.02446194231288702,0.020270336049018945,0.023449703362199502,84.01390257917136,3.3252203811063206
mths_since_last_record,num_actv_rev_tl,0.038803952351534866,0.038803952351534866,0.020270336049018945,0.05073392113298021,84.01390257917136,3.3252203811063206
mths_since_last_record,num_bc_sats,-0.009662898082222557,0.009662898082222557,0.020270336049018945,0.0042639641381768565,84.01390257917136,2.768836920317106
mths_since_last_record,num_bc_tl,-0.17380380713332255,0.17380380713332255,0.020270336049018945,0.015581876085390736,84.01390257917136,3.3252203811063206
mths_since_last_record,num_il_tl,-0.04563945464544681,0.04563945464544681,0.020270336049018945,0.01028170161323678,84.01390257917136,3.3252203811063206
mths_since_last_record,num_op_rev_tl,0.041565235028326604,0.041565235028326604,0.020270336049018945,0.023613697070117696,84.01390257917136,3.3252203811063206
mths_since_last_record,num_rev_accts,-0.15308645337736546,0.15308645337736546,0.020270336049018945,0.02221329210148946,84.01390257917136,3.3252203811063206
mths_since_last_record,num_rev_tl_bal_gt_0,0.04798747951379921,0.04798747951379921,0.020270336049018945,0.05055527066899223,84.01390257917136,3.3252203811063206
mths_since_last_record,num_sats,0.034720821095936424,0.034720821095936424,0.020270336049018945,0.018432439266359544,84.01390257917136,2.768836920317106
mths_since_last_record,num_tl_120dpd_2m,-0.006778072752842431,0.006778072752842431,0.020270336049018945,0.0022468872711697264,84.01390257917136,7.126940451553529
mths_since_last_record,num_tl_30dpd,-0.019061201619492124,0.019061201619492124,0.020270336049018945,0.0047684994383403794,84.01390257917136,3.3252203811063206
mths_since_last_record,num_tl_90g_dpd_24m,-0.07045897345726398,0.07045897345726398,0.020270336049018945,0.012197969067421339,84.01390257917136,3.3252203811063206
mths_since_last_record,num_tl_op_past_12m,-0.0808598633610991,0.0808598633610991,0.020270336049018945,0.07721411715843976,84.01390257917136,3.3252203811063206
mths_since_last_record,pct_tl_nvr_dlq,0.20905256687770346,0.20905256687770346,0.020270336049018945,0.0037269775784282647,84.01390257917136,3.3308262598044482
mths_since_last_record,percent_bc_gt_75,0.056772294519378874,0.056772294519378874,0.020270336049018945,0.07830303392951792,84.01390257917136,3.4307977632543993
mths_since_last_record,pub_rec_bankruptcies,0.26155790681791263,0.26155790681791263,0.020270336049018945,0.021686175332832822,84.01390257917136,0.06867201405206927
mths_since_last_record,tax_liens,-0.27003303304669785,0.27003303304669785,0.020270336049018945,0.013644503499620549,84.01390257917136,0.0037372524654187356
mths_since_last_record,tot_hi_cred_lim,-0.011646341310800183,0.011646341310800183,0.020270336049018945,0.061955101049037724,84.01390257917136,3.3252203811063206
mths_since_last_record,total_bal_ex_mort,-0.019386871563548066,0.019386871563548066,0.020270336049018945,0.010337636565541718,84.01390257917136,2.3605420884701087
mths_since_last_record,total_bc_limit,0.014211472830263553,0.014211472830263553,0.020270336049018945,0.0727331430169503,84.01390257917136,2.3605420884701087
mths_since_last_record,total_il_high_credit_limit,-0.012005884958201603,0.012005884958201603,0.020270336049018945,0.012103906507566485,84.01390257917136,3.3252203811063206
mths_since_last_record,year_issued,0.12050082786247342,0.12050082786247342,0.020270336049018945,0.14600503649089677,84.01390257917136,0.0
open_acc,pub_rec,-0.016547375973012857,0.016547375973012857,0.01776663231394419,0.02876278231859769,0.0009343131163546839,0.0009343131163546839
open_acc,revol_bal,0.22833488411366734,0.22833488411366734,0.01776663231394419,0.01788359269829698,0.0009343131163546839,0.0
open_acc,revol_util,-0.14328972761081096,0.14328972761081096,0.01776663231394419,0.0695041062279028,0.0009343131163546839,0.08035092800650283
open_acc,total_acc,0.7158741298924681,0.7158741298924681,0.01776663231394419,0.01576646453997829,0.0009343131163546839,0.0009343131163546839
open_acc,initial_list_status,0.037543415123009245,0.037543415123009245,0.01776663231394419,0.06853737524962515,0.0009343131163546839,0.0
open_acc,collections_12_mths_ex_med,0.00925007311747434,0.00925007311747434,0.01776663231394419,0.010052319750769608,0.0009343131163546839,0.006073035256305446
open_acc,mths_since_last_major_derog,0.013594092634280412,0.013594092634280412,0.01776663231394419,0.011389737904839171,0.0009343131163546839,73.97704392673117
open_acc,tot_coll_amt,0.0006549436420927848,0.0006549436420927848,0.01776663231394419,0.0014739431011549038,0.0009343131163546839,3.3252203811063206
open_acc,tot_cur_bal,0.2522727742382124,0.2522727742382124,0.01776663231394419,0.05242633659939442,0.0009343131163546839,3.3252203811063206
open_acc,open_acc_6m,0.2835420480376386,0.2835420480376386,0.01776663231394419,0.06072361227471765,0.0009343131163546839,40.420254039736335
open_acc,open_act_il,0.516158462504895,0.516158462504895,0.01776663231394419,0.008867686360924087,0.0009343131163546839,40.420254039736335
open_acc,open_il_12m,0.1786129253478532,0.1786129253478532,0.01776663231394419,0.06051092067206702,0.0009343131163546839,40.420254039736335
open_acc,open_il_24m,0.25135746798919123,0.25135746798919123,0.01776663231394419,0.06065785469677383,0.0009343131163546839,40.420254039736335
open_acc,mths_since_rcnt_il,-0.16446657700304534,0.16446657700304534,0.01776663231394419,0.03242085839165458,0.0009343131163546839,42.30382928230738
open_acc,total_bal_il,0.3412339953894173,0.3412339953894173,0.01776663231394419,0.001994536754313803,0.0009343131163546839,40.420254039736335
open_acc,il_util,0.12805393067151324,0.12805393067151324,0.01776663231394419,0.05888586629764154,0.0009343131163546839,48.95286857484549
open_acc,open_rv_12m,0.3565815828540803,0.3565815828540803,0.01776663231394419,0.05266258614741897,0.0009343131163546839,40.420254039736335
open_acc,open_rv_24m,0.45885514587504234,0.45885514587504234,0.01776663231394419,0.06912450757964811,0.0009343131163546839,40.420254039736335
open_acc,max_bal_bc,0.11933242094717639,0.11933242094717639,0.01776663231394419,0.03227602521276016,0.0009343131163546839,40.420254039736335
open_acc,all_util,-0.016381049406833322,0.016381049406833322,0.01776663231394419,0.07383862685643393,0.0009343131163546839,40.42679423155082
open_acc,total_rev_hi_lim,0.4195370221340421,0.4195370221340421,0.01776663231394419,0.057416341220561884,0.0009343131163546839,3.3252203811063206
open_acc,inq_fi,0.11776633263453314,0.11776633263453314,0.01776663231394419,0.0368309814014974,0.0009343131163546839,40.420254039736335
open_acc,total_cu_tl,0.10665273199175747,0.10665273199175747,0.01776663231394419,0.009299731041818318,0.0009343131163546839,40.420254039736335
open_acc,inq_last_12m,0.17855431072586248,0.17855431072586248,0.01776663231394419,0.0637314488297478,0.0009343131163546839,40.420254039736335
open_acc,acc_open_past_24mths,0.4927320084481352,0.4927320084481352,0.01776663231394419,0.08867183834751817,0.0009343131163546839,2.3605420884701087
open_acc,avg_cur_bal,-0.10269071372956667,0.10269071372956667,0.01776663231394419,0.0562108691255464,0.0009343131163546839,3.32708900733903
open_acc,bc_open_to_buy,0.3194053215794253,0.3194053215794253,0.01776663231394419,0.08076668691943055,0.0009343131163546839,3.403702682880114
open_acc,bc_util,-0.10611547014519163,0.10611547014519163,0.01776663231394419,0.0759460456775071,0.0009343131163546839,3.464900192001345
open_acc,chargeoff_within_12_mths,0.005309411523971177,0.005309411523971177,0.01776663231394419,0.0021101943384776007,0.0009343131163546839,0.006073035256305446
open_acc,delinq_amnt,0.0025325723225317945,0.0025325723225317945,0.01776663231394419,0.005947855837318468,0.0009343131163546839,0.0009343131163546839
open_acc,mo_sin_old_il_acct,0.1464187031032686,0.1464187031032686,0.01776663231394419,0.021217795594907888,0.0009343131163546839,6.365942418282638
open_acc,mo_sin_old_rev_tl_op,0.1474312459840669,0.1474312459840669,0.01776663231394419,0.0355852140960437,0.0009343131163546839,3.3252203811063206
open_acc,mo_sin_rcnt_rev_tl_op,-0.23651952040074561,0.23651952040074561,0.01776663231394419,0.051203064225407595,0.0009343131163546839,3.3252203811063206
open_acc,mo_sin_rcnt_tl,-0.23591381469204012,0.23591381469204012,0.01776663231394419,0.053452195761061076,0.0009343131163546839,3.3252203811063206
open_acc,mort_acc,0.13267171219756946,0.13267171219756946,0.01776663231394419,0.03244640355720174,0.0009343131163546839,2.3605420884701087
open_acc,mths_since_recent_bc,-0.20685782577422754,0.20685782577422754,0.01776663231394419,0.043584474650737046,0.0009343131163546839,3.336899295060754
open_acc,mths_since_recent_bc_dlq,-0.010558140631693346,0.010558140631693346,0.01776663231394419,0.003137939343701434,0.0009343131163546839,76.73980781179198
open_acc,mths_since_recent_inq,-0.10445708706012617,0.10445708706012617,0.01776663231394419,0.05320449066537542,0.0009343131163546839,13.0799164724074
open_acc,mths_since_recent_revol_delinq,-0.0457229506677928,0.0457229506677928,0.01776663231394419,0.006683612077262269,0.0009343131163546839,66.9785715286764
open_acc,num_accts_ever_120_pd,0.021843196812700385,0.021843196812700385,0.01776663231394419,0.008479117803978793,0.0009343131163546839,3.3252203811063206
open_acc,num_actv_bc_tl,0.560039599559001,0.560039599559001,0.01776663231394419,0.023449703362199502,0.0009343131163546839,3.3252203811063206
open_acc,num_actv_rev_tl,0.6727033254745289,0.6727033254745289,0.01776663231394419,0.05073392113298021,0.0009343131163546839,3.3252203811063206
open_acc,num_bc_sats,0.6398484575408623,0.6398484575408623,0.01776663231394419,0.0042639641381768565,0.0009343131163546839,2.768836920317106
open_acc,num_bc_tl,0.5424273751268455,0.5424273751268455,0.01776663231394419,0.015581876085390736,0.0009343131163546839,3.3252203811063206
open_acc,num_il_tl,0.396199181554876,0.396199181554876,0.01776663231394419,0.01028170161323678,0.0009343131163546839,3.3252203811063206
open_acc,num_op_rev_tl,0.8373467135491417,0.8373467135491417,0.01776663231394419,0.023613697070117696,0.0009343131163546839,3.3252203811063206
open_acc,num_rev_accts,0.6684539655706252,0.6684539655706252,0.01776663231394419,0.02221329210148946,0.0009343131163546839,3.3252203811063206
open_acc,num_rev_tl_bal_gt_0,0.674367196489357,0.674367196489357,0.01776663231394419,0.05055527066899223,0.0009343131163546839,3.3252203811063206
open_acc,num_sats,0.9989570071415533,0.9989570071415533,0.01776663231394419,0.018432439266359544,0.0009343131163546839,2.768836920317106
open_acc,num_tl_120dpd_2m,0.005406257574145546,0.005406257574145546,0.01776663231394419,0.0022468872711697264,0.0009343131163546839,7.126940451553529
open_acc,num_tl_30dpd,0.01605704547740796,0.01605704547740796,0.01776663231394419,0.0047684994383403794,0.0009343131163546839,3.3252203811063206
open_acc,num_tl_90g_dpd_24m,0.010069677706749474,0.010069677706749474,0.01776663231394419,0.012197969067421339,0.0009343131163546839,3.3252203811063206
open_acc,num_tl_op_past_12m,0.37223945860556185,0.37223945860556185,0.01776663231394419,0.07721411715843976,0.0009343131163546839,3.3252203811063206
open_acc,pct_tl_nvr_dlq,0.11341884831587987,0.11341884831587987,0.01776663231394419,0.0037269775784282647,0.0009343131163546839,3.3308262598044482
open_acc,percent_bc_gt_75,-0.09251433822420609,0.09251433822420609,0.01776663231394419,0.07830303392951792,0.0009343131163546839,3.4307977632543993
open_acc,pub_rec_bankruptcies,-0.016722001120153394,0.016722001120153394,0.01776663231394419,0.021686175332832822,0.0009343131163546839,0.06867201405206927
open_acc,tax_liens,-0.006012132047295991,0.006012132047295991,0.01776663231394419,0.013644503499620549,0.0009343131163546839,0.0037372524654187356
open_acc,tot_hi_cred_lim,0.29417286002728665,0.29417286002728665,0.01776663231394419,0.061955101049037724,0.0009343131163546839,3.3252203811063206
open_acc,total_bal_ex_mort,0.3966346371189799,0.3966346371189799,0.01776663231394419,0.010337636565541718,0.0009343131163546839,2.3605420884701087
open_acc,total_bc_limit,0.38670615276213255,0.38670615276213255,0.01776663231394419,0.0727331430169503,0.0009343131163546839,2.3605420884701087
open_acc,total_il_high_credit_limit,0.364458816429048,0.364458816429048,0.01776663231394419,0.012103906507566485,0.0009343131163546839,3.3252203811063206
open_acc,year_issued,0.0365806981178875,0.0365806981178875,0.01776663231394419,0.14600503649089677,0.0009343131163546839,0.0
pub_rec,revol_bal,-0.07898886665116085,0.07898886665116085,0.02876278231859769,0.01788359269829698,0.0009343131163546839,0.0
pub_rec,revol_util,-0.05287522210603625,0.05287522210603625,0.02876278231859769,0.0695041062279028,0.0009343131163546839,0.08035092800650283
pub_rec,total_acc,-0.00033875486406434506,0.00033875486406434506,0.02876278231859769,0.01576646453997829,0.0009343131163546839,0.0009343131163546839
pub_rec,initial_list_status,-0.0008774049346742886,0.0008774049346742886,0.02876278231859769,0.06853737524962515,0.0009343131163546839,0.0
pub_rec,collections_12_mths_ex_med,0.005698878946008754,0.005698878946008754,0.02876278231859769,0.010052319750769608,0.0009343131163546839,0.006073035256305446
pub_rec,mths_since_last_major_derog,0.06783676557626211,0.06783676557626211,0.02876278231859769,0.011389737904839171,0.0009343131163546839,73.97704392673117
pub_rec,tot_coll_amt,0.02450237015063723,0.02450237015063723,0.02876278231859769,0.0014739431011549038,0.0009343131163546839,3.3252203811063206
pub_rec,tot_cur_bal,-0.062446398750648585,0.062446398750648585,0.02876278231859769,0.05242633659939442,0.0009343131163546839,3.3252203811063206
pub_rec,open_acc_6m,0.055243812893670134,0.055243812893670134,0.02876278231859769,0.06072361227471765,0.0009343131163546839,40.420254039736335
pub_rec,open_act_il,-0.026238950231306426,0.026238950231306426,0.02876278231859769,0.008867686360924087,0.0009343131163546839,40.420254039736335
pub_rec,open_il_12m,0.03626526112912756,0.03626526112912756,0.02876278231859769,0.06051092067206702,0.0009343131163546839,40.420254039736335
pub_rec,open_il_24m,0.04260257341041632,0.04260257341041632,0.02876278231859769,0.06065785469677383,0.0009343131163546839,40.420254039736335
pub_rec,mths_since_rcnt_il,-0.017887250698950148,0.017887250698950148,0.02876278231859769,0.03242085839165458,0.0009343131163546839,42.30382928230738
pub_rec,total_bal_il,-0.018898031091555866,0.018898031091555866,0.02876278231859769,0.001994536754313803,0.0009343131163546839,40.420254039736335
pub_rec,il_util,0.02449633148023263,0.02449633148023263,0.02876278231859769,0.05888586629764154,0.0009343131163546839,48.95286857484549
pub_rec,open_rv_12m,0.07694910356039793,0.07694910356039793,0.02876278231859769,0.05266258614741897,0.0009343131163546839,40.420254039736335
pub_rec,open_rv_24m,0.09648827135235918,0.09648827135235918,0.02876278231859769,0.06912450757964811,0.0009343131163546839,40.420254039736335
pub_rec,max_bal_bc,-0.10330279163715812,0.10330279163715812,0.02876278231859769,0.03227602521276016,0.0009343131163546839,40.420254039736335
pub_rec,all_util,-0.0060893541714717465,0.0060893541714717465,0.02876278231859769,0.07383862685643393,0.0009343131163546839,40.42679423155082
pub_rec,total_rev_hi_lim,-0.09711790633315859,0.09711790633315859,0.02876278231859769,0.057416341220561884,0.0009343131163546839,3.3252203811063206
pub_rec,inq_fi,0.06247718828694648,0.06247718828694648,0.02876278231859769,0.0368309814014974,0.0009343131163546839,40.420254039736335
pub_rec,total_cu_tl,-0.000728794319920984,0.000728794319920984,0.02876278231859769,0.009299731041818318,0.0009343131163546839,40.420254039736335
pub_rec,inq_last_12m,0.08381130090811477,0.08381130090811477,0.02876278231859769,0.0637314488297478,0.0009343131163546839,40.420254039736335
pub_rec,acc_open_past_24mths,0.08781847981324592,0.08781847981324592,0.02876278231859769,0.08867183834751817,0.0009343131163546839,2.3605420884701087
pub_rec,avg_cur_bal,-0.048232322046881874,0.048232322046881874,0.02876278231859769,0.0562108691255464,0.0009343131163546839,3.32708900733903
pub_rec,bc_open_to_buy,-0.07936810027747326,0.07936810027747326,0.02876278231859769,0.08076668691943055,0.0009343131163546839,3.403702682880114
pub_rec,bc_util,-0.023637883060876486,0.023637883060876486,0.02876278231859769,0.0759460456775071,0.0009343131163546839,3.464900192001345
pub_rec,chargeoff_within_12_mths,-0.005316976041899785,0.005316976041899785,0.02876278231859769,0.0021101943384776007,0.0009343131163546839,0.006073035256305446
pub_rec,delinq_amnt,0.002765443605845626,0.002765443605845626,0.02876278231859769,0.005947855837318468,0.0009343131163546839,0.0009343131163546839
pub_rec,mo_sin_old_il_acct,0.03530301191971951,0.03530301191971951,0.02876278231859769,0.021217795594907888,0.0009343131163546839,6.365942418282638
pub_rec,mo_sin_old_rev_tl_op,0.038050226458377336,0.038050226458377336,0.02876278231859769,0.0355852140960437,0.0009343131163546839,3.3252203811063206
pub_rec,mo_sin_rcnt_rev_tl_op,-0.055932514772188774,0.055932514772188774,0.02876278231859769,0.051203064225407595,0.0009343131163546839,3.3252203811063206
pub_rec,mo_sin_rcnt_tl,-0.04938171516269222,0.04938171516269222,0.02876278231859769,0.053452195761061076,0.0009343131163546839,3.3252203811063206
pub_rec,mort_acc,-0.013122764243293169,0.013122764243293169,0.02876278231859769,0.03244640355720174,0.0009343131163546839,2.3605420884701087
pub_rec,mths_since_recent_bc,-0.04119002543062911,0.04119002543062911,0.02876278231859769,0.043584474650737046,0.0009343131163546839,3.336899295060754
pub_rec,mths_since_recent_bc_dlq,0.08030724659964042,0.08030724659964042,0.02876278231859769,0.003137939343701434,0.0009343131163546839,76.73980781179198
pub_rec,mths_since_recent_inq,-0.04928173337152185,0.04928173337152185,0.02876278231859769,0.05320449066537542,0.0009343131163546839,13.0799164724074
pub_rec,mths_since_recent_revol_delinq,0.07405798709316729,0.07405798709316729,0.02876278231859769,0.006683612077262269,0.0009343131163546839,66.9785715286764
pub_rec,num_accts_ever_120_pd,0.008510005075667968,0.008510005075667968,0.02876278231859769,0.008479117803978793,0.0009343131163546839,3.3252203811063206
pub_rec,num_actv_bc_tl,-0.0346017325508093,0.0346017325508093,0.02876278231859769,0.023449703362199502,0.0009343131163546839,3.3252203811063206
pub_rec,num_actv_rev_tl,-0.003927611620076395,0.003927611620076395,0.02876278231859769,0.05073392113298021,0.0009343131163546839,3.3252203811063206
pub_rec,num_bc_sats,-0.03681373337128255,0.03681373337128255,0.02876278231859769,0.0042639641381768565,0.0009343131163546839,2.768836920317106
pub_rec,num_bc_tl,-0.007734251768918984,0.007734251768918984,0.02876278231859769,0.015581876085390736,0.0009343131163546839,3.3252203811063206
pub_rec,num_il_tl,-0.016270066964915095,0.016270066964915095,0.02876278231859769,0.01028170161323678,0.0009343131163546839,3.3252203811063206
pub_rec,num_op_rev_tl,0.0010628298875716116,0.0010628298875716116,0.02876278231859769,0.023613697070117696,0.0009343131163546839,3.3252203811063206
pub_rec,num_rev_accts,0.01621733592395925,0.01621733592395925,0.02876278231859769,0.02221329210148946,0.0009343131163546839,3.3252203811063206
pub_rec,num_rev_tl_bal_gt_0,-0.008294829652153977,0.008294829652153977,0.02876278231859769,0.05055527066899223,0.0009343131163546839,3.3252203811063206
pub_rec,num_sats,-0.023479888163403552,0.023479888163403552,0.02876278231859769,0.018432439266359544,0.0009343131163546839,2.768836920317106
pub_rec,num_tl_120dpd_2m,5.319049150769442e-05,5.319049150769442e-05,0.02876278231859769,0.0022468872711697264,0.0009343131163546839,7.126940451553529
pub_rec,num_tl_30dpd,-0.0017782701706400674,0.0017782701706400674,0.02876278231859769,0.0047684994383403794,0.0009343131163546839,3.3252203811063206
pub_rec,num_tl_90g_dpd_24m,-0.004181945028379157,0.004181945028379157,0.02876278231859769,0.012197969067421339,0.0009343131163546839,3.3252203811063206
pub_rec,num_tl_op_past_12m,0.07722329266220417,0.07722329266220417,0.02876278231859769,0.07721411715843976,0.0009343131163546839,3.3252203811063206
pub_rec,pct_tl_nvr_dlq,-0.005127085788976365,0.005127085788976365,0.02876278231859769,0.0037269775784282647,0.0009343131163546839,3.3308262598044482
pub_rec,percent_bc_gt_75,-0.03359483261834486,0.03359483261834486,0.02876278231859769,0.07830303392951792,0.0009343131163546839,3.4307977632543993
pub_rec,pub_rec_bankruptcies,0.6331864306256897,0.6331864306256897,0.02876278231859769,0.021686175332832822,0.0009343131163546839,0.06867201405206927
pub_rec,tax_liens,0.728608931764074,0.728608931764074,0.02876278231859769,0.013644503499620549,0.0009343131163546839,0.0037372524654187356
pub_rec,tot_hi_cred_lim,-0.0682744514495246,0.0682744514495246,0.02876278231859769,0.061955101049037724,0.0009343131163546839,3.3252203811063206
pub_rec,total_bal_ex_mort,-0.05242113790789383,0.05242113790789383,0.02876278231859769,0.010337636565541718,0.0009343131163546839,2.3605420884701087
pub_rec,total_bc_limit,-0.119938005042441,0.119938005042441,0.02876278231859769,0.0727331430169503,0.0009343131163546839,2.3605420884701087
pub_rec,total_il_high_credit_limit,-0.024510988631374676,0.024510988631374676,0.02876278231859769,0.012103906507566485,0.0009343131163546839,3.3252203811063206
pub_rec,year_issued,0.01357257904329543,0.01357257904329543,0.02876278231859769,0.14600503649089677,0.0009343131163546839,0.0
revol_bal,revol_util,0.24149781625594316,0.24149781625594316,0.01788359269829698,0.0695041062279028,0.0,0.08035092800650283
revol_bal,total_acc,0.19856256936680516,0.19856256936680516,0.01788359269829698,0.01576646453997829,0.0,0.0009343131163546839
revol_bal,initial_list_status,0.02653078155509792,0.02653078155509792,0.01788359269829698,0.06853737524962515,0.0,0.0
revol_bal,collections_12_mths_ex_med,-0.02022416359614568,0.02022416359614568,0.01788359269829698,0.010052319750769608,0.0,0.006073035256305446
revol_bal,mths_since_last_major_derog,0.0023765649194605323,0.0023765649194605323,0.01788359269829698,0.011389737904839171,0.0,73.97704392673117
revol_bal,tot_coll_amt,-0.030720009625251427,0.030720009625251427,0.01788359269829698,0.0014739431011549038,0.0,3.3252203811063206
revol_bal,tot_cur_bal,0.4403243417095282,0.4403243417095282,0.01788359269829698,0.05242633659939442,0.0,3.3252203811063206
revol_bal,open_acc_6m,-0.023373406227009678,0.023373406227009678,0.01788359269829698,0.06072361227471765,0.0,40.420254039736335
revol_bal,open_act_il,0.018575685487782226,0.018575685487782226,0.01788359269829698,0.008867686360924087,0.0,40.420254039736335
revol_bal,open_il_12m,-0.025301737466526582,0.025301737466526582,0.01788359269829698,0.06051092067206702,0.0,40.420254039736335
revol_bal,open_il_24m,-0.006281865667543719,0.006281865667543719,0.01788359269829698,0.06065785469677383,0.0,40.420254039736335
revol_bal,mths_since_rcnt_il,0.00875179336616812,0.00875179336616812,0.01788359269829698,0.03242085839165458,0.0,42.30382928230738
revol_bal,total_bal_il,0.11576188860320732,0.11576188860320732,0.01788359269829698,0.001994536754313803,0.0,40.420254039736335
revol_bal,il_util,-0.09396776035433206,0.09396776035433206,0.01788359269829698,0.05888586629764154,0.0,48.95286857484549
revol_bal,open_rv_12m,-0.014869290137832577,0.014869290137832577,0.01788359269829698,0.05266258614741897,0.0,40.420254039736335
revol_bal,open_rv_24m,-0.00993294231218913,0.00993294231218913,0.01788359269829698,0.06912450757964811,0.0,40.420254039736335
revol_bal,max_bal_bc,0.5454403863266621,0.5454403863266621,0.01788359269829698,0.03227602521276016,0.0,40.420254039736335
revol_bal,all_util,0.11297377038002292,0.11297377038002292,0.01788359269829698,0.07383862685643393,0.0,40.42679423155082
revol_bal,total_rev_hi_lim,0.8097876726971367,0.8097876726971367,0.01788359269829698,0.057416341220561884,0.0,3.3252203811063206
revol_bal,inq_fi,-0.04121051823810045,0.04121051823810045,0.01788359269829698,0.0368309814014974,0.0,40.420254039736335
revol_bal,total_cu_tl,0.04270286150082649,0.04270286150082649,0.01788359269829698,0.009299731041818318,0.0,40.420254039736335
revol_bal,inq_last_12m,-0.027377888094434682,0.027377888094434682,0.01788359269829698,0.0637314488297478,0.0,40.420254039736335
revol_bal,acc_open_past_24mths,-0.012057764840378694,0.012057764840378694,0.01788359269829698,0.08867183834751817,0.0,2.3605420884701087
revol_bal,avg_cur_bal,0.28209019610435776,0.28209019610435776,0.01788359269829698,0.0562108691255464,0.0,3.32708900733903
revol_bal,bc_open_to_buy,0.16094758798950545,0.16094758798950545,0.01788359269829698,0.08076668691943055,0.0,3.403702682880114
revol_bal,bc_util,0.17613388847223524,0.17613388847223524,0.01788359269829698,0.0759460456775071,0.0,3.464900192001345
revol_bal,chargeoff_within_12_mths,-0.01203826936212729,0.01203826936212729,0.01788359269829698,0.0021101943384776007,0.0,0.006073035256305446
revol_bal,delinq_amnt,0.01907008347745807,0.01907008347745807,0.01788359269829698,0.005947855837318468,0.0,0.0009343131163546839
revol_bal,mo_sin_old_il_acct,0.1008655910548394,0.1008655910548394,0.01788359269829698,0.021217795594907888,0.0,6.365942418282638
revol_bal,mo_sin_old_rev_tl_op,0.2269850485793878,0.2269850485793878,0.01788359269829698,0.0355852140960437,0.0,3.3252203811063206
revol_bal,mo_sin_rcnt_rev_tl_op,0.024637165584903635,0.024637165584903635,0.01788359269829698,0.051203064225407595,0.0,3.3252203811063206
revol_bal,mo_sin_rcnt_tl,0.0227699497799248,0.0227699497799248,0.01788359269829698,0.053452195761061076,0.0,3.3252203811063206
revol_bal,mort_acc,0.21186164281043093,0.21186164281043093,0.01788359269829698,0.03244640355720174,0.0,2.3605420884701087
revol_bal,mths_since_recent_bc,0.03027005934999797,0.03027005934999797,0.01788359269829698,0.043584474650737046,0.0,3.336899295060754
revol_bal,mths_since_recent_bc_dlq,-0.02990489385879489,0.02990489385879489,0.01788359269829698,0.003137939343701434,0.0,76.73980781179198
revol_bal,mths_since_recent_inq,0.010411584450657757,0.010411584450657757,0.01788359269829698,0.05320449066537542,0.0,13.0799164724074
revol_bal,mths_since_recent_revol_delinq,-0.034714301157436234,0.034714301157436234,0.01788359269829698,0.006683612077262269,0.0,66.9785715286764
revol_bal,num_accts_ever_120_pd,-0.07845981651247119,0.07845981651247119,0.01788359269829698,0.008479117803978793,0.0,3.3252203811063206
revol_bal,num_actv_bc_tl,0.30777709393239205,0.30777709393239205,0.01788359269829698,0.023449703362199502,0.0,3.3252203811063206
revol_bal,num_actv_rev_tl,0.30461269496076326,0.30461269496076326,0.01788359269829698,0.05073392113298021,0.0,3.3252203811063206
revol_bal,num_bc_sats,0.2747862523566623,0.2747862523566623,0.01788359269829698,0.0042639641381768565,0.0,2.768836920317106
revol_bal,num_bc_tl,0.22983540910133274,0.22983540910133274,0.01788359269829698,0.015581876085390736,0.0,3.3252203811063206
revol_bal,num_il_tl,0.025603259209616213,0.025603259209616213,0.01788359269829698,0.01028170161323678,0.0,3.3252203811063206
revol_bal,num_op_rev_tl,0.23421355308706848,0.23421355308706848,0.01788359269829698,0.023613697070117696,0.0,3.3252203811063206
revol_bal,num_rev_accts,0.21746646421022606,0.21746646421022606,0.01788359269829698,0.02221329210148946,0.0,3.3252203811063206
revol_bal,num_rev_tl_bal_gt_0,0.304830257154483,0.304830257154483,0.01788359269829698,0.05055527066899223,0.0,3.3252203811063206
revol_bal,num_sats,0.22705015923768856,0.22705015923768856,0.01788359269829698,0.018432439266359544,0.0,2.768836920317106
revol_bal,num_tl_120dpd_2m,-0.0012009810190517114,0.0012009810190517114,0.01788359269829698,0.0022468872711697264,0.0,7.126940451553529
revol_bal,num_tl_30dpd,-0.0019316613256451123,0.0019316613256451123,0.01788359269829698,0.0047684994383403794,0.0,3.3252203811063206
revol_bal,num_tl_90g_dpd_24m,-0.033009248967148984,0.033009248967148984,0.01788359269829698,0.012197969067421339,0.0,3.3252203811063206
revol_bal,num_tl_op_past_12m,-0.023861278924943403,0.023861278924943403,0.01788359269829698,0.07721411715843976,0.0,3.3252203811063206
revol_bal,pct_tl_nvr_dlq,0.11137915571239289,0.11137915571239289,0.01788359269829698,0.0037269775784282647,0.0,3.3308262598044482
revol_bal,percent_bc_gt_75,0.14136594940294864,0.14136594940294864,0.01788359269829698,0.07830303392951792,0.0,3.4307977632543993
revol_bal,pub_rec_bankruptcies,-0.10582754737932677,0.10582754737932677,0.01788359269829698,0.021686175332832822,0.0,0.06867201405206927
revol_bal,tax_liens,-0.007388730419444861,0.007388730419444861,0.01788359269829698,0.013644503499620549,0.0,0.0037372524654187356
revol_bal,tot_hi_cred_lim,0.4570399165379567,0.4570399165379567,0.01788359269829698,0.061955101049037724,0.0,3.3252203811063206
revol_bal,total_bal_ex_mort,0.5238489538587434,0.5238489538587434,0.01788359269829698,0.010337636565541718,0.0,2.3605420884701087
revol_bal,total_bc_limit,0.4685630872048953,0.4685630872048953,0.01788359269829698,0.0727331430169503,0.0,2.3605420884701087
revol_bal,total_il_high_credit_limit,0.1484926045176169,0.1484926045176169,0.01788359269829698,0.012103906507566485,0.0,3.3252203811063206
revol_bal,year_issued,-0.0009693576635893908,0.0009693576635893908,0.01788359269829698,0.14600503649089677,0.0,0.0
revol_util,total_acc,-0.09933460275591394,0.09933460275591394,0.0695041062279028,0.01576646453997829,0.08035092800650283,0.0009343131163546839
revol_util,initial_list_status,-0.08582871651380243,0.08582871651380243,0.0695041062279028,0.06853737524962515,0.08035092800650283,0.0
revol_util,collections_12_mths_ex_med,-0.03124427479403271,0.03124427479403271,0.0695041062279028,0.010052319750769608,0.08035092800650283,0.006073035256305446
revol_util,mths_since_last_major_derog,-0.008148584271622105,0.008148584271622105,0.0695041062279028,0.011389737904839171,0.08035092800650283,73.97704392673117
revol_util,tot_coll_amt,-0.04046107820208864,0.04046107820208864,0.0695041062279028,0.0014739431011549038,0.08035092800650283,3.3252203811063206
revol_util,tot_cur_bal,0.08676460494025838,0.08676460494025838,0.0695041062279028,0.05242633659939442,0.08035092800650283,3.3252203811063206
revol_util,open_acc_6m,-0.19678933491506317,0.19678933491506317,0.0695041062279028,0.06072361227471765,0.08035092800650283,40.420254039736335
revol_util,open_act_il,0.040902778565787945,0.040902778565787945,0.0695041062279028,0.008867686360924087,0.08035092800650283,40.420254039736335
revol_util,open_il_12m,-0.1030954497731497,0.1030954497731497,0.0695041062279028,0.06051092067206702,0.08035092800650283,40.420254039736335
revol_util,open_il_24m,-0.0823499729966408,0.0823499729966408,0.0695041062279028,0.06065785469677383,0.08035092800650283,40.420254039736335
revol_util,mths_since_rcnt_il,0.07561826457253612,0.07561826457253612,0.0695041062279028,0.03242085839165458,0.08035092800650283,42.30382928230738
revol_util,total_bal_il,0.021910661661155344,0.021910661661155344,0.0695041062279028,0.001994536754313803,0.08035092800650283,40.420254039736335
revol_util,il_util,-0.0730677393508481,0.0730677393508481,0.0695041062279028,0.05888586629764154,0.08035092800650283,48.95286857484549
revol_util,open_rv_12m,-0.21129957368369887,0.21129957368369887,0.0695041062279028,0.05266258614741897,0.08035092800650283,40.420254039736335
revol_util,open_rv_24m,-0.23304848036655343,0.23304848036655343,0.0695041062279028,0.06912450757964811,0.08035092800650283,40.420254039736335
revol_util,max_bal_bc,0.33235072021174805,0.33235072021174805,0.0695041062279028,0.03227602521276016,0.08035092800650283,40.420254039736335
revol_util,all_util,0.6668418000746948,0.6668418000746948,0.0695041062279028,0.07383862685643393,0.08035092800650283,40.42679423155082
revol_util,total_rev_hi_lim,-0.13902738349485458,0.13902738349485458,0.0695041062279028,0.057416341220561884,0.08035092800650283,3.3252203811063206
revol_util,inq_fi,-0.09401272027495364,0.09401272027495364,0.0695041062279028,0.0368309814014974,0.08035092800650283,40.420254039736335
revol_util,total_cu_tl,0.02292362415274102,0.02292362415274102,0.0695041062279028,0.009299731041818318,0.08035092800650283,40.420254039736335
revol_util,inq_last_12m,-0.1343984899828258,0.1343984899828258,0.0695041062279028,0.0637314488297478,0.08035092800650283,40.420254039736335
revol_util,acc_open_past_24mths,-0.22921170352838147,0.22921170352838147,0.0695041062279028,0.08867183834751817,0.08035092800650283,2.3605420884701087
revol_util,avg_cur_bal,0.13396645149140116,0.13396645149140116,0.0695041062279028,0.0562108691255464,0.08035092800650283,3.32708900733903
revol_util,bc_open_to_buy,-0.47960542237206066,0.47960542237206066,0.0695041062279028,0.08076668691943055,0.08035092800650283,3.403702682880114
revol_util,bc_util,0.8678421845596291,0.8678421845596291,0.0695041062279028,0.0759460456775071,0.08035092800650283,3.464900192001345
revol_util,chargeoff_within_12_mths,-0.011792578272771012,0.011792578272771012,0.0695041062279028,0.0021101943384776007,0.08035092800650283,0.006073035256305446
revol_util,delinq_amnt,5.853347264461913e-05,5.853347264461913e-05,0.0695041062279028,0.005947855837318468,0.08035092800650283,0.0009343131163546839
revol_util,mo_sin_old_il_acct,0.06871326070918554,0.06871326070918554,0.0695041062279028,0.021217795594907888,0.08035092800650283,6.365942418282638
revol_util,mo_sin_old_rev_tl_op,0.0274007922235371,0.0274007922235371,0.0695041062279028,0.0355852140960437,0.08035092800650283,3.3252203811063206
revol_util,mo_sin_rcnt_rev_tl_op,0.18321147953808548,0.18321147953808548,0.0695041062279028,0.051203064225407595,0.08035092800650283,3.3252203811063206
revol_util,mo_sin_rcnt_tl,0.17336274759306727,0.17336274759306727,0.0695041062279028,0.053452195761061076,0.08035092800650283,3.3252203811063206
revol_util,mort_acc,0.03798602062883367,0.03798602062883367,0.0695041062279028,0.03244640355720174,0.08035092800650283,2.3605420884701087
revol_util,mths_since_recent_bc,0.15038586702545279,0.15038586702545279,0.0695041062279028,0.043584474650737046,0.08035092800650283,3.336899295060754
revol_util,mths_since_recent_bc_dlq,0.008121513605225558,0.008121513605225558,0.0695041062279028,0.003137939343701434,0.08035092800650283,76.73980781179198
revol_util,mths_since_recent_inq,0.09662733990242788,0.09662733990242788,0.0695041062279028,0.05320449066537542,0.08035092800650283,13.0799164724074
revol_util,mths_since_recent_revol_delinq,0.020466108767738498,0.020466108767738498,0.0695041062279028,0.006683612077262269,0.08035092800650283,66.9785715286764
revol_util,num_accts_ever_120_pd,-0.02480956137281881,0.02480956137281881,0.0695041062279028,0.008479117803978793,0.08035092800650283,3.3252203811063206
revol_util,num_actv_bc_tl,0.09697367527067054,0.09697367527067054,0.0695041062279028,0.023449703362199502,0.08035092800650283,3.3252203811063206
revol_util,num_actv_rev_tl,0.10032286947261834,0.10032286947261834,0.0695041062279028,0.05073392113298021,0.08035092800650283,3.3252203811063206
revol_util,num_bc_sats,-0.12797593399826854,0.12797593399826854,0.0695041062279028,0.0042639641381768565,0.08035092800650283,2.768836920317106
revol_util,num_bc_tl,-0.1276045889008748,0.1276045889008748,0.0695041062279028,0.015581876085390736,0.08035092800650283,3.3252203811063206
revol_util,num_il_tl,0.015552531375547865,0.015552531375547865,0.0695041062279028,0.01028170161323678,0.08035092800650283,3.3252203811063206
revol_util,num_op_rev_tl,-0.20612843243973705,0.20612843243973705,0.0695041062279028,0.023613697070117696,0.08035092800650283,3.3252203811063206
revol_util,num_rev_accts,-0.17199076364999602,0.17199076364999602,0.0695041062279028,0.02221329210148946,0.08035092800650283,3.3252203811063206
revol_util,num_rev_tl_bal_gt_0,0.10725811024454932,0.10725811024454932,0.0695041062279028,0.05055527066899223,0.08035092800650283,3.3252203811063206
revol_util,num_sats,-0.1457737803194492,0.1457737803194492,0.0695041062279028,0.018432439266359544,0.08035092800650283,2.768836920317106
revol_util,num_tl_120dpd_2m,-0.005871021347718248,0.005871021347718248,0.0695041062279028,0.0022468872711697264,0.08035092800650283,7.126940451553529
revol_util,num_tl_30dpd,-0.017107989305867963,0.017107989305867963,0.0695041062279028,0.0047684994383403794,0.08035092800650283,3.3252203811063206
revol_util,num_tl_90g_dpd_24m,-0.005551947504815975,0.005551947504815975,0.0695041062279028,0.012197969067421339,0.08035092800650283,3.3252203811063206
revol_util,num_tl_op_past_12m,-0.2215999227402529,0.2215999227402529,0.0695041062279028,0.07721411715843976,0.08035092800650283,3.3252203811063206
revol_util,pct_tl_nvr_dlq,-0.027823555043286652,0.027823555043286652,0.0695041062279028,0.0037269775784282647,0.08035092800650283,3.3308262598044482
revol_util,percent_bc_gt_75,0.7384989167844085,0.7384989167844085,0.0695041062279028,0.07830303392951792,0.08035092800650283,3.4307977632543993
revol_util,pub_rec_bankruptcies,-0.07719182254931663,0.07719182254931663,0.0695041062279028,0.021686175332832822,0.08035092800650283,0.06867201405206927
revol_util,tax_liens,-0.004146308530172651,0.004146308530172651,0.0695041062279028,0.013644503499620549,0.08035092800650283,0.0037372524654187356
revol_util,tot_hi_cred_lim,0.028232790578836098,0.028232790578836098,0.0695041062279028,0.061955101049037724,0.08035092800650283,3.3252203811063206
revol_util,total_bal_ex_mort,0.12226772225607319,0.12226772225607319,0.0695041062279028,0.010337636565541718,0.08035092800650283,2.3605420884701087
revol_util,total_bc_limit,-0.17704765166416675,0.17704765166416675,0.0695041062279028,0.0727331430169503,0.08035092800650283,2.3605420884701087
revol_util,total_il_high_credit_limit,0.031176370146597004,0.031176370146597004,0.0695041062279028,0.012103906507566485,0.08035092800650283,3.3252203811063206
revol_util,year_issued,-0.16151929131499862,0.16151929131499862,0.0695041062279028,0.14600503649089677,0.08035092800650283,0.0
total_acc,initial_list_status,0.007604881413110071,0.007604881413110071,0.01576646453997829,0.06853737524962515,0.0009343131163546839,0.0
total_acc,collections_12_mths_ex_med,0.005751765899419723,0.005751765899419723,0.01576646453997829,0.010052319750769608,0.0009343131163546839,0.006073035256305446
total_acc,mths_since_last_major_derog,-0.04393766005313229,0.04393766005313229,0.01576646453997829,0.011389737904839171,0.0009343131163546839,73.97704392673117
total_acc,tot_coll_amt,0.020347343417965586,0.020347343417965586,0.01576646453997829,0.0014739431011549038,0.0009343131163546839,3.3252203811063206
total_acc,tot_cur_bal,0.3198892660678467,0.3198892660678467,0.01576646453997829,0.05242633659939442,0.0009343131163546839,3.3252203811063206
total_acc,open_acc_6m,0.26176204697774597,0.26176204697774597,0.01576646453997829,0.06072361227471765,0.0009343131163546839,40.420254039736335
total_acc,open_act_il,0.39536378264402916,0.39536378264402916,0.01576646453997829,0.008867686360924087,0.0009343131163546839,40.420254039736335
total_acc,open_il_12m,0.2608524795603948,0.2608524795603948,0.01576646453997829,0.06051092067206702,0.0009343131163546839,40.420254039736335
total_acc,open_il_24m,0.3554516422105159,0.3554516422105159,0.01576646453997829,0.06065785469677383,0.0009343131163546839,40.420254039736335
total_acc,mths_since_rcnt_il,-0.19567012550537385,0.19567012550537385,0.01576646453997829,0.03242085839165458,0.0009343131163546839,42.30382928230738
total_acc,total_bal_il,0.41253247246457525,0.41253247246457525,0.01576646453997829,0.001994536754313803,0.0009343131163546839,40.420254039736335
total_acc,il_util,0.11766121640323193,0.11766121640323193,0.01576646453997829,0.05888586629764154,0.0009343131163546839,48.95286857484549
total_acc,open_rv_12m,0.2506572071228847,0.2506572071228847,0.01576646453997829,0.05266258614741897,0.0009343131163546839,40.420254039736335
total_acc,open_rv_24m,0.3121620287355334,0.3121620287355334,0.01576646453997829,0.06912450757964811,0.0009343131163546839,40.420254039736335
total_acc,max_bal_bc,0.13879575571963693,0.13879575571963693,0.01576646453997829,0.03227602521276016,0.0009343131163546839,40.420254039736335
total_acc,all_util,0.0011260073638763044,0.0011260073638763044,0.01576646453997829,0.07383862685643393,0.0009343131163546839,40.42679423155082
total_acc,total_rev_hi_lim,0.3370585524572677,0.3370585524572677,0.01576646453997829,0.057416341220561884,0.0009343131163546839,3.3252203811063206
total_acc,inq_fi,0.17194206088671607,0.17194206088671607,0.01576646453997829,0.0368309814014974,0.0009343131163546839,40.420254039736335
total_acc,total_cu_tl,0.2922523983351509,0.2922523983351509,0.01576646453997829,0.009299731041818318,0.0009343131163546839,40.420254039736335
total_acc,inq_last_12m,0.21398146391807701,0.21398146391807701,0.01576646453997829,0.0637314488297478,0.0009343131163546839,40.420254039736335
total_acc,acc_open_past_24mths,0.43199759128361415,0.43199759128361415,0.01576646453997829,0.08867183834751817,0.0009343131163546839,2.3605420884701087
total_acc,avg_cur_bal,0.05992863498355267,0.05992863498355267,0.01576646453997829,0.0562108691255464,0.0009343131163546839,3.32708900733903
total_acc,bc_open_to_buy,0.24200219075570112,0.24200219075570112,0.01576646453997829,0.08076668691943055,0.0009343131163546839,3.403702682880114
total_acc,bc_util,-0.07622482808029955,0.07622482808029955,0.01576646453997829,0.0759460456775071,0.0009343131163546839,3.464900192001345
total_acc,chargeoff_within_12_mths,0.03734774027579894,0.03734774027579894,0.01576646453997829,0.0021101943384776007,0.0009343131163546839,0.006073035256305446
total_acc,delinq_amnt,0.004576963201663034,0.004576963201663034,0.01576646453997829,0.005947855837318468,0.0009343131163546839,0.0009343131163546839
total_acc,mo_sin_old_il_acct,0.34062249724981214,0.34062249724981214,0.01576646453997829,0.021217795594907888,0.0009343131163546839,6.365942418282638
total_acc,mo_sin_old_rev_tl_op,0.28448524948900605,0.28448524948900605,0.01576646453997829,0.0355852140960437,0.0009343131163546839,3.3252203811063206
total_acc,mo_sin_rcnt_rev_tl_op,-0.17081372609979767,0.17081372609979767,0.01576646453997829,0.051203064225407595,0.0009343131163546839,3.3252203811063206
total_acc,mo_sin_rcnt_tl,-0.21779946842647122,0.21779946842647122,0.01576646453997829,0.053452195761061076,0.0009343131163546839,3.3252203811063206
total_acc,mort_acc,0.3690306105937474,0.3690306105937474,0.01576646453997829,0.03244640355720174,0.0009343131163546839,2.3605420884701087
total_acc,mths_since_recent_bc,-0.12287997315101633,0.12287997315101633,0.01576646453997829,0.043584474650737046,0.0009343131163546839,3.336899295060754
total_acc,mths_since_recent_bc_dlq,0.010491816836638133,0.010491816836638133,0.01576646453997829,0.003137939343701434,0.0009343131163546839,76.73980781179198
total_acc,mths_since_recent_inq,-0.12858301981801762,0.12858301981801762,0.01576646453997829,0.05320449066537542,0.0009343131163546839,13.0799164724074
total_acc,mths_since_recent_revol_delinq,-0.014934455217708685,0.014934455217708685,0.01576646453997829,0.006683612077262269,0.0009343131163546839,66.9785715286764
total_acc,num_accts_ever_120_pd,0.14910947925810714,0.14910947925810714,0.01576646453997829,0.008479117803978793,0.0009343131163546839,3.3252203811063206
total_acc,num_actv_bc_tl,0.31099868762665456,0.31099868762665456,0.01576646453997829,0.023449703362199502,0.0009343131163546839,3.3252203811063206
total_acc,num_actv_rev_tl,0.4159574110707257,0.4159574110707257,0.01576646453997829,0.05073392113298021,0.0009343131163546839,3.3252203811063206
total_acc,num_bc_sats,0.40915528032590953,0.40915528032590953,0.01576646453997829,0.0042639641381768565,0.0009343131163546839,2.768836920317106
total_acc,num_bc_tl,0.628203781971,0.628203781971,0.01576646453997829,0.015581876085390736,0.0009343131163546839,3.3252203811063206
total_acc,num_il_tl,0.6889361062978021,0.6889361062978021,0.01576646453997829,0.01028170161323678,0.0009343131163546839,3.3252203811063206
total_acc,num_op_rev_tl,0.5721241893450458,0.5721241893450458,0.01576646453997829,0.023613697070117696,0.0009343131163546839,3.3252203811063206
total_acc,num_rev_accts,0.7646899072000708,0.7646899072000708,0.01576646453997829,0.02221329210148946,0.0009343131163546839,3.3252203811063206
total_acc,num_rev_tl_bal_gt_0,0.41622309735100976,0.41622309735100976,0.01576646453997829,0.05055527066899223,0.0009343131163546839,3.3252203811063206
total_acc,num_sats,0.7135722481634065,0.7135722481634065,0.01576646453997829,0.018432439266359544,0.0009343131163546839,2.768836920317106
total_acc,num_tl_120dpd_2m,0.01049469181083702,0.01049469181083702,0.01576646453997829,0.0022468872711697264,0.0009343131163546839,7.126940451553529
total_acc,num_tl_30dpd,0.023010641929039368,0.023010641929039368,0.01576646453997829,0.0047684994383403794,0.0009343131163546839,3.3252203811063206
total_acc,num_tl_90g_dpd_24m,0.06901660606559366,0.06901660606559366,0.01576646453997829,0.012197969067421339,0.0009343131163546839,3.3252203811063206
total_acc,num_tl_op_past_12m,0.33544257779754094,0.33544257779754094,0.01576646453997829,0.07721411715843976,0.0009343131163546839,3.3252203811063206
total_acc,pct_tl_nvr_dlq,0.021745779926561872,0.021745779926561872,0.01576646453997829,0.0037269775784282647,0.0009343131163546839,3.3308262598044482
total_acc,percent_bc_gt_75,-0.0604373749942627,0.0604373749942627,0.01576646453997829,0.07830303392951792,0.0009343131163546839,3.4307977632543993
total_acc,pub_rec_bankruptcies,0.02026387335361017,0.02026387335361017,0.01576646453997829,0.021686175332832822,0.0009343131163546839,0.06867201405206927
total_acc,tax_liens,-0.015714018856359795,0.015714018856359795,0.01576646453997829,0.013644503499620549,0.0009343131163546839,0.0037372524654187356
total_acc,tot_hi_cred_lim,0.34516728878711644,0.34516728878711644,0.01576646453997829,0.061955101049037724,0.0009343131163546839,3.3252203811063206
total_acc,total_bal_ex_mort,0.4308901417602201,0.4308901417602201,0.01576646453997829,0.010337636565541718,0.0009343131163546839,2.3605420884701087
total_acc,total_bc_limit,0.2946535633976097,0.2946535633976097,0.01576646453997829,0.0727331430169503,0.0009343131163546839,2.3605420884701087
total_acc,total_il_high_credit_limit,0.42216312082467966,0.42216312082467966,0.01576646453997829,0.012103906507566485,0.0009343131163546839,3.3252203811063206
total_acc,year_issued,-0.05947892360959017,0.05947892360959017,0.01576646453997829,0.14600503649089677,0.0009343131163546839,0.0
initial_list_status,collections_12_mths_ex_med,0.009587690291007658,0.009587690291007658,0.06853737524962515,0.010052319750769608,0.0,0.006073035256305446
initial_list_status,mths_since_last_major_derog,0.020346228728210403,0.020346228728210403,0.06853737524962515,0.011389737904839171,0.0,73.97704392673117
initial_list_status,tot_coll_amt,0.0011256186324364473,0.0011256186324364473,0.06853737524962515,0.0014739431011549038,0.0,3.3252203811063206
initial_list_status,tot_cur_bal,0.0390126761063701,0.0390126761063701,0.06853737524962515,0.05242633659939442,0.0,3.3252203811063206
initial_list_status,open_acc_6m,-0.030263327175434243,0.030263327175434243,0.06853737524962515,0.06072361227471765,0.0,40.420254039736335
initial_list_status,open_act_il,-4.1693157616547346e-05,4.1693157616547346e-05,0.06853737524962515,0.008867686360924087,0.0,40.420254039736335
initial_list_status,open_il_12m,-0.025330342362321463,0.025330342362321463,0.06853737524962515,0.06051092067206702,0.0,40.420254039736335
initial_list_status,open_il_24m,-0.020031514403436385,0.020031514403436385,0.06853737524962515,0.06065785469677383,0.0,40.420254039736335
initial_list_status,mths_since_rcnt_il,0.013306696035052462,0.013306696035052462,0.06853737524962515,0.03242085839165458,0.0,42.30382928230738
initial_list_status,total_bal_il,0.011750397735836738,0.011750397735836738,0.06853737524962515,0.001994536754313803,0.0,40.420254039736335
initial_list_status,il_util,-0.027446180563740742,0.027446180563740742,0.06853737524962515,0.05888586629764154,0.0,48.95286857484549
initial_list_status,open_rv_12m,-0.0333565508006921,0.0333565508006921,0.06853737524962515,0.05266258614741897,0.0,40.420254039736335
initial_list_status,open_rv_24m,-0.03266378376465117,0.03266378376465117,0.06853737524962515,0.06912450757964811,0.0,40.420254039736335
initial_list_status,max_bal_bc,0.041558306831516845,0.041558306831516845,0.06853737524962515,0.03227602521276016,0.0,40.420254039736335
initial_list_status,all_util,-0.051452596284343136,0.051452596284343136,0.06853737524962515,0.07383862685643393,0.0,40.42679423155082
initial_list_status,total_rev_hi_lim,0.07319304555569199,0.07319304555569199,0.06853737524962515,0.057416341220561884,0.0,3.3252203811063206
initial_list_status,inq_fi,-0.012204469950863108,0.012204469950863108,0.06853737524962515,0.0368309814014974,0.0,40.420254039736335
initial_list_status,total_cu_tl,0.012269265331054836,0.012269265331054836,0.06853737524962515,0.009299731041818318,0.0,40.420254039736335
initial_list_status,inq_last_12m,-0.02584526996012122,0.02584526996012122,0.06853737524962515,0.0637314488297478,0.0,40.420254039736335
initial_list_status,acc_open_past_24mths,-0.009093837775269158,0.009093837775269158,0.06853737524962515,0.08867183834751817,0.0,2.3605420884701087
initial_list_status,avg_cur_bal,0.028070457016025948,0.028070457016025948,0.06853737524962515,0.0562108691255464,0.0,3.32708900733903
initial_list_status,bc_open_to_buy,0.0969156941299428,0.0969156941299428,0.06853737524962515,0.08076668691943055,0.0,3.403702682880114
initial_list_status,bc_util,-0.09715968981604385,0.09715968981604385,0.06853737524962515,0.0759460456775071,0.0,3.464900192001345
initial_list_status,chargeoff_within_12_mths,0.0010729052961576085,0.0010729052961576085,0.06853737524962515,0.0021101943384776007,0.0,0.006073035256305446
initial_list_status,delinq_amnt,0.0033038042294590234,0.0033038042294590234,0.06853737524962515,0.005947855837318468,0.0,0.0009343131163546839
initial_list_status,mo_sin_old_il_acct,0.021788185142269184,0.021788185142269184,0.06853737524962515,0.021217795594907888,0.0,6.365942418282638
initial_list_status,mo_sin_old_rev_tl_op,0.026089695074267134,0.026089695074267134,0.06853737524962515,0.0355852140960437,0.0,3.3252203811063206
initial_list_status,mo_sin_rcnt_rev_tl_op,0.024451670592257384,0.024451670592257384,0.06853737524962515,0.051203064225407595,0.0,3.3252203811063206
initial_list_status,mo_sin_rcnt_tl,0.017806339558957444,0.017806339558957444,0.06853737524962515,0.053452195761061076,0.0,3.3252203811063206
initial_list_status,mort_acc,0.002156948183703967,0.002156948183703967,0.06853737524962515,0.03244640355720174,0.0,2.3605420884701087
initial_list_status,mths_since_recent_bc,0.013407572344719629,0.013407572344719629,0.06853737524962515,0.043584474650737046,0.0,3.336899295060754
initial_list_status,mths_since_recent_bc_dlq,-0.005832042943710512,0.005832042943710512,0.06853737524962515,0.003137939343701434,0.0,76.73980781179198
initial_list_status,mths_since_recent_inq,0.02858071272505925,0.02858071272505925,0.06853737524962515,0.05320449066537542,0.0,13.0799164724074
initial_list_status,mths_since_recent_revol_delinq,0.0013322756534556869,0.0013322756534556869,0.06853737524962515,0.006683612077262269,0.0,66.9785715286764
initial_list_status,num_accts_ever_120_pd,-0.0024883188738209073,0.0024883188738209073,0.06853737524962515,0.008479117803978793,0.0,3.3252203811063206
initial_list_status,num_actv_bc_tl,0.005738111938297178,0.005738111938297178,0.06853737524962515,0.023449703362199502,0.0,3.3252203811063206
initial_list_status,num_actv_rev_tl,-0.01490572246671857,0.01490572246671857,0.06853737524962515,0.05073392113298021,0.0,3.3252203811063206
initial_list_status,num_bc_sats,0.03219337611818782,0.03219337611818782,0.06853737524962515,0.0042639641381768565,0.0,2.768836920317106
initial_list_status,num_bc_tl,-0.018504241732071124,0.018504241732071124,0.06853737524962515,0.015581876085390736,0.0,3.3252203811063206
initial_list_status,num_il_tl,0.014314648216405122,0.014314648216405122,0.06853737524962515,0.01028170161323678,0.0,3.3252203811063206
initial_list_status,num_op_rev_tl,0.013360912022006755,0.013360912022006755,0.06853737524962515,0.023613697070117696,0.0,3.3252203811063206
initial_list_status,num_rev_accts,-0.01245883348110338,0.01245883348110338,0.06853737524962515,0.02221329210148946,0.0,3.3252203811063206
initial_list_status,num_rev_tl_bal_gt_0,-0.01715918455919652,0.01715918455919652,0.06853737524962515,0.05055527066899223,0.0,3.3252203811063206
initial_list_status,num_sats,0.02246608924862953,0.02246608924862953,0.06853737524962515,0.018432439266359544,0.0,2.768836920317106
initial_list_status,num_tl_120dpd_2m,-0.0020817199518638435,0.0020817199518638435,0.06853737524962515,0.0022468872711697264,0.0,7.126940451553529
initial_list_status,num_tl_30dpd,-0.007612116381840484,0.007612116381840484,0.06853737524962515,0.0047684994383403794,0.0,3.3252203811063206
initial_list_status,num_tl_90g_dpd_24m,-0.009832708071876257,0.009832708071876257,0.06853737524962515,0.012197969067421339,0.0,3.3252203811063206
initial_list_status,num_tl_op_past_12m,-0.021915941020912922,0.021915941020912922,0.06853737524962515,0.07721411715843976,0.0,3.3252203811063206
initial_list_status,pct_tl_nvr_dlq,0.008357920056504823,0.008357920056504823,0.06853737524962515,0.0037269775784282647,0.0,3.3308262598044482
initial_list_status,percent_bc_gt_75,-0.0971019088758863,0.0971019088758863,0.06853737524962515,0.07830303392951792,0.0,3.4307977632543993
initial_list_status,pub_rec_bankruptcies,0.005363963899527676,0.005363963899527676,0.06853737524962515,0.021686175332832822,0.0,0.06867201405206927
initial_list_status,tax_liens,-0.0013172150822230945,0.0013172150822230945,0.06853737524962515,0.013644503499620549,0.0,0.0037372524654187356
initial_list_status,tot_hi_cred_lim,0.051851364537275985,0.051851364537275985,0.06853737524962515,0.061955101049037724,0.0,3.3252203811063206
initial_list_status,total_bal_ex_mort,0.038582995035079976,0.038582995035079976,0.06853737524962515,0.010337636565541718,0.0,2.3605420884701087
initial_list_status,total_bc_limit,0.08849664015648413,0.08849664015648413,0.06853737524962515,0.0727331430169503,0.0,2.3605420884701087
initial_list_status,total_il_high_credit_limit,0.041970863164406784,0.041970863164406784,0.06853737524962515,0.012103906507566485,0.0,3.3252203811063206
initial_list_status,year_issued,0.4122731979378559,0.4122731979378559,0.06853737524962515,0.14600503649089677,0.0,0.0
collections_12_mths_ex_med,mths_since_last_major_derog,-0.1317431729863372,0.1317431729863372,0.010052319750769608,0.011389737904839171,0.006073035256305446,73.97704392673117
collections_12_mths_ex_med,tot_coll_amt,0.054163704754139744,0.054163704754139744,0.010052319750769608,0.0014739431011549038,0.006073035256305446,3.3252203811063206
collections_12_mths_ex_med,tot_cur_bal,-0.013280344794589833,0.013280344794589833,0.010052319750769608,0.05242633659939442,0.006073035256305446,3.3252203811063206
collections_12_mths_ex_med,open_acc_6m,0.012985269980161779,0.012985269980161779,0.010052319750769608,0.06072361227471765,0.006073035256305446,40.420254039736335
collections_12_mths_ex_med,open_act_il,0.00488303033685383,0.00488303033685383,0.010052319750769608,0.008867686360924087,0.006073035256305446,40.420254039736335
collections_12_mths_ex_med,open_il_12m,0.002152599637632899,0.002152599637632899,0.010052319750769608,0.06051092067206702,0.006073035256305446,40.420254039736335
collections_12_mths_ex_med,open_il_24m,-0.003966005941087836,0.003966005941087836,0.010052319750769608,0.06065785469677383,0.006073035256305446,40.420254039736335
collections_12_mths_ex_med,mths_since_rcnt_il,-0.005168831295207087,0.005168831295207087,0.010052319750769608,0.03242085839165458,0.006073035256305446,42.30382928230738
collections_12_mths_ex_med,total_bal_il,0.0002840737518233933,0.0002840737518233933,0.010052319750769608,0.001994536754313803,0.006073035256305446,40.420254039736335
collections_12_mths_ex_med,il_util,0.0027373559292130346,0.0027373559292130346,0.010052319750769608,0.05888586629764154,0.006073035256305446,48.95286857484549
collections_12_mths_ex_med,open_rv_12m,0.01521189340320906,0.01521189340320906,0.010052319750769608,0.05266258614741897,0.006073035256305446,40.420254039736335
collections_12_mths_ex_med,open_rv_24m,0.019978269116679007,0.019978269116679007,0.010052319750769608,0.06912450757964811,0.006073035256305446,40.420254039736335
collections_12_mths_ex_med,max_bal_bc,-0.03556667169417662,0.03556667169417662,0.010052319750769608,0.03227602521276016,0.006073035256305446,40.420254039736335
collections_12_mths_ex_med,all_util,-0.012703164313476335,0.012703164313476335,0.010052319750769608,0.07383862685643393,0.006073035256305446,40.42679423155082
collections_12_mths_ex_med,total_rev_hi_lim,-0.01866912315143019,0.01866912315143019,0.010052319750769608,0.057416341220561884,0.006073035256305446,3.3252203811063206
collections_12_mths_ex_med,inq_fi,0.008791735976309938,0.008791735976309938,0.010052319750769608,0.0368309814014974,0.006073035256305446,40.420254039736335
collections_12_mths_ex_med,total_cu_tl,-0.0017987277773903099,0.0017987277773903099,0.010052319750769608,0.009299731041818318,0.006073035256305446,40.420254039736335
collections_12_mths_ex_med,inq_last_12m,0.015975184267806933,0.015975184267806933,0.010052319750769608,0.0637314488297478,0.006073035256305446,40.420254039736335
collections_12_mths_ex_med,acc_open_past_24mths,0.016203528540022296,0.016203528540022296,0.010052319750769608,0.08867183834751817,0.006073035256305446,2.3605420884701087
collections_12_mths_ex_med,avg_cur_bal,-0.014751822218123144,0.014751822218123144,0.010052319750769608,0.0562108691255464,0.006073035256305446,3.32708900733903
collections_12_mths_ex_med,bc_open_to_buy,-0.014388296676543707,0.014388296676543707,0.010052319750769608,0.08076668691943055,0.006073035256305446,3.403702682880114
collections_12_mths_ex_med,bc_util,-0.026285056292868203,0.026285056292868203,0.010052319750769608,0.0759460456775071,0.006073035256305446,3.464900192001345
collections_12_mths_ex_med,chargeoff_within_12_mths,0.03377534969505815,0.03377534969505815,0.010052319750769608,0.0021101943384776007,0.006073035256305446,0.006073035256305446
collections_12_mths_ex_med,delinq_amnt,0.008083701935569888,0.008083701935569888,0.010052319750769608,0.005947855837318468,0.006073035256305446,0.0009343131163546839
collections_12_mths_ex_med,mo_sin_old_il_acct,0.008184495859030482,0.008184495859030482,0.010052319750769608,0.021217795594907888,0.006073035256305446,6.365942418282638
collections_12_mths_ex_med,mo_sin_old_rev_tl_op,-0.007879225035521268,0.007879225035521268,0.010052319750769608,0.0355852140960437,0.006073035256305446,3.3252203811063206
collections_12_mths_ex_med,mo_sin_rcnt_rev_tl_op,-0.010975985716295239,0.010975985716295239,0.010052319750769608,0.051203064225407595,0.006073035256305446,3.3252203811063206
collections_12_mths_ex_med,mo_sin_rcnt_tl,-0.008191758714830872,0.008191758714830872,0.010052319750769608,0.053452195761061076,0.006073035256305446,3.3252203811063206
collections_12_mths_ex_med,mort_acc,-0.013196975242059561,0.013196975242059561,0.010052319750769608,0.03244640355720174,0.006073035256305446,2.3605420884701087
collections_12_mths_ex_med,mths_since_recent_bc,-0.00886192603678602,0.00886192603678602,0.010052319750769608,0.043584474650737046,0.006073035256305446,3.336899295060754
collections_12_mths_ex_med,mths_since_recent_bc_dlq,-0.018322157466101503,0.018322157466101503,0.010052319750769608,0.003137939343701434,0.006073035256305446,76.73980781179198
collections_12_mths_ex_med,mths_since_recent_inq,-0.009338225503814317,0.009338225503814317,0.010052319750769608,0.05320449066537542,0.006073035256305446,13.0799164724074
collections_12_mths_ex_med,mths_since_recent_revol_delinq,-0.01658440292375654,0.01658440292375654,0.010052319750769608,0.006683612077262269,0.006073035256305446,66.9785715286764
collections_12_mths_ex_med,num_accts_ever_120_pd,0.039352479124087646,0.039352479124087646,0.010052319750769608,0.008479117803978793,0.006073035256305446,3.3252203811063206
collections_12_mths_ex_med,num_actv_bc_tl,-0.002136023562938734,0.002136023562938734,0.010052319750769608,0.023449703362199502,0.006073035256305446,3.3252203811063206
collections_12_mths_ex_med,num_actv_rev_tl,0.009030995231293686,0.009030995231293686,0.010052319750769608,0.05073392113298021,0.006073035256305446,3.3252203811063206
collections_12_mths_ex_med,num_bc_sats,0.0031391495259514715,0.0031391495259514715,0.010052319750769608,0.0042639641381768565,0.006073035256305446,2.768836920317106
collections_12_mths_ex_med,num_bc_tl,-0.011225080300471243,0.011225080300471243,0.010052319750769608,0.015581876085390736,0.006073035256305446,3.3252203811063206
collections_12_mths_ex_med,num_il_tl,0.007053027773086624,0.007053027773086624,0.010052319750769608,0.01028170161323678,0.006073035256305446,3.3252203811063206
collections_12_mths_ex_med,num_op_rev_tl,0.00634989665197468,0.00634989665197468,0.010052319750769608,0.023613697070117696,0.006073035256305446,3.3252203811063206
collections_12_mths_ex_med,num_rev_accts,1.644384320239316e-05,1.644384320239316e-05,0.010052319750769608,0.02221329210148946,0.006073035256305446,3.3252203811063206
collections_12_mths_ex_med,num_rev_tl_bal_gt_0,0.001038712574472366,0.001038712574472366,0.010052319750769608,0.05055527066899223,0.006073035256305446,3.3252203811063206
collections_12_mths_ex_med,num_sats,0.007265495010562582,0.007265495010562582,0.010052319750769608,0.018432439266359544,0.006073035256305446,2.768836920317106
collections_12_mths_ex_med,num_tl_120dpd_2m,0.008830327183303751,0.008830327183303751,0.010052319750769608,0.0022468872711697264,0.006073035256305446,7.126940451553529
collections_12_mths_ex_med,num_tl_30dpd,-0.00025866940039646414,0.00025866940039646414,0.010052319750769608,0.0047684994383403794,0.006073035256305446,3.3252203811063206
collections_12_mths_ex_med,num_tl_90g_dpd_24m,0.08540929126107638,0.08540929126107638,0.010052319750769608,0.012197969067421339,0.006073035256305446,3.3252203811063206
collections_12_mths_ex_med,num_tl_op_past_12m,0.012358853493866838,0.012358853493866838,0.010052319750769608,0.07721411715843976,0.006073035256305446,3.3252203811063206
collections_12_mths_ex_med,pct_tl_nvr_dlq,-0.042631020179134074,0.042631020179134074,0.010052319750769608,0.0037269775784282647,0.006073035256305446,3.3308262598044482
collections_12_mths_ex_med,percent_bc_gt_75,-0.0278717098030625,0.0278717098030625,0.010052319750769608,0.07830303392951792,0.006073035256305446,3.4307977632543993
collections_12_mths_ex_med,pub_rec_bankruptcies,-0.000592197681551052,0.000592197681551052,0.010052319750769608,0.021686175332832822,0.006073035256305446,0.06867201405206927
collections_12_mths_ex_med,tax_liens,0.002737378831528641,0.002737378831528641,0.010052319750769608,0.013644503499620549,0.006073035256305446,0.0037372524654187356
collections_12_mths_ex_med,tot_hi_cred_lim,-0.012697275010099164,0.012697275010099164,0.010052319750769608,0.061955101049037724,0.006073035256305446,3.3252203811063206
collections_12_mths_ex_med,total_bal_ex_mort,-0.009296065175839325,0.009296065175839325,0.010052319750769608,0.010337636565541718,0.006073035256305446,2.3605420884701087
collections_12_mths_ex_med,total_bc_limit,-0.025404576946146652,0.025404576946146652,0.010052319750769608,0.0727331430169503,0.006073035256305446,2.3605420884701087
collections_12_mths_ex_med,total_il_high_credit_limit,0.0012026515674814372,0.0012026515674814372,0.010052319750769608,0.012103906507566485,0.006073035256305446,3.3252203811063206
collections_12_mths_ex_med,year_issued,0.02782714981109275,0.02782714981109275,0.010052319750769608,0.14600503649089677,0.006073035256305446,0.0
mths_since_last_major_derog,tot_coll_amt,0.03481854486529377,0.03481854486529377,0.011389737904839171,0.0014739431011549038,73.97704392673117,3.3252203811063206
mths_since_last_major_derog,tot_cur_bal,-0.03799176483237301,0.03799176483237301,0.011389737904839171,0.05242633659939442,73.97704392673117,3.3252203811063206
mths_since_last_major_derog,open_acc_6m,0.016124949613715096,0.016124949613715096,0.011389737904839171,0.06072361227471765,73.97704392673117,40.420254039736335
mths_since_last_major_derog,open_act_il,-0.03941975337612788,0.03941975337612788,0.011389737904839171,0.008867686360924087,73.97704392673117,40.420254039736335
mths_since_last_major_derog,open_il_12m,0.023894617936879813,0.023894617936879813,0.011389737904839171,0.06051092067206702,73.97704392673117,40.420254039736335
mths_since_last_major_derog,open_il_24m,0.057968350579123924,0.057968350579123924,0.011389737904839171,0.06065785469677383,73.97704392673117,40.420254039736335
mths_since_last_major_derog,mths_since_rcnt_il,-0.02618664153728802,0.02618664153728802,0.011389737904839171,0.03242085839165458,73.97704392673117,42.30382928230738
mths_since_last_major_derog,total_bal_il,-0.022945410435684266,0.022945410435684266,0.011389737904839171,0.001994536754313803,73.97704392673117,40.420254039736335
mths_since_last_major_derog,il_util,0.012291312722421665,0.012291312722421665,0.011389737904839171,0.05888586629764154,73.97704392673117,48.95286857484549
mths_since_last_major_derog,open_rv_12m,0.0366919398963882,0.0366919398963882,0.011389737904839171,0.05266258614741897,73.97704392673117,40.420254039736335
mths_since_last_major_derog,open_rv_24m,0.08074521684022556,0.08074521684022556,0.011389737904839171,0.06912450757964811,73.97704392673117,40.420254039736335
mths_since_last_major_derog,max_bal_bc,0.033366971965399755,0.033366971965399755,0.011389737904839171,0.03227602521276016,73.97704392673117,40.420254039736335
mths_since_last_major_derog,all_util,-0.012259532864232063,0.012259532864232063,0.011389737904839171,0.07383862685643393,73.97704392673117,40.42679423155082
mths_since_last_major_derog,total_rev_hi_lim,0.022418183323496717,0.022418183323496717,0.011389737904839171,0.057416341220561884,73.97704392673117,3.3252203811063206
mths_since_last_major_derog,inq_fi,0.009898486384901428,0.009898486384901428,0.011389737904839171,0.0368309814014974,73.97704392673117,40.420254039736335
mths_since_last_major_derog,total_cu_tl,-0.0007476564810438627,0.0007476564810438627,0.011389737904839171,0.009299731041818318,73.97704392673117,40.420254039736335
mths_since_last_major_derog,inq_last_12m,-0.0046962505451975285,0.0046962505451975285,0.011389737904839171,0.0637314488297478,73.97704392673117,40.420254039736335
mths_since_last_major_derog,acc_open_past_24mths,0.12075740315514681,0.12075740315514681,0.011389737904839171,0.08867183834751817,73.97704392673117,2.3605420884701087
mths_since_last_major_derog,avg_cur_bal,-0.047619480469870384,0.047619480469870384,0.011389737904839171,0.0562108691255464,73.97704392673117,3.32708900733903
mths_since_last_major_derog,bc_open_to_buy,0.03162999886602983,0.03162999886602983,0.011389737904839171,0.08076668691943055,73.97704392673117,3.403702682880114
mths_since_last_major_derog,bc_util,0.010567981266182072,0.010567981266182072,0.011389737904839171,0.0759460456775071,73.97704392673117,3.464900192001345
mths_since_last_major_derog,chargeoff_within_12_mths,-0.20113561933921123,0.20113561933921123,0.011389737904839171,0.0021101943384776007,73.97704392673117,0.006073035256305446
mths_since_last_major_derog,delinq_amnt,-0.05405682091436937,0.05405682091436937,0.011389737904839171,0.005947855837318468,73.97704392673117,0.0009343131163546839
mths_since_last_major_derog,mo_sin_old_il_acct,-0.014046927023747373,0.014046927023747373,0.011389737904839171,0.021217795594907888,73.97704392673117,6.365942418282638
mths_since_last_major_derog,mo_sin_old_rev_tl_op,-0.010920020149402358,0.010920020149402358,0.011389737904839171,0.0355852140960437,73.97704392673117,3.3252203811063206
mths_since_last_major_derog,mo_sin_rcnt_rev_tl_op,-0.06922410410956939,0.06922410410956939,0.011389737904839171,0.051203064225407595,73.97704392673117,3.3252203811063206
mths_since_last_major_derog,mo_sin_rcnt_tl,-0.06698567146466954,0.06698567146466954,0.011389737904839171,0.053452195761061076,73.97704392673117,3.3252203811063206
mths_since_last_major_derog,mort_acc,-0.06182441024124379,0.06182441024124379,0.011389737904839171,0.03244640355720174,73.97704392673117,2.3605420884701087
mths_since_last_major_derog,mths_since_recent_bc,-0.08449734674018576,0.08449734674018576,0.011389737904839171,0.043584474650737046,73.97704392673117,3.336899295060754
mths_since_last_major_derog,mths_since_recent_bc_dlq,0.5911353472542473,0.5911353472542473,0.011389737904839171,0.003137939343701434,73.97704392673117,76.73980781179198
mths_since_last_major_derog,mths_since_recent_inq,0.01574571894881714,0.01574571894881714,0.011389737904839171,0.05320449066537542,73.97704392673117,13.0799164724074
mths_since_last_major_derog,mths_since_recent_revol_delinq,0.5693968742107149,0.5693968742107149,0.011389737904839171,0.006683612077262269,73.97704392673117,66.9785715286764
mths_since_last_major_derog,num_accts_ever_120_pd,-0.07706531505928077,0.07706531505928077,0.011389737904839171,0.008479117803978793,73.97704392673117,3.3252203811063206
mths_since_last_major_derog,num_actv_bc_tl,0.04767005319952077,0.04767005319952077,0.011389737904839171,0.023449703362199502,73.97704392673117,3.3252203811063206
mths_since_last_major_derog,num_actv_rev_tl,0.03965052015553158,0.03965052015553158,0.011389737904839171,0.05073392113298021,73.97704392673117,3.3252203811063206
mths_since_last_major_derog,num_bc_sats,0.02858274648273716,0.02858274648273716,0.011389737904839171,0.0042639641381768565,73.97704392673117,2.768836920317106
mths_since_last_major_derog,num_bc_tl,0.0012381411508435441,0.0012381411508435441,0.011389737904839171,0.015581876085390736,73.97704392673117,3.3252203811063206
mths_since_last_major_derog,num_il_tl,-0.02739325808476207,0.02739325808476207,0.011389737904839171,0.01028170161323678,73.97704392673117,3.3252203811063206
mths_since_last_major_derog,num_op_rev_tl,0.044075047882498816,0.044075047882498816,0.011389737904839171,0.023613697070117696,73.97704392673117,3.3252203811063206
mths_since_last_major_derog,num_rev_accts,-0.01621476018188405,0.01621476018188405,0.011389737904839171,0.02221329210148946,73.97704392673117,3.3252203811063206
mths_since_last_major_derog,num_rev_tl_bal_gt_0,0.052180217120836536,0.052180217120836536,0.011389737904839171,0.05055527066899223,73.97704392673117,3.3252203811063206
mths_since_last_major_derog,num_sats,0.017202354203109938,0.017202354203109938,0.011389737904839171,0.018432439266359544,73.97704392673117,2.768836920317106
mths_since_last_major_derog,num_tl_120dpd_2m,-0.09699302564691309,0.09699302564691309,0.011389737904839171,0.0022468872711697264,73.97704392673117,7.126940451553529
mths_since_last_major_derog,num_tl_30dpd,-0.018710222985280876,0.018710222985280876,0.011389737904839171,0.0047684994383403794,73.97704392673117,3.3252203811063206
mths_since_last_major_derog,num_tl_90g_dpd_24m,-0.4674799569843555,0.4674799569843555,0.011389737904839171,0.012197969067421339,73.97704392673117,3.3252203811063206
mths_since_last_major_derog,num_tl_op_past_12m,0.0588404397618928,0.0588404397618928,0.011389737904839171,0.07721411715843976,73.97704392673117,3.3252203811063206
mths_since_last_major_derog,pct_tl_nvr_dlq,0.13625803253357707,0.13625803253357707,0.011389737904839171,0.0037269775784282647,73.97704392673117,3.3308262598044482
mths_since_last_major_derog,percent_bc_gt_75,0.0055749105749419115,0.0055749105749419115,0.011389737904839171,0.07830303392951792,73.97704392673117,3.4307977632543993
mths_since_last_major_derog,pub_rec_bankruptcies,0.07738795804712989,0.07738795804712989,0.011389737904839171,0.021686175332832822,73.97704392673117,0.06867201405206927
mths_since_last_major_derog,tax_liens,0.01119825431112658,0.01119825431112658,0.011389737904839171,0.013644503499620549,73.97704392673117,0.0037372524654187356
mths_since_last_major_derog,tot_hi_cred_lim,-0.04105373684441182,0.04105373684441182,0.011389737904839171,0.061955101049037724,73.97704392673117,3.3252203811063206
mths_since_last_major_derog,total_bal_ex_mort,-0.016146273980980532,0.016146273980980532,0.011389737904839171,0.010337636565541718,73.97704392673117,2.3605420884701087
mths_since_last_major_derog,total_bc_limit,0.031200637381200925,0.031200637381200925,0.011389737904839171,0.0727331430169503,73.97704392673117,2.3605420884701087
mths_since_last_major_derog,total_il_high_credit_limit,-0.023488369197463343,0.023488369197463343,0.011389737904839171,0.012103906507566485,73.97704392673117,3.3252203811063206
mths_since_last_major_derog,year_issued,0.057829881610725824,0.057829881610725824,0.011389737904839171,0.14600503649089677,73.97704392673117,0.0
tot_coll_amt,tot_cur_bal,-0.010518472971547456,0.010518472971547456,0.0014739431011549038,0.05242633659939442,3.3252203811063206,3.3252203811063206
tot_coll_amt,open_acc_6m,0.016568284415825158,0.016568284415825158,0.0014739431011549038,0.06072361227471765,3.3252203811063206,40.420254039736335
tot_coll_amt,open_act_il,-0.008476027508731453,0.008476027508731453,0.0014739431011549038,0.008867686360924087,3.3252203811063206,40.420254039736335
tot_coll_amt,open_il_12m,0.0051724044423515515,0.0051724044423515515,0.0014739431011549038,0.06051092067206702,3.3252203811063206,40.420254039736335
tot_coll_amt,open_il_24m,0.003702141437854652,0.003702141437854652,0.0014739431011549038,0.06065785469677383,3.3252203811063206,40.420254039736335
tot_coll_amt,mths_since_rcnt_il,0.008423515878183895,0.008423515878183895,0.0014739431011549038,0.03242085839165458,3.3252203811063206,42.30382928230738
tot_coll_amt,total_bal_il,-0.006636658196763773,0.006636658196763773,0.0014739431011549038,0.001994536754313803,3.3252203811063206,40.420254039736335
tot_coll_amt,il_util,0.009149950964670642,0.009149950964670642,0.0014739431011549038,0.05888586629764154,3.3252203811063206,48.95286857484549
tot_coll_amt,open_rv_12m,0.02174977208084526,0.02174977208084526,0.0014739431011549038,0.05266258614741897,3.3252203811063206,40.420254039736335
tot_coll_amt,open_rv_24m,0.0259313762567205,0.0259313762567205,0.0014739431011549038,0.06912450757964811,3.3252203811063206,40.420254039736335
tot_coll_amt,max_bal_bc,-0.04445614503578785,0.04445614503578785,0.0014739431011549038,0.03227602521276016,3.3252203811063206,40.420254039736335
tot_coll_amt,all_util,-0.014381527049435303,0.014381527049435303,0.0014739431011549038,0.07383862685643393,3.3252203811063206,40.42679423155082
tot_coll_amt,total_rev_hi_lim,-0.03208154890628413,0.03208154890628413,0.0014739431011549038,0.057416341220561884,3.3252203811063206,3.3252203811063206
tot_coll_amt,inq_fi,0.02202559942876496,0.02202559942876496,0.0014739431011549038,0.0368309814014974,3.3252203811063206,40.420254039736335
tot_coll_amt,total_cu_tl,-0.00020373413588292393,0.00020373413588292393,0.0014739431011549038,0.009299731041818318,3.3252203811063206,40.420254039736335
tot_coll_amt,inq_last_12m,0.024615103721060193,0.024615103721060193,0.0014739431011549038,0.0637314488297478,3.3252203811063206,40.420254039736335
tot_coll_amt,acc_open_past_24mths,0.020818209094436352,0.020818209094436352,0.0014739431011549038,0.08867183834751817,3.3252203811063206,2.3605420884701087
tot_coll_amt,avg_cur_bal,-0.007650499594873923,0.007650499594873923,0.0014739431011549038,0.0562108691255464,3.3252203811063206,3.32708900733903
tot_coll_amt,bc_open_to_buy,-0.021197483110491334,0.021197483110491334,0.0014739431011549038,0.08076668691943055,3.3252203811063206,3.403702682880114
tot_coll_amt,bc_util,-0.032029366419710076,0.032029366419710076,0.0014739431011549038,0.0759460456775071,3.3252203811063206,3.464900192001345
tot_coll_amt,chargeoff_within_12_mths,0.007580441679008634,0.007580441679008634,0.0014739431011549038,0.0021101943384776007,3.3252203811063206,0.006073035256305446
tot_coll_amt,delinq_amnt,-0.000604466088808278,0.000604466088808278,0.0014739431011549038,0.005947855837318468,3.3252203811063206,0.0009343131163546839
tot_coll_amt,mo_sin_old_il_acct,0.021707480695847256,0.021707480695847256,0.0014739431011549038,0.021217795594907888,3.3252203811063206,6.365942418282638
tot_coll_amt,mo_sin_old_rev_tl_op,0.02847305186341365,0.02847305186341365,0.0014739431011549038,0.0355852140960437,3.3252203811063206,3.3252203811063206
tot_coll_amt,mo_sin_rcnt_rev_tl_op,-0.01369723863463262,0.01369723863463262,0.0014739431011549038,0.051203064225407595,3.3252203811063206,3.3252203811063206
tot_coll_amt,mo_sin_rcnt_tl,-0.013936002603363543,0.013936002603363543,0.0014739431011549038,0.053452195761061076,3.3252203811063206,3.3252203811063206
tot_coll_amt,mort_acc,0.0031132826675191578,0.0031132826675191578,0.0014739431011549038,0.03244640355720174,3.3252203811063206,2.3605420884701087
tot_coll_amt,mths_since_recent_bc,-0.004800422241026327,0.004800422241026327,0.0014739431011549038,0.043584474650737046,3.3252203811063206,3.336899295060754
tot_coll_amt,mths_since_recent_bc_dlq,0.07716017921763824,0.07716017921763824,0.0014739431011549038,0.003137939343701434,3.3252203811063206,76.73980781179198
tot_coll_amt,mths_since_recent_inq,-0.018682014037106582,0.018682014037106582,0.0014739431011549038,0.05320449066537542,3.3252203811063206,13.0799164724074
tot_coll_amt,mths_since_recent_revol_delinq,0.06445417258736401,0.06445417258736401,0.0014739431011549038,0.006683612077262269,3.3252203811063206,66.9785715286764
tot_coll_amt,num_accts_ever_120_pd,0.11723175899519563,0.11723175899519563,0.0014739431011549038,0.008479117803978793,3.3252203811063206,3.3252203811063206
tot_coll_amt,num_actv_bc_tl,-0.01863120381120381,0.01863120381120381,0.0014739431011549038,0.023449703362199502,3.3252203811063206,3.3252203811063206
tot_coll_amt,num_actv_rev_tl,-0.008630716563018535,0.008630716563018535,0.0014739431011549038,0.05073392113298021,3.3252203811063206,3.3252203811063206
tot_coll_amt,num_bc_sats,-0.016453098958734844,0.016453098958734844,0.0014739431011549038,0.0042639641381768565,3.3252203811063206,2.768836920317106
tot_coll_amt,num_bc_tl,0.01090726087158014,0.01090726087158014,0.0014739431011549038,0.015581876085390736,3.3252203811063206,3.3252203811063206
tot_coll_amt,num_il_tl,0.006505078531159332,0.006505078531159332,0.0014739431011549038,0.01028170161323678,3.3252203811063206,3.3252203811063206
tot_coll_amt,num_op_rev_tl,0.004147974273310654,0.004147974273310654,0.0014739431011549038,0.023613697070117696,3.3252203811063206,3.3252203811063206
tot_coll_amt,num_rev_accts,0.022745656979929512,0.022745656979929512,0.0014739431011549038,0.02221329210148946,3.3252203811063206,3.3252203811063206
tot_coll_amt,num_rev_tl_bal_gt_0,-0.008183426005677862,0.008183426005677862,0.0014739431011549038,0.05055527066899223,3.3252203811063206,3.3252203811063206
tot_coll_amt,num_sats,0.0008385952410014379,0.0008385952410014379,0.0014739431011549038,0.018432439266359544,3.3252203811063206,2.768836920317106
tot_coll_amt,num_tl_120dpd_2m,0.002367175896653283,0.002367175896653283,0.0014739431011549038,0.0022468872711697264,3.3252203811063206,7.126940451553529
tot_coll_amt,num_tl_30dpd,-0.0014791670680623522,0.0014791670680623522,0.0014739431011549038,0.0047684994383403794,3.3252203811063206,3.3252203811063206
tot_coll_amt,num_tl_90g_dpd_24m,0.004572966075517373,0.004572966075517373,0.0014739431011549038,0.012197969067421339,3.3252203811063206,3.3252203811063206
tot_coll_amt,num_tl_op_past_12m,0.021568060231145447,0.021568060231145447,0.0014739431011549038,0.07721411715843976,3.3252203811063206,3.3252203811063206
tot_coll_amt,pct_tl_nvr_dlq,-0.06497173893492386,0.06497173893492386,0.0014739431011549038,0.0037269775784282647,3.3252203811063206,3.3308262598044482
tot_coll_amt,percent_bc_gt_75,-0.035029642945450544,0.035029642945450544,0.0014739431011549038,0.07830303392951792,3.3252203811063206,3.4307977632543993
tot_coll_amt,pub_rec_bankruptcies,0.0008107352728156717,0.0008107352728156717,0.0014739431011549038,0.021686175332832822,3.3252203811063206,0.06867201405206927
tot_coll_amt,tax_liens,0.009697759370674514,0.009697759370674514,0.0014739431011549038,0.013644503499620549,3.3252203811063206,0.0037372524654187356
tot_coll_amt,tot_hi_cred_lim,-0.010628247968731911,0.010628247968731911,0.0014739431011549038,0.061955101049037724,3.3252203811063206,3.3252203811063206
tot_coll_amt,total_bal_ex_mort,-0.018130932704105436,0.018130932704105436,0.0014739431011549038,0.010337636565541718,3.3252203811063206,2.3605420884701087
tot_coll_amt,total_bc_limit,-0.04176373208008487,0.04176373208008487,0.0014739431011549038,0.0727331430169503,3.3252203811063206,2.3605420884701087
tot_coll_amt,total_il_high_credit_limit,-0.006343522157953642,0.006343522157953642,0.0014739431011549038,0.012103906507566485,3.3252203811063206,3.3252203811063206
tot_coll_amt,year_issued,0.007285262561992186,0.007285262561992186,0.0014739431011549038,0.14600503649089677,3.3252203811063206,0.0
tot_cur_bal,open_acc_6m,0.0930869535866061,0.0930869535866061,0.05242633659939442,0.06072361227471765,3.3252203811063206,40.420254039736335
tot_cur_bal,open_act_il,0.1747644258267625,0.1747644258267625,0.05242633659939442,0.008867686360924087,3.3252203811063206,40.420254039736335
tot_cur_bal,open_il_12m,0.14032879239390347,0.14032879239390347,0.05242633659939442,0.06051092067206702,3.3252203811063206,40.420254039736335
tot_cur_bal,open_il_24m,0.1772708312632205,0.1772708312632205,0.05242633659939442,0.06065785469677383,3.3252203811063206,40.420254039736335
tot_cur_bal,mths_since_rcnt_il,-0.11895280869530858,0.11895280869530858,0.05242633659939442,0.03242085839165458,3.3252203811063206,42.30382928230738
tot_cur_bal,total_bal_il,0.4110261854703011,0.4110261854703011,0.05242633659939442,0.001994536754313803,3.3252203811063206,40.420254039736335
tot_cur_bal,il_util,0.04357521195854411,0.04357521195854411,0.05242633659939442,0.05888586629764154,3.3252203811063206,48.95286857484549
tot_cur_bal,open_rv_12m,-0.019067773021303486,0.019067773021303486,0.05242633659939442,0.05266258614741897,3.3252203811063206,40.420254039736335
tot_cur_bal,open_rv_24m,-0.03716621638718231,0.03716621638718231,0.05242633659939442,0.06912450757964811,3.3252203811063206,40.420254039736335
tot_cur_bal,max_bal_bc,0.3450848543784834,0.3450848543784834,0.05242633659939442,0.03227602521276016,3.3252203811063206,40.420254039736335
tot_cur_bal,all_util,0.10157272088870767,0.10157272088870767,0.05242633659939442,0.07383862685643393,3.3252203811063206,40.42679423155082
tot_cur_bal,total_rev_hi_lim,0.4184960384004073,0.4184960384004073,0.05242633659939442,0.057416341220561884,3.3252203811063206,3.3252203811063206
tot_cur_bal,inq_fi,0.12090659228917496,0.12090659228917496,0.05242633659939442,0.0368309814014974,3.3252203811063206,40.420254039736335
tot_cur_bal,total_cu_tl,0.12181826840325799,0.12181826840325799,0.05242633659939442,0.009299731041818318,3.3252203811063206,40.420254039736335
tot_cur_bal,inq_last_12m,0.12959996858709394,0.12959996858709394,0.05242633659939442,0.0637314488297478,3.3252203811063206,40.420254039736335
tot_cur_bal,acc_open_past_24mths,0.10878221282899742,0.10878221282899742,0.05242633659939442,0.08867183834751817,3.3252203811063206,2.3605420884701087
tot_cur_bal,avg_cur_bal,0.8340720937519788,0.8340720937519788,0.05242633659939442,0.0562108691255464,3.3252203811063206,3.32708900733903
tot_cur_bal,bc_open_to_buy,0.16547258580057309,0.16547258580057309,0.05242633659939442,0.08076668691943055,3.3252203811063206,3.403702682880114
tot_cur_bal,bc_util,0.04686093610327096,0.04686093610327096,0.05242633659939442,0.0759460456775071,3.3252203811063206,3.464900192001345
tot_cur_bal,chargeoff_within_12_mths,0.008899405430048765,0.008899405430048765,0.05242633659939442,0.0021101943384776007,3.3252203811063206,0.006073035256305446
tot_cur_bal,delinq_amnt,0.022754697527752332,0.022754697527752332,0.05242633659939442,0.005947855837318468,3.3252203811063206,0.0009343131163546839
tot_cur_bal,mo_sin_old_il_acct,0.1778465768522753,0.1778465768522753,0.05242633659939442,0.021217795594907888,3.3252203811063206,6.365942418282638
tot_cur_bal,mo_sin_old_rev_tl_op,0.1870297341603704,0.1870297341603704,0.05242633659939442,0.0355852140960437,3.3252203811063206,3.3252203811063206
tot_cur_bal,mo_sin_rcnt_rev_tl_op,0.03321395140635642,0.03321395140635642,0.05242633659939442,0.051203064225407595,3.3252203811063206,3.3252203811063206
tot_cur_bal,mo_sin_rcnt_tl,-0.0793091295687802,0.0793091295687802,0.05242633659939442,0.053452195761061076,3.3252203811063206,3.3252203811063206
tot_cur_bal,mort_acc,0.5404172355770487,0.5404172355770487,0.05242633659939442,0.03244640355720174,3.3252203811063206,2.3605420884701087
tot_cur_bal,mths_since_recent_bc,0.0497262099785369,0.0497262099785369,0.05242633659939442,0.043584474650737046,3.3252203811063206,3.336899295060754
tot_cur_bal,mths_since_recent_bc_dlq,-0.04646690487254404,0.04646690487254404,0.05242633659939442,0.003137939343701434,3.3252203811063206,76.73980781179198
tot_cur_bal,mths_since_recent_inq,-0.05902629655795881,0.05902629655795881,0.05242633659939442,0.05320449066537542,3.3252203811063206,13.0799164724074
tot_cur_bal,mths_since_recent_revol_delinq,-0.045754976331320356,0.045754976331320356,0.05242633659939442,0.006683612077262269,3.3252203811063206,66.9785715286764
tot_cur_bal,num_accts_ever_120_pd,0.01837099189285476,0.01837099189285476,0.05242633659939442,0.008479117803978793,3.3252203811063206,3.3252203811063206
tot_cur_bal,num_actv_bc_tl,0.10689974950957469,0.10689974950957469,0.05242633659939442,0.023449703362199502,3.3252203811063206,3.3252203811063206
tot_cur_bal,num_actv_rev_tl,0.1017371213840647,0.1017371213840647,0.05242633659939442,0.05073392113298021,3.3252203811063206,3.3252203811063206
tot_cur_bal,num_bc_sats,0.12326252542387346,0.12326252542387346,0.05242633659939442,0.0042639641381768565,3.3252203811063206,2.768836920317106
tot_cur_bal,num_bc_tl,0.14425627386443476,0.14425627386443476,0.05242633659939442,0.015581876085390736,3.3252203811063206,3.3252203811063206
tot_cur_bal,num_il_tl,0.22000101010326834,0.22000101010326834,0.05242633659939442,0.01028170161323678,3.3252203811063206,3.3252203811063206
tot_cur_bal,num_op_rev_tl,0.09822183199767989,0.09822183199767989,0.05242633659939442,0.023613697070117696,3.3252203811063206,3.3252203811063206
tot_cur_bal,num_rev_accts,0.14287296042385772,0.14287296042385772,0.05242633659939442,0.02221329210148946,3.3252203811063206,3.3252203811063206
tot_cur_bal,num_rev_tl_bal_gt_0,0.10190586528695995,0.10190586528695995,0.05242633659939442,0.05055527066899223,3.3252203811063206,3.3252203811063206
tot_cur_bal,num_sats,0.25235632788439427,0.25235632788439427,0.05242633659939442,0.018432439266359544,3.3252203811063206,2.768836920317106
tot_cur_bal,num_tl_120dpd_2m,0.004412223551112726,0.004412223551112726,0.05242633659939442,0.0022468872711697264,3.3252203811063206,7.126940451553529
tot_cur_bal,num_tl_30dpd,0.014857638681966353,0.014857638681966353,0.05242633659939442,0.0047684994383403794,3.3252203811063206,3.3252203811063206
tot_cur_bal,num_tl_90g_dpd_24m,0.011166382810562932,0.011166382810562932,0.05242633659939442,0.012197969067421339,3.3252203811063206,3.3252203811063206
tot_cur_bal,num_tl_op_past_12m,0.09622146877739396,0.09622146877739396,0.05242633659939442,0.07721411715843976,3.3252203811063206,3.3252203811063206
tot_cur_bal,pct_tl_nvr_dlq,0.009246527887264488,0.009246527887264488,0.05242633659939442,0.0037269775784282647,3.3252203811063206,3.3308262598044482
tot_cur_bal,percent_bc_gt_75,0.03815647356854161,0.03815647356854161,0.05242633659939442,0.07830303392951792,3.3252203811063206,3.4307977632543993
tot_cur_bal,pub_rec_bankruptcies,-0.09054276788745869,0.09054276788745869,0.05242633659939442,0.021686175332832822,3.3252203811063206,0.06867201405206927
tot_cur_bal,tax_liens,-0.003354853668244471,0.003354853668244471,0.05242633659939442,0.013644503499620549,3.3252203811063206,0.0037372524654187356
tot_cur_bal,tot_hi_cred_lim,0.9696512162622745,0.9696512162622745,0.05242633659939442,0.061955101049037724,3.3252203811063206,3.3252203811063206
tot_cur_bal,total_bal_ex_mort,0.5328394063692405,0.5328394063692405,0.05242633659939442,0.010337636565541718,3.3252203811063206,2.3605420884701087
tot_cur_bal,total_bc_limit,0.3148814194174728,0.3148814194174728,0.05242633659939442,0.0727331430169503,3.3252203811063206,2.3605420884701087
tot_cur_bal,total_il_high_credit_limit,0.42927329239138134,0.42927329239138134,0.05242633659939442,0.012103906507566485,3.3252203811063206,3.3252203811063206
tot_cur_bal,year_issued,0.001977405139753635,0.001977405139753635,0.05242633659939442,0.14600503649089677,3.3252203811063206,0.0
open_acc_6m,open_act_il,0.07860954063901299,0.07860954063901299,0.06072361227471765,0.008867686360924087,40.420254039736335,40.420254039736335
open_acc_6m,open_il_12m,0.3847542450790889,0.3847542450790889,0.06072361227471765,0.06051092067206702,40.420254039736335,40.420254039736335
open_acc_6m,open_il_24m,0.29859060183663205,0.29859060183663205,0.06072361227471765,0.06065785469677383,40.420254039736335,40.420254039736335
open_acc_6m,mths_since_rcnt_il,-0.19192665851350393,0.19192665851350393,0.06072361227471765,0.03242085839165458,40.420254039736335,42.30382928230738
open_acc_6m,total_bal_il,0.1151903264186505,0.1151903264186505,0.06072361227471765,0.001994536754313803,40.420254039736335,40.420254039736335
open_acc_6m,il_util,0.18219741728786842,0.18219741728786842,0.06072361227471765,0.05888586629764154,40.420254039736335,48.95286857484549
open_acc_6m,open_rv_12m,0.6255458457853053,0.6255458457853053,0.06072361227471765,0.05266258614741897,40.420254039736335,40.420254039736335
open_acc_6m,open_rv_24m,0.4869080361717153,0.4869080361717153,0.06072361227471765,0.06912450757964811,40.420254039736335,40.420254039736335
open_acc_6m,max_bal_bc,-0.08790022114579854,0.08790022114579854,0.06072361227471765,0.03227602521276016,40.420254039736335,40.420254039736335
open_acc_6m,all_util,-0.05227238058353388,0.05227238058353388,0.06072361227471765,0.07383862685643393,40.420254039736335,40.42679423155082
open_acc_6m,total_rev_hi_lim,0.08315166997985037,0.08315166997985037,0.06072361227471765,0.057416341220561884,40.420254039736335,3.3252203811063206
open_acc_6m,inq_fi,0.1609603151156771,0.1609603151156771,0.06072361227471765,0.0368309814014974,40.420254039736335,40.420254039736335
open_acc_6m,total_cu_tl,0.09463319090692385,0.09463319090692385,0.06072361227471765,0.009299731041818318,40.420254039736335,40.420254039736335
open_acc_6m,inq_last_12m,0.318750375191341,0.318750375191341,0.06072361227471765,0.0637314488297478,40.420254039736335,40.420254039736335
open_acc_6m,acc_open_past_24mths,0.5618746249977102,0.5618746249977102,0.06072361227471765,0.08867183834751817,40.420254039736335,2.3605420884701087
open_acc_6m,avg_cur_bal,-0.011153887486640833,0.011153887486640833,0.06072361227471765,0.0562108691255464,40.420254039736335,3.32708900733903
open_acc_6m,bc_open_to_buy,0.11215910899760863,0.11215910899760863,0.06072361227471765,0.08076668691943055,40.420254039736335,3.403702682880114
open_acc_6m,bc_util,-0.18335256934014396,0.18335256934014396,0.06072361227471765,0.0759460456775071,40.420254039736335,3.464900192001345
open_acc_6m,chargeoff_within_12_mths,0.0011990688689733043,0.0011990688689733043,0.06072361227471765,0.0021101943384776007,40.420254039736335,0.006073035256305446
open_acc_6m,delinq_amnt,-0.0024559195570542343,0.0024559195570542343,0.06072361227471765,0.005947855837318468,40.420254039736335,0.0009343131163546839
open_acc_6m,mo_sin_old_il_acct,0.018590387897911915,0.018590387897911915,0.06072361227471765,0.021217795594907888,40.420254039736335,6.365942418282638
open_acc_6m,mo_sin_old_rev_tl_op,-0.007772160081736762,0.007772160081736762,0.06072361227471765,0.0355852140960437,40.420254039736335,3.3252203811063206
open_acc_6m,mo_sin_rcnt_rev_tl_op,-0.3619608502559602,0.3619608502559602,0.06072361227471765,0.051203064225407595,40.420254039736335,3.3252203811063206
open_acc_6m,mo_sin_rcnt_tl,-0.48700881752958824,0.48700881752958824,0.06072361227471765,0.053452195761061076,40.420254039736335,3.3252203811063206
open_acc_6m,mort_acc,0.06921190984895671,0.06921190984895671,0.06072361227471765,0.03244640355720174,40.420254039736335,2.3605420884701087
open_acc_6m,mths_since_recent_bc,-0.2539140071332371,0.2539140071332371,0.06072361227471765,0.043584474650737046,40.420254039736335,3.336899295060754
open_acc_6m,mths_since_recent_bc_dlq,0.07172894000042905,0.07172894000042905,0.06072361227471765,0.003137939343701434,40.420254039736335,76.73980781179198
open_acc_6m,mths_since_recent_inq,-0.30423946124757256,0.30423946124757256,0.06072361227471765,0.05320449066537542,40.420254039736335,13.0799164724074
open_acc_6m,mths_since_recent_revol_delinq,0.06274296184386331,0.06274296184386331,0.06072361227471765,0.006683612077262269,40.420254039736335,66.9785715286764
open_acc_6m,num_accts_ever_120_pd,0.06566041031889146,0.06566041031889146,0.06072361227471765,0.008479117803978793,40.420254039736335,3.3252203811063206
open_acc_6m,num_actv_bc_tl,0.1300963814933114,0.1300963814933114,0.06072361227471765,0.023449703362199502,40.420254039736335,3.3252203811063206
open_acc_6m,num_actv_rev_tl,0.2001809724485193,0.2001809724485193,0.06072361227471765,0.05073392113298021,40.420254039736335,3.3252203811063206
open_acc_6m,num_bc_sats,0.1992334164756479,0.1992334164756479,0.06072361227471765,0.0042639641381768565,40.420254039736335,2.768836920317106
open_acc_6m,num_bc_tl,0.19951836461778205,0.19951836461778205,0.06072361227471765,0.015581876085390736,40.420254039736335,3.3252203811063206
open_acc_6m,num_il_tl,0.1351260088118636,0.1351260088118636,0.06072361227471765,0.01028170161323678,40.420254039736335,3.3252203811063206
open_acc_6m,num_op_rev_tl,0.27913619392857814,0.27913619392857814,0.06072361227471765,0.023613697070117696,40.420254039736335,3.3252203811063206
open_acc_6m,num_rev_accts,0.25028871881535714,0.25028871881535714,0.06072361227471765,0.02221329210148946,40.420254039736335,3.3252203811063206
open_acc_6m,num_rev_tl_bal_gt_0,0.19212750288511826,0.19212750288511826,0.06072361227471765,0.05055527066899223,40.420254039736335,3.3252203811063206
open_acc_6m,num_sats,0.28254038265900766,0.28254038265900766,0.06072361227471765,0.018432439266359544,40.420254039736335,2.768836920317106
open_acc_6m,num_tl_120dpd_2m,-0.005624246147078211,0.005624246147078211,0.06072361227471765,0.0022468872711697264,40.420254039736335,7.126940451553529
open_acc_6m,num_tl_30dpd,-0.0038594605582453864,0.0038594605582453864,0.06072361227471765,0.0047684994383403794,40.420254039736335,3.3252203811063206
open_acc_6m,num_tl_90g_dpd_24m,0.012468571831966818,0.012468571831966818,0.06072361227471765,0.012197969067421339,40.420254039736335,3.3252203811063206
open_acc_6m,num_tl_op_past_12m,0.7285936628580539,0.7285936628580539,0.06072361227471765,0.07721411715843976,40.420254039736335,3.3252203811063206
open_acc_6m,pct_tl_nvr_dlq,0.002454693789383915,0.002454693789383915,0.06072361227471765,0.0037269775784282647,40.420254039736335,3.3308262598044482
open_acc_6m,percent_bc_gt_75,-0.16531453695927562,0.16531453695927562,0.06072361227471765,0.07830303392951792,40.420254039736335,3.4307977632543993
open_acc_6m,pub_rec_bankruptcies,0.053968289205173506,0.053968289205173506,0.06072361227471765,0.021686175332832822,40.420254039736335,0.06867201405206927
open_acc_6m,tax_liens,0.018483933859670457,0.018483933859670457,0.06072361227471765,0.013644503499620549,40.420254039736335,0.0037372524654187356
open_acc_6m,tot_hi_cred_lim,0.09606417231271366,0.09606417231271366,0.06072361227471765,0.061955101049037724,40.420254039736335,3.3252203811063206
open_acc_6m,total_bal_ex_mort,0.0839407880716391,0.0839407880716391,0.06072361227471765,0.010337636565541718,40.420254039736335,2.3605420884701087
open_acc_6m,total_bc_limit,0.05839507215028823,0.05839507215028823,0.06072361227471765,0.0727331430169503,40.420254039736335,2.3605420884701087
open_acc_6m,total_il_high_credit_limit,0.09775832358271143,0.09775832358271143,0.06072361227471765,0.012103906507566485,40.420254039736335,3.3252203811063206
open_acc_6m,year_issued,-0.03415209561223067,0.03415209561223067,0.06072361227471765,0.14600503649089677,40.420254039736335,0.0
open_act_il,open_il_12m,0.27261311730399496,0.27261311730399496,0.008867686360924087,0.06051092067206702,40.420254039736335,40.420254039736335
open_act_il,open_il_24m,0.36362152494362426,0.36362152494362426,0.008867686360924087,0.06065785469677383,40.420254039736335,40.420254039736335
open_act_il,mths_since_rcnt_il,-0.23004931252647629,0.23004931252647629,0.008867686360924087,0.03242085839165458,40.420254039736335,42.30382928230738
open_act_il,total_bal_il,0.5503035404576172,0.5503035404576172,0.008867686360924087,0.001994536754313803,40.420254039736335,40.420254039736335
open_act_il,il_util,0.30151420328876405,0.30151420328876405,0.008867686360924087,0.05888586629764154,40.420254039736335,48.95286857484549
open_act_il,open_rv_12m,-0.02076771822872828,0.02076771822872828,0.008867686360924087,0.05266258614741897,40.420254039736335,40.420254039736335
open_act_il,open_rv_24m,-0.022922110707051607,0.022922110707051607,0.008867686360924087,0.06912450757964811,40.420254039736335,40.420254039736335
open_act_il,max_bal_bc,0.03040224256465705,0.03040224256465705,0.008867686360924087,0.03227602521276016,40.420254039736335,40.420254039736335
open_act_il,all_util,0.3582710547742573,0.3582710547742573,0.008867686360924087,0.07383862685643393,40.420254039736335,40.42679423155082
open_act_il,total_rev_hi_lim,0.010161543336204606,0.010161543336204606,0.008867686360924087,0.057416341220561884,40.420254039736335,3.3252203811063206
open_act_il,inq_fi,0.09811546472853697,0.09811546472853697,0.008867686360924087,0.0368309814014974,40.420254039736335,40.420254039736335
open_act_il,total_cu_tl,0.08918181940043757,0.08918181940043757,0.008867686360924087,0.009299731041818318,40.420254039736335,40.420254039736335
open_act_il,inq_last_12m,0.07770134218997628,0.07770134218997628,0.008867686360924087,0.0637314488297478,40.420254039736335,40.420254039736335
open_act_il,acc_open_past_24mths,0.15985618608520052,0.15985618608520052,0.008867686360924087,0.08867183834751817,40.420254039736335,2.3605420884701087
open_act_il,avg_cur_bal,-0.024695885937032494,0.024695885937032494,0.008867686360924087,0.0562108691255464,40.420254039736335,3.32708900733903
open_act_il,bc_open_to_buy,-0.009398423593754484,0.009398423593754484,0.008867686360924087,0.08076668691943055,40.420254039736335,3.403702682880114
open_act_il,bc_util,0.04252230331536058,0.04252230331536058,0.008867686360924087,0.0759460456775071,40.420254039736335,3.464900192001345
open_act_il,chargeoff_within_12_mths,-0.001597172722465813,0.001597172722465813,0.008867686360924087,0.0021101943384776007,40.420254039736335,0.006073035256305446
open_act_il,delinq_amnt,-0.0018214604173104572,0.0018214604173104572,0.008867686360924087,0.005947855837318468,40.420254039736335,0.0009343131163546839
open_act_il,mo_sin_old_il_acct,0.16512328651909164,0.16512328651909164,0.008867686360924087,0.021217795594907888,40.420254039736335,6.365942418282638
open_act_il,mo_sin_old_rev_tl_op,-0.06217294016800477,0.06217294016800477,0.008867686360924087,0.0355852140960437,40.420254039736335,3.3252203811063206
open_act_il,mo_sin_rcnt_rev_tl_op,-0.005907289464785607,0.005907289464785607,0.008867686360924087,0.051203064225407595,40.420254039736335,3.3252203811063206
open_act_il,mo_sin_rcnt_tl,-0.10526103616875417,0.10526103616875417,0.008867686360924087,0.053452195761061076,40.420254039736335,3.3252203811063206
open_act_il,mort_acc,-0.003405326466979545,0.003405326466979545,0.008867686360924087,0.03244640355720174,40.420254039736335,2.3605420884701087
open_act_il,mths_since_recent_bc,-0.006288610582328508,0.006288610582328508,0.008867686360924087,0.043584474650737046,40.420254039736335,3.336899295060754
open_act_il,mths_since_recent_bc_dlq,-0.016620728592731438,0.016620728592731438,0.008867686360924087,0.003137939343701434,40.420254039736335,76.73980781179198
open_act_il,mths_since_recent_inq,-0.03842932713788693,0.03842932713788693,0.008867686360924087,0.05320449066537542,40.420254039736335,13.0799164724074
open_act_il,mths_since_recent_revol_delinq,-0.009618515373566602,0.009618515373566602,0.008867686360924087,0.006683612077262269,40.420254039736335,66.9785715286764
open_act_il,num_accts_ever_120_pd,0.08670318159777017,0.08670318159777017,0.008867686360924087,0.008479117803978793,40.420254039736335,3.3252203811063206
open_act_il,num_actv_bc_tl,-0.0028191587066955666,0.0028191587066955666,0.008867686360924087,0.023449703362199502,40.420254039736335,3.3252203811063206
open_act_il,num_actv_rev_tl,0.0030256283009513158,0.0030256283009513158,0.008867686360924087,0.05073392113298021,40.420254039736335,3.3252203811063206
open_act_il,num_bc_sats,-0.007004567099097509,0.007004567099097509,0.008867686360924087,0.0042639641381768565,40.420254039736335,2.768836920317106
open_act_il,num_bc_tl,-0.012705986462281108,0.012705986462281108,0.008867686360924087,0.015581876085390736,40.420254039736335,3.3252203811063206
open_act_il,num_il_tl,0.6453018508980894,0.6453018508980894,0.008867686360924087,0.01028170161323678,40.420254039736335,3.3252203811063206
open_act_il,num_op_rev_tl,0.0012760083992603428,0.0012760083992603428,0.008867686360924087,0.023613697070117696,40.420254039736335,3.3252203811063206
open_act_il,num_rev_accts,-0.003775098142790537,0.003775098142790537,0.008867686360924087,0.02221329210148946,40.420254039736335,3.3252203811063206
open_act_il,num_rev_tl_bal_gt_0,0.004986228620664396,0.004986228620664396,0.008867686360924087,0.05055527066899223,40.420254039736335,3.3252203811063206
open_act_il,num_sats,0.5179161796960727,0.5179161796960727,0.008867686360924087,0.018432439266359544,40.420254039736335,2.768836920317106
open_act_il,num_tl_120dpd_2m,0.010023158078716213,0.010023158078716213,0.008867686360924087,0.0022468872711697264,40.420254039736335,7.126940451553529
open_act_il,num_tl_30dpd,0.004836142248795647,0.004836142248795647,0.008867686360924087,0.0047684994383403794,40.420254039736335,3.3252203811063206
open_act_il,num_tl_90g_dpd_24m,0.0597047123697671,0.0597047123697671,0.008867686360924087,0.012197969067421339,40.420254039736335,3.3252203811063206
open_act_il,num_tl_op_past_12m,0.11650020030009701,0.11650020030009701,0.008867686360924087,0.07721411715843976,40.420254039736335,3.3252203811063206
open_act_il,pct_tl_nvr_dlq,-0.00400790494142834,0.00400790494142834,0.008867686360924087,0.0037269775784282647,40.420254039736335,3.3308262598044482
open_act_il,percent_bc_gt_75,0.04256675736510992,0.04256675736510992,0.008867686360924087,0.07830303392951792,40.420254039736335,3.4307977632543993
open_act_il,pub_rec_bankruptcies,-0.026591192423070266,0.026591192423070266,0.008867686360924087,0.021686175332832822,40.420254039736335,0.06867201405206927
open_act_il,tax_liens,-0.011988321817526642,0.011988321817526642,0.008867686360924087,0.013644503499620549,40.420254039736335,0.0037372524654187356
open_act_il,tot_hi_cred_lim,0.1591564883362505,0.1591564883362505,0.008867686360924087,0.061955101049037724,40.420254039736335,3.3252203811063206
open_act_il,total_bal_ex_mort,0.4696895508842685,0.4696895508842685,0.008867686360924087,0.010337636565541718,40.420254039736335,2.3605420884701087
open_act_il,total_bc_limit,0.006566587843858132,0.006566587843858132,0.008867686360924087,0.0727331430169503,40.420254039736335,2.3605420884701087
open_act_il,total_il_high_credit_limit,0.5530750735621408,0.5530750735621408,0.008867686360924087,0.012103906507566485,40.420254039736335,3.3252203811063206
open_act_il,year_issued,-0.020317626939066833,0.020317626939066833,0.008867686360924087,0.14600503649089677,40.420254039736335,0.0
open_il_12m,open_il_24m,0.7469665209240336,0.7469665209240336,0.06051092067206702,0.06065785469677383,40.420254039736335,40.420254039736335
open_il_12m,mths_since_rcnt_il,-0.437836032987942,0.437836032987942,0.06051092067206702,0.03242085839165458,40.420254039736335,42.30382928230738
open_il_12m,total_bal_il,0.2963340042575694,0.2963340042575694,0.06051092067206702,0.001994536754313803,40.420254039736335,40.420254039736335
open_il_12m,il_util,0.3372751534854201,0.3372751534854201,0.06051092067206702,0.05888586629764154,40.420254039736335,48.95286857484549
open_il_12m,open_rv_12m,0.07252940414205256,0.07252940414205256,0.06051092067206702,0.05266258614741897,40.420254039736335,40.420254039736335
open_il_12m,open_rv_24m,0.07482110427272308,0.07482110427272308,0.06051092067206702,0.06912450757964811,40.420254039736335,40.420254039736335
open_il_12m,max_bal_bc,-0.05687468386735085,0.05687468386735085,0.06051092067206702,0.03227602521276016,40.420254039736335,40.420254039736335
open_il_12m,all_util,0.1734488979036745,0.1734488979036745,0.06051092067206702,0.07383862685643393,40.420254039736335,40.42679423155082
open_il_12m,total_rev_hi_lim,0.01214335553899449,0.01214335553899449,0.06051092067206702,0.057416341220561884,40.420254039736335,3.3252203811063206
open_il_12m,inq_fi,0.2977925337269293,0.2977925337269293,0.06051092067206702,0.0368309814014974,40.420254039736335,40.420254039736335
open_il_12m,total_cu_tl,0.21161250751722208,0.21161250751722208,0.06051092067206702,0.009299731041818318,40.420254039736335,40.420254039736335
open_il_12m,inq_last_12m,0.3605136126463338,0.3605136126463338,0.06051092067206702,0.0637314488297478,40.420254039736335,40.420254039736335
open_il_12m,acc_open_past_24mths,0.4338110256625296,0.4338110256625296,0.06051092067206702,0.08867183834751817,40.420254039736335,2.3605420884701087
open_il_12m,avg_cur_bal,0.05557307415411449,0.05557307415411449,0.06051092067206702,0.0562108691255464,40.420254039736335,3.32708900733903
open_il_12m,bc_open_to_buy,0.0312425932690029,0.0312425932690029,0.06051092067206702,0.08076668691943055,40.420254039736335,3.403702682880114
open_il_12m,bc_util,-0.0988899763403218,0.0988899763403218,0.06051092067206702,0.0759460456775071,40.420254039736335,3.464900192001345
open_il_12m,chargeoff_within_12_mths,0.0018487977783859682,0.0018487977783859682,0.06051092067206702,0.0021101943384776007,40.420254039736335,0.006073035256305446
open_il_12m,delinq_amnt,-0.005625467818497981,0.005625467818497981,0.06051092067206702,0.005947855837318468,40.420254039736335,0.0009343131163546839
open_il_12m,mo_sin_old_il_acct,0.043467251469865346,0.043467251469865346,0.06051092067206702,0.021217795594907888,40.420254039736335,6.365942418282638
open_il_12m,mo_sin_old_rev_tl_op,-0.0019457098351265073,0.0019457098351265073,0.06051092067206702,0.0355852140960437,40.420254039736335,3.3252203811063206
open_il_12m,mo_sin_rcnt_rev_tl_op,-0.05766148319437826,0.05766148319437826,0.06051092067206702,0.051203064225407595,40.420254039736335,3.3252203811063206
open_il_12m,mo_sin_rcnt_tl,-0.3097433585718422,0.3097433585718422,0.06051092067206702,0.053452195761061076,40.420254039736335,3.3252203811063206
open_il_12m,mort_acc,0.08878886199970218,0.08878886199970218,0.06051092067206702,0.03244640355720174,40.420254039736335,2.3605420884701087
open_il_12m,mths_since_recent_bc,-0.03974133572540601,0.03974133572540601,0.06051092067206702,0.043584474650737046,40.420254039736335,3.336899295060754
open_il_12m,mths_since_recent_bc_dlq,0.058025284395682095,0.058025284395682095,0.06051092067206702,0.003137939343701434,40.420254039736335,76.73980781179198
open_il_12m,mths_since_recent_inq,-0.20154423710685615,0.20154423710685615,0.06051092067206702,0.05320449066537542,40.420254039736335,13.0799164724074
open_il_12m,mths_since_recent_revol_delinq,0.06172025997462156,0.06172025997462156,0.06051092067206702,0.006683612077262269,40.420254039736335,66.9785715286764
open_il_12m,num_accts_ever_120_pd,0.04258301869450078,0.04258301869450078,0.06051092067206702,0.008479117803978793,40.420254039736335,3.3252203811063206
open_il_12m,num_actv_bc_tl,-0.030612084093158076,0.030612084093158076,0.06051092067206702,0.023449703362199502,40.420254039736335,3.3252203811063206
open_il_12m,num_actv_rev_tl,-0.010779940455506102,0.010779940455506102,0.06051092067206702,0.05073392113298021,40.420254039736335,3.3252203811063206
open_il_12m,num_bc_sats,0.011597688047655336,0.011597688047655336,0.06051092067206702,0.0042639641381768565,40.420254039736335,2.768836920317106
open_il_12m,num_bc_tl,0.04149916784804561,0.04149916784804561,0.06051092067206702,0.015581876085390736,40.420254039736335,3.3252203811063206
open_il_12m,num_il_tl,0.3378479428162716,0.3378479428162716,0.06051092067206702,0.01028170161323678,40.420254039736335,3.3252203811063206
open_il_12m,num_op_rev_tl,0.033196766461026705,0.033196766461026705,0.06051092067206702,0.023613697070117696,40.420254039736335,3.3252203811063206
open_il_12m,num_rev_accts,0.058039874638824984,0.058039874638824984,0.06051092067206702,0.02221329210148946,40.420254039736335,3.3252203811063206
open_il_12m,num_rev_tl_bal_gt_0,-0.013611270620199786,0.013611270620199786,0.06051092067206702,0.05055527066899223,40.420254039736335,3.3252203811063206
open_il_12m,num_sats,0.17872367696762734,0.17872367696762734,0.06051092067206702,0.018432439266359544,40.420254039736335,2.768836920317106
open_il_12m,num_tl_120dpd_2m,-0.0057351837244927276,0.0057351837244927276,0.06051092067206702,0.0022468872711697264,40.420254039736335,7.126940451553529
open_il_12m,num_tl_30dpd,-0.004865482837626503,0.004865482837626503,0.06051092067206702,0.0047684994383403794,40.420254039736335,3.3252203811063206
open_il_12m,num_tl_90g_dpd_24m,0.0016026444503783287,0.0016026444503783287,0.06051092067206702,0.012197969067421339,40.420254039736335,3.3252203811063206
open_il_12m,num_tl_op_past_12m,0.5541249357402155,0.5541249357402155,0.06051092067206702,0.07721411715843976,40.420254039736335,3.3252203811063206
open_il_12m,pct_tl_nvr_dlq,0.02029359068683335,0.02029359068683335,0.06051092067206702,0.0037269775784282647,40.420254039736335,3.3308262598044482
open_il_12m,percent_bc_gt_75,-0.08519297161015894,0.08519297161015894,0.06051092067206702,0.07830303392951792,40.420254039736335,3.4307977632543993
open_il_12m,pub_rec_bankruptcies,0.04146246369073237,0.04146246369073237,0.06051092067206702,0.021686175332832822,40.420254039736335,0.06867201405206927
open_il_12m,tax_liens,0.009070317940581522,0.009070317940581522,0.06051092067206702,0.013644503499620549,40.420254039736335,0.0037372524654187356
open_il_12m,tot_hi_cred_lim,0.13049329052375686,0.13049329052375686,0.06051092067206702,0.061955101049037724,40.420254039736335,3.3252203811063206
open_il_12m,total_bal_ex_mort,0.23612002414680353,0.23612002414680353,0.06051092067206702,0.010337636565541718,40.420254039736335,2.3605420884701087
open_il_12m,total_bc_limit,-0.0101333554104235,0.0101333554104235,0.06051092067206702,0.0727331430169503,40.420254039736335,2.3605420884701087
open_il_12m,total_il_high_credit_limit,0.28425645565878005,0.28425645565878005,0.06051092067206702,0.012103906507566485,40.420254039736335,3.3252203811063206
open_il_12m,year_issued,-0.02620885256830669,0.02620885256830669,0.06051092067206702,0.14600503649089677,40.420254039736335,0.0
open_il_24m,mths_since_rcnt_il,-0.4848014615231481,0.4848014615231481,0.06065785469677383,0.03242085839165458,40.420254039736335,42.30382928230738
open_il_24m,total_bal_il,0.36603619927758396,0.36603619927758396,0.06065785469677383,0.001994536754313803,40.420254039736335,40.420254039736335
open_il_24m,il_util,0.31522127559453406,0.31522127559453406,0.06065785469677383,0.05888586629764154,40.420254039736335,48.95286857484549
open_il_24m,open_rv_12m,0.06451244658033277,0.06451244658033277,0.06065785469677383,0.05266258614741897,40.420254039736335,40.420254039736335
open_il_24m,open_rv_24m,0.08760173531500513,0.08760173531500513,0.06065785469677383,0.06912450757964811,40.420254039736335,40.420254039736335
open_il_24m,max_bal_bc,-0.04110568064056748,0.04110568064056748,0.06065785469677383,0.03227602521276016,40.420254039736335,40.420254039736335
open_il_24m,all_util,0.1961439249329266,0.1961439249329266,0.06065785469677383,0.07383862685643393,40.420254039736335,40.42679423155082
open_il_24m,total_rev_hi_lim,0.028787422446285994,0.028787422446285994,0.06065785469677383,0.057416341220561884,40.420254039736335,3.3252203811063206
open_il_24m,inq_fi,0.38469615690037856,0.38469615690037856,0.06065785469677383,0.0368309814014974,40.420254039736335,40.420254039736335
open_il_24m,total_cu_tl,0.27777778510839984,0.27777778510839984,0.06065785469677383,0.009299731041818318,40.420254039736335,40.420254039736335
open_il_24m,inq_last_12m,0.29281909739104534,0.29281909739104534,0.06065785469677383,0.0637314488297478,40.420254039736335,40.420254039736335
open_il_24m,acc_open_past_24mths,0.5684991679418032,0.5684991679418032,0.06065785469677383,0.08867183834751817,40.420254039736335,2.3605420884701087
open_il_24m,avg_cur_bal,0.05866935579445735,0.05866935579445735,0.06065785469677383,0.0562108691255464,40.420254039736335,3.32708900733903
open_il_24m,bc_open_to_buy,0.03309656183222084,0.03309656183222084,0.06065785469677383,0.08076668691943055,40.420254039736335,3.403702682880114
open_il_24m,bc_util,-0.07640717147425251,0.07640717147425251,0.06065785469677383,0.0759460456775071,40.420254039736335,3.464900192001345
open_il_24m,chargeoff_within_12_mths,0.0028566143668988845,0.0028566143668988845,0.06065785469677383,0.0021101943384776007,40.420254039736335,0.006073035256305446
open_il_24m,delinq_amnt,-0.005118317892902495,0.005118317892902495,0.06065785469677383,0.005947855837318468,40.420254039736335,0.0009343131163546839
open_il_24m,mo_sin_old_il_acct,0.059360823866617084,0.059360823866617084,0.06065785469677383,0.021217795594907888,40.420254039736335,6.365942418282638
open_il_24m,mo_sin_old_rev_tl_op,-0.0030505721522745104,0.0030505721522745104,0.06065785469677383,0.0355852140960437,40.420254039736335,3.3252203811063206
open_il_24m,mo_sin_rcnt_rev_tl_op,-0.06635345131874061,0.06635345131874061,0.06065785469677383,0.051203064225407595,40.420254039736335,3.3252203811063206
open_il_24m,mo_sin_rcnt_tl,-0.2894808378428367,0.2894808378428367,0.06065785469677383,0.053452195761061076,40.420254039736335,3.3252203811063206
open_il_24m,mort_acc,0.11098871288168055,0.11098871288168055,0.06065785469677383,0.03244640355720174,40.420254039736335,2.3605420884701087
open_il_24m,mths_since_recent_bc,-0.048147026948760864,0.048147026948760864,0.06065785469677383,0.043584474650737046,40.420254039736335,3.336899295060754
open_il_24m,mths_since_recent_bc_dlq,0.07835492041969247,0.07835492041969247,0.06065785469677383,0.003137939343701434,40.420254039736335,76.73980781179198
open_il_24m,mths_since_recent_inq,-0.141558399501176,0.141558399501176,0.06065785469677383,0.05320449066537542,40.420254039736335,13.0799164724074
open_il_24m,mths_since_recent_revol_delinq,0.07810697650630341,0.07810697650630341,0.06065785469677383,0.006683612077262269,40.420254039736335,66.9785715286764
open_il_24m,num_accts_ever_120_pd,0.03697428693291581,0.03697428693291581,0.06065785469677383,0.008479117803978793,40.420254039736335,3.3252203811063206
open_il_24m,num_actv_bc_tl,-0.011332054607731408,0.011332054607731408,0.06065785469677383,0.023449703362199502,40.420254039736335,3.3252203811063206
open_il_24m,num_actv_rev_tl,0.012412804369783821,0.012412804369783821,0.06065785469677383,0.05073392113298021,40.420254039736335,3.3252203811063206
open_il_24m,num_bc_sats,0.023490772595827342,0.023490772595827342,0.06065785469677383,0.0042639641381768565,40.420254039736335,2.768836920317106
open_il_24m,num_bc_tl,0.05864412069172576,0.05864412069172576,0.06065785469677383,0.015581876085390736,40.420254039736335,3.3252203811063206
open_il_24m,num_il_tl,0.46083839257948356,0.46083839257948356,0.06065785469677383,0.01028170161323678,40.420254039736335,3.3252203811063206
open_il_24m,num_op_rev_tl,0.0611057436434227,0.0611057436434227,0.06065785469677383,0.023613697070117696,40.420254039736335,3.3252203811063206
open_il_24m,num_rev_accts,0.0807119646657998,0.0807119646657998,0.06065785469677383,0.02221329210148946,40.420254039736335,3.3252203811063206
open_il_24m,num_rev_tl_bal_gt_0,0.01580505460093976,0.01580505460093976,0.06065785469677383,0.05055527066899223,40.420254039736335,3.3252203811063206
open_il_24m,num_sats,0.25217760029747327,0.25217760029747327,0.06065785469677383,0.018432439266359544,40.420254039736335,2.768836920317106
open_il_24m,num_tl_120dpd_2m,-0.005711272175497976,0.005711272175497976,0.06065785469677383,0.0022468872711697264,40.420254039736335,7.126940451553529
open_il_24m,num_tl_30dpd,-0.005574904651133829,0.005574904651133829,0.06065785469677383,0.0047684994383403794,40.420254039736335,3.3252203811063206
open_il_24m,num_tl_90g_dpd_24m,-0.017994584306659137,0.017994584306659137,0.06065785469677383,0.012197969067421339,40.420254039736335,3.3252203811063206
open_il_24m,num_tl_op_past_12m,0.4275351760535305,0.4275351760535305,0.06065785469677383,0.07721411715843976,40.420254039736335,3.3252203811063206
open_il_24m,pct_tl_nvr_dlq,0.05231583868284408,0.05231583868284408,0.06065785469677383,0.0037269775784282647,40.420254039736335,3.3308262598044482
open_il_24m,percent_bc_gt_75,-0.0654657447490636,0.0654657447490636,0.06065785469677383,0.07830303392951792,40.420254039736335,3.4307977632543993
open_il_24m,pub_rec_bankruptcies,0.05136211826556299,0.05136211826556299,0.06065785469677383,0.021686175332832822,40.420254039736335,0.06867201405206927
open_il_24m,tax_liens,0.010442655920750273,0.010442655920750273,0.06065785469677383,0.013644503499620549,40.420254039736335,0.0037372524654187356
open_il_24m,tot_hi_cred_lim,0.17055358851858674,0.17055358851858674,0.06065785469677383,0.061955101049037724,40.420254039736335,3.3252203811063206
open_il_24m,total_bal_ex_mort,0.3047339452737318,0.3047339452737318,0.06065785469677383,0.010337636565541718,40.420254039736335,2.3605420884701087
open_il_24m,total_bc_limit,0.00023578971521796423,0.00023578971521796423,0.06065785469677383,0.0727331430169503,40.420254039736335,2.3605420884701087
open_il_24m,total_il_high_credit_limit,0.3747981228205212,0.3747981228205212,0.06065785469677383,0.012103906507566485,40.420254039736335,3.3252203811063206
open_il_24m,year_issued,-0.027097463597886243,0.027097463597886243,0.06065785469677383,0.14600503649089677,40.420254039736335,0.0
mths_since_rcnt_il,total_bal_il,-0.24018898897677,0.24018898897677,0.03242085839165458,0.001994536754313803,42.30382928230738,40.420254039736335
mths_since_rcnt_il,il_util,-0.31724947363064865,0.31724947363064865,0.03242085839165458,0.05888586629764154,42.30382928230738,48.95286857484549
mths_since_rcnt_il,open_rv_12m,-0.03437304432821293,0.03437304432821293,0.03242085839165458,0.05266258614741897,42.30382928230738,40.420254039736335
mths_since_rcnt_il,open_rv_24m,-0.04767687472491661,0.04767687472491661,0.03242085839165458,0.06912450757964811,42.30382928230738,40.420254039736335
mths_since_rcnt_il,max_bal_bc,0.025039694262492175,0.025039694262492175,0.03242085839165458,0.03227602521276016,42.30382928230738,40.420254039736335
mths_since_rcnt_il,all_util,-0.12424355115194809,0.12424355115194809,0.03242085839165458,0.07383862685643393,42.30382928230738,40.42679423155082
mths_since_rcnt_il,total_rev_hi_lim,-0.025800929382745176,0.025800929382745176,0.03242085839165458,0.057416341220561884,42.30382928230738,3.3252203811063206
mths_since_rcnt_il,inq_fi,-0.2192519020460855,0.2192519020460855,0.03242085839165458,0.0368309814014974,42.30382928230738,40.420254039736335
mths_since_rcnt_il,total_cu_tl,-0.1413929041433451,0.1413929041433451,0.03242085839165458,0.009299731041818318,42.30382928230738,40.420254039736335
mths_since_rcnt_il,inq_last_12m,-0.20014133945251286,0.20014133945251286,0.03242085839165458,0.0637314488297478,42.30382928230738,40.420254039736335
mths_since_rcnt_il,acc_open_past_24mths,-0.2838698134422831,0.2838698134422831,0.03242085839165458,0.08867183834751817,42.30382928230738,2.3605420884701087
mths_since_rcnt_il,avg_cur_bal,-0.041225514479589526,0.041225514479589526,0.03242085839165458,0.0562108691255464,42.30382928230738,3.32708900733903
mths_since_rcnt_il,bc_open_to_buy,-0.038407881904965406,0.038407881904965406,0.03242085839165458,0.08076668691943055,42.30382928230738,3.403702682880114
mths_since_rcnt_il,bc_util,0.06803263539554144,0.06803263539554144,0.03242085839165458,0.0759460456775071,42.30382928230738,3.464900192001345
mths_since_rcnt_il,chargeoff_within_12_mths,-0.000660695677985446,0.000660695677985446,0.03242085839165458,0.0021101943384776007,42.30382928230738,0.006073035256305446
mths_since_rcnt_il,delinq_amnt,0.004160274360230936,0.004160274360230936,0.03242085839165458,0.005947855837318468,42.30382928230738,0.0009343131163546839
mths_since_rcnt_il,mo_sin_old_il_acct,0.06980174043626125,0.06980174043626125,0.03242085839165458,0.021217795594907888,42.30382928230738,6.365942418282638
mths_since_rcnt_il,mo_sin_old_rev_tl_op,0.03201281559315674,0.03201281559315674,0.03242085839165458,0.0355852140960437,42.30382928230738,3.3252203811063206
mths_since_rcnt_il,mo_sin_rcnt_rev_tl_op,0.05834529741553284,0.05834529741553284,0.03242085839165458,0.051203064225407595,42.30382928230738,3.3252203811063206
mths_since_rcnt_il,mo_sin_rcnt_tl,0.3415422994967758,0.3415422994967758,0.03242085839165458,0.053452195761061076,42.30382928230738,3.3252203811063206
mths_since_rcnt_il,mort_acc,-0.06598882514874697,0.06598882514874697,0.03242085839165458,0.03244640355720174,42.30382928230738,2.3605420884701087
mths_since_rcnt_il,mths_since_recent_bc,0.05127123772417586,0.05127123772417586,0.03242085839165458,0.043584474650737046,42.30382928230738,3.336899295060754
mths_since_rcnt_il,mths_since_recent_bc_dlq,-0.034017236117287644,0.034017236117287644,0.03242085839165458,0.003137939343701434,42.30382928230738,76.73980781179198
mths_since_rcnt_il,mths_since_recent_inq,0.10993786984999872,0.10993786984999872,0.03242085839165458,0.05320449066537542,42.30382928230738,13.0799164724074
mths_since_rcnt_il,mths_since_recent_revol_delinq,-0.03380121890749987,0.03380121890749987,0.03242085839165458,0.006683612077262269,42.30382928230738,66.9785715286764
mths_since_rcnt_il,num_accts_ever_120_pd,-0.0003316846722039951,0.0003316846722039951,0.03242085839165458,0.008479117803978793,42.30382928230738,3.3252203811063206
mths_since_rcnt_il,num_actv_bc_tl,-0.001144815817412724,0.001144815817412724,0.03242085839165458,0.023449703362199502,42.30382928230738,3.3252203811063206
mths_since_rcnt_il,num_actv_rev_tl,-0.01081081146555818,0.01081081146555818,0.03242085839165458,0.05073392113298021,42.30382928230738,3.3252203811063206
mths_since_rcnt_il,num_bc_sats,-0.030655832437099864,0.030655832437099864,0.03242085839165458,0.0042639641381768565,42.30382928230738,2.768836920317106
mths_since_rcnt_il,num_bc_tl,-0.038967642354061006,0.038967642354061006,0.03242085839165458,0.015581876085390736,42.30382928230738,3.3252203811063206
mths_since_rcnt_il,num_il_tl,-0.2470740029133046,0.2470740029133046,0.03242085839165458,0.01028170161323678,42.30382928230738,3.3252203811063206
mths_since_rcnt_il,num_op_rev_tl,-0.043520528040111285,0.043520528040111285,0.03242085839165458,0.023613697070117696,42.30382928230738,3.3252203811063206
mths_since_rcnt_il,num_rev_accts,-0.048075146362483424,0.048075146362483424,0.03242085839165458,0.02221329210148946,42.30382928230738,3.3252203811063206
mths_since_rcnt_il,num_rev_tl_bal_gt_0,-0.008054000158077824,0.008054000158077824,0.03242085839165458,0.05055527066899223,42.30382928230738,3.3252203811063206
mths_since_rcnt_il,num_sats,-0.1647116988828934,0.1647116988828934,0.03242085839165458,0.018432439266359544,42.30382928230738,2.768836920317106
mths_since_rcnt_il,num_tl_120dpd_2m,0.0061813817446717085,0.0061813817446717085,0.03242085839165458,0.0022468872711697264,42.30382928230738,7.126940451553529
mths_since_rcnt_il,num_tl_30dpd,0.003124049807413654,0.003124049807413654,0.03242085839165458,0.0047684994383403794,42.30382928230738,3.3252203811063206
mths_since_rcnt_il,num_tl_90g_dpd_24m,0.010985327500987251,0.010985327500987251,0.03242085839165458,0.012197969067421339,42.30382928230738,3.3252203811063206
mths_since_rcnt_il,num_tl_op_past_12m,-0.2513018783150772,0.2513018783150772,0.03242085839165458,0.07721411715843976,42.30382928230738,3.3252203811063206
mths_since_rcnt_il,pct_tl_nvr_dlq,-0.06296995684446619,0.06296995684446619,0.03242085839165458,0.0037269775784282647,42.30382928230738,3.3308262598044482
mths_since_rcnt_il,percent_bc_gt_75,0.059196267308030924,0.059196267308030924,0.03242085839165458,0.07830303392951792,42.30382928230738,3.4307977632543993
mths_since_rcnt_il,pub_rec_bankruptcies,-0.030666395840442128,0.030666395840442128,0.03242085839165458,0.021686175332832822,42.30382928230738,0.06867201405206927
mths_since_rcnt_il,tax_liens,0.001608312136920851,0.001608312136920851,0.03242085839165458,0.013644503499620549,42.30382928230738,0.0037372524654187356
mths_since_rcnt_il,tot_hi_cred_lim,-0.12004839937910772,0.12004839937910772,0.03242085839165458,0.061955101049037724,42.30382928230738,3.3252203811063206
mths_since_rcnt_il,total_bal_ex_mort,-0.198209506148356,0.198209506148356,0.03242085839165458,0.010337636565541718,42.30382928230738,2.3605420884701087
mths_since_rcnt_il,total_bc_limit,-0.01572065696192774,0.01572065696192774,0.03242085839165458,0.0727331430169503,42.30382928230738,2.3605420884701087
mths_since_rcnt_il,total_il_high_credit_limit,-0.2644716068034599,0.2644716068034599,0.03242085839165458,0.012103906507566485,42.30382928230738,3.3252203811063206
mths_since_rcnt_il,year_issued,-0.004769860450750808,0.004769860450750808,0.03242085839165458,0.14600503649089677,42.30382928230738,0.0
total_bal_il,il_util,0.31428680737484277,0.31428680737484277,0.001994536754313803,0.05888586629764154,40.420254039736335,48.95286857484549
total_bal_il,open_rv_12m,-0.0005398931126696136,0.0005398931126696136,0.001994536754313803,0.05266258614741897,40.420254039736335,40.420254039736335
total_bal_il,open_rv_24m,-0.0026260164681664064,0.0026260164681664064,0.001994536754313803,0.06912450757964811,40.420254039736335,40.420254039736335
total_bal_il,max_bal_bc,0.11265088605821447,0.11265088605821447,0.001994536754313803,0.03227602521276016,40.420254039736335,40.420254039736335
total_bal_il,all_util,0.2792599034588111,0.2792599034588111,0.001994536754313803,0.07383862685643393,40.420254039736335,40.42679423155082
total_bal_il,total_rev_hi_lim,0.1230642507921635,0.1230642507921635,0.001994536754313803,0.057416341220561884,40.420254039736335,3.3252203811063206
total_bal_il,inq_fi,0.15378363648694032,0.15378363648694032,0.001994536754313803,0.0368309814014974,40.420254039736335,40.420254039736335
total_bal_il,total_cu_tl,0.1185138873236219,0.1185138873236219,0.001994536754313803,0.009299731041818318,40.420254039736335,40.420254039736335
total_bal_il,inq_last_12m,0.1523541168676432,0.1523541168676432,0.001994536754313803,0.0637314488297478,40.420254039736335,40.420254039736335
total_bal_il,acc_open_past_24mths,0.18624739457610368,0.18624739457610368,0.001994536754313803,0.08867183834751817,40.420254039736335,2.3605420884701087
total_bal_il,avg_cur_bal,0.2220403497260936,0.2220403497260936,0.001994536754313803,0.0562108691255464,40.420254039736335,3.32708900733903
total_bal_il,bc_open_to_buy,0.05717024048679626,0.05717024048679626,0.001994536754313803,0.08076668691943055,40.420254039736335,3.403702682880114
total_bal_il,bc_util,0.015998614764806716,0.015998614764806716,0.001994536754313803,0.0759460456775071,40.420254039736335,3.464900192001345
total_bal_il,chargeoff_within_12_mths,0.0008689681866694959,0.0008689681866694959,0.001994536754313803,0.0021101943384776007,40.420254039736335,0.006073035256305446
total_bal_il,delinq_amnt,-0.0005454801569530271,0.0005454801569530271,0.001994536754313803,0.005947855837318468,40.420254039736335,0.0009343131163546839
total_bal_il,mo_sin_old_il_acct,0.20842487654476746,0.20842487654476746,0.001994536754313803,0.021217795594907888,40.420254039736335,6.365942418282638
total_bal_il,mo_sin_old_rev_tl_op,0.024718220148163682,0.024718220148163682,0.001994536754313803,0.0355852140960437,40.420254039736335,3.3252203811063206
total_bal_il,mo_sin_rcnt_rev_tl_op,-0.006123708876571095,0.006123708876571095,0.001994536754313803,0.051203064225407595,40.420254039736335,3.3252203811063206
total_bal_il,mo_sin_rcnt_tl,-0.12533378475105378,0.12533378475105378,0.001994536754313803,0.053452195761061076,40.420254039736335,3.3252203811063206
total_bal_il,mort_acc,0.10169918578049156,0.10169918578049156,0.001994536754313803,0.03244640355720174,40.420254039736335,2.3605420884701087
total_bal_il,mths_since_recent_bc,0.0008431812155332634,0.0008431812155332634,0.001994536754313803,0.043584474650737046,40.420254039736335,3.336899295060754
total_bal_il,mths_since_recent_bc_dlq,-0.00026501999239149246,0.00026501999239149246,0.001994536754313803,0.003137939343701434,40.420254039736335,76.73980781179198
total_bal_il,mths_since_recent_inq,-0.07498656707158112,0.07498656707158112,0.001994536754313803,0.05320449066537542,40.420254039736335,13.0799164724074
total_bal_il,mths_since_recent_revol_delinq,0.001971268340796287,0.001971268340796287,0.001994536754313803,0.006683612077262269,40.420254039736335,66.9785715286764
total_bal_il,num_accts_ever_120_pd,0.07560863313706973,0.07560863313706973,0.001994536754313803,0.008479117803978793,40.420254039736335,3.3252203811063206
total_bal_il,num_actv_bc_tl,0.031916519160830666,0.031916519160830666,0.001994536754313803,0.023449703362199502,40.420254039736335,3.3252203811063206
total_bal_il,num_actv_rev_tl,0.03612669527643986,0.03612669527643986,0.001994536754313803,0.05073392113298021,40.420254039736335,3.3252203811063206
total_bal_il,num_bc_sats,0.04377525786733936,0.04377525786733936,0.001994536754313803,0.0042639641381768565,40.420254039736335,2.768836920317106
total_bal_il,num_bc_tl,0.052432188758072824,0.052432188758072824,0.001994536754313803,0.015581876085390736,40.420254039736335,3.3252203811063206
total_bal_il,num_il_tl,0.577302537409106,0.577302537409106,0.001994536754313803,0.01028170161323678,40.420254039736335,3.3252203811063206
total_bal_il,num_op_rev_tl,0.05028703629784423,0.05028703629784423,0.001994536754313803,0.023613697070117696,40.420254039736335,3.3252203811063206
total_bal_il,num_rev_accts,0.05973442789719053,0.05973442789719053,0.001994536754313803,0.02221329210148946,40.420254039736335,3.3252203811063206
total_bal_il,num_rev_tl_bal_gt_0,0.0377695304802878,0.0377695304802878,0.001994536754313803,0.05055527066899223,40.420254039736335,3.3252203811063206
total_bal_il,num_sats,0.3423043006295738,0.3423043006295738,0.001994536754313803,0.018432439266359544,40.420254039736335,2.768836920317106
total_bal_il,num_tl_120dpd_2m,0.0024464694127062665,0.0024464694127062665,0.001994536754313803,0.0022468872711697264,40.420254039736335,7.126940451553529
total_bal_il,num_tl_30dpd,0.0027022982076906434,0.0027022982076906434,0.001994536754313803,0.0047684994383403794,40.420254039736335,3.3252203811063206
total_bal_il,num_tl_90g_dpd_24m,0.03886979660615009,0.03886979660615009,0.001994536754313803,0.012197969067421339,40.420254039736335,3.3252203811063206
total_bal_il,num_tl_op_past_12m,0.1519668854878494,0.1519668854878494,0.001994536754313803,0.07721411715843976,40.420254039736335,3.3252203811063206
total_bal_il,pct_tl_nvr_dlq,0.003424808395774313,0.003424808395774313,0.001994536754313803,0.0037269775784282647,40.420254039736335,3.3308262598044482
total_bal_il,percent_bc_gt_75,0.013046797223905957,0.013046797223905957,0.001994536754313803,0.07830303392951792,40.420254039736335,3.4307977632543993
total_bal_il,pub_rec_bankruptcies,-0.022220837986500812,0.022220837986500812,0.001994536754313803,0.021686175332832822,40.420254039736335,0.06867201405206927
total_bal_il,tax_liens,-0.0011818002110686508,0.0011818002110686508,0.001994536754313803,0.013644503499620549,40.420254039736335,0.0037372524654187356
total_bal_il,tot_hi_cred_lim,0.37552904008648696,0.37552904008648696,0.001994536754313803,0.061955101049037724,40.420254039736335,3.3252203811063206
total_bal_il,total_bal_ex_mort,0.8914321424521908,0.8914321424521908,0.001994536754313803,0.010337636565541718,40.420254039736335,2.3605420884701087
total_bal_il,total_bc_limit,0.09946728073547234,0.09946728073547234,0.001994536754313803,0.0727331430169503,40.420254039736335,2.3605420884701087
total_bal_il,total_il_high_credit_limit,0.9518866426161745,0.9518866426161745,0.001994536754313803,0.012103906507566485,40.420254039736335,3.3252203811063206
total_bal_il,year_issued,-0.006492066548874561,0.006492066548874561,0.001994536754313803,0.14600503649089677,40.420254039736335,0.0
il_util,open_rv_12m,0.07109946506361703,0.07109946506361703,0.05888586629764154,0.05266258614741897,48.95286857484549,40.420254039736335
il_util,open_rv_24m,0.08148841822141879,0.08148841822141879,0.05888586629764154,0.06912450757964811,48.95286857484549,40.420254039736335
il_util,max_bal_bc,-0.11520408234857384,0.11520408234857384,0.05888586629764154,0.03227602521276016,48.95286857484549,40.420254039736335
il_util,all_util,0.5550718156506438,0.5550718156506438,0.05888586629764154,0.07383862685643393,48.95286857484549,40.42679423155082
il_util,total_rev_hi_lim,-0.09485914423538153,0.09485914423538153,0.05888586629764154,0.057416341220561884,48.95286857484549,3.3252203811063206
il_util,inq_fi,0.15405477699864084,0.15405477699864084,0.05888586629764154,0.0368309814014974,48.95286857484549,40.420254039736335
il_util,total_cu_tl,0.03923799824507006,0.03923799824507006,0.05888586629764154,0.009299731041818318,48.95286857484549,40.420254039736335
il_util,inq_last_12m,0.17402804489628818,0.17402804489628818,0.05888586629764154,0.0637314488297478,48.95286857484549,40.420254039736335
il_util,acc_open_past_24mths,0.2225283489215161,0.2225283489215161,0.05888586629764154,0.08867183834751817,48.95286857484549,2.3605420884701087
il_util,avg_cur_bal,0.0007932416401427595,0.0007932416401427595,0.05888586629764154,0.0562108691255464,48.95286857484549,3.32708900733903
il_util,bc_open_to_buy,-0.051122354397953755,0.051122354397953755,0.05888586629764154,0.08076668691943055,48.95286857484549,3.403702682880114
il_util,bc_util,-0.055149587939604026,0.055149587939604026,0.05888586629764154,0.0759460456775071,48.95286857484549,3.464900192001345
il_util,chargeoff_within_12_mths,-0.0031479547878587185,0.0031479547878587185,0.05888586629764154,0.0021101943384776007,48.95286857484549,0.006073035256305446
il_util,delinq_amnt,-0.0125097522668749,0.0125097522668749,0.05888586629764154,0.005947855837318468,48.95286857484549,0.0009343131163546839
il_util,mo_sin_old_il_acct,-0.004166243913530904,0.004166243913530904,0.05888586629764154,0.021217795594907888,48.95286857484549,6.365942418282638
il_util,mo_sin_old_rev_tl_op,-0.09919888337623874,0.09919888337623874,0.05888586629764154,0.0355852140960437,48.95286857484549,3.3252203811063206
il_util,mo_sin_rcnt_rev_tl_op,-0.06407390821921598,0.06407390821921598,0.05888586629764154,0.051203064225407595,48.95286857484549,3.3252203811063206
il_util,mo_sin_rcnt_tl,-0.22531349821611832,0.22531349821611832,0.05888586629764154,0.053452195761061076,48.95286857484549,3.3252203811063206
il_util,mort_acc,-0.037990644703380747,0.037990644703380747,0.05888586629764154,0.03244640355720174,48.95286857484549,2.3605420884701087
il_util,mths_since_recent_bc,-0.04892235215115992,0.04892235215115992,0.05888586629764154,0.043584474650737046,48.95286857484549,3.336899295060754
il_util,mths_since_recent_bc_dlq,0.06492609908818804,0.06492609908818804,0.05888586629764154,0.003137939343701434,48.95286857484549,76.73980781179198
il_util,mths_since_recent_inq,-0.10580071901057349,0.10580071901057349,0.05888586629764154,0.05320449066537542,48.95286857484549,13.0799164724074
il_util,mths_since_recent_revol_delinq,0.06390295074187426,0.06390295074187426,0.05888586629764154,0.006683612077262269,48.95286857484549,66.9785715286764
il_util,num_accts_ever_120_pd,0.09658480389305,0.09658480389305,0.05888586629764154,0.008479117803978793,48.95286857484549,3.3252203811063206
il_util,num_actv_bc_tl,-0.07317677204182307,0.07317677204182307,0.05888586629764154,0.023449703362199502,48.95286857484549,3.3252203811063206
il_util,num_actv_rev_tl,-0.05864195150102141,0.05864195150102141,0.05888586629764154,0.05073392113298021,48.95286857484549,3.3252203811063206
il_util,num_bc_sats,-0.060693825386352845,0.060693825386352845,0.05888586629764154,0.0042639641381768565,48.95286857484549,2.768836920317106
il_util,num_bc_tl,-0.05538744462492565,0.05538744462492565,0.05888586629764154,0.015581876085390736,48.95286857484549,3.3252203811063206
il_util,num_il_tl,0.24181240484212757,0.24181240484212757,0.05888586629764154,0.01028170161323678,48.95286857484549,3.3252203811063206
il_util,num_op_rev_tl,-0.029593603132711945,0.029593603132711945,0.05888586629764154,0.023613697070117696,48.95286857484549,3.3252203811063206
il_util,num_rev_accts,-0.04079966265510371,0.04079966265510371,0.05888586629764154,0.02221329210148946,48.95286857484549,3.3252203811063206
il_util,num_rev_tl_bal_gt_0,-0.05601369331010226,0.05601369331010226,0.05888586629764154,0.05055527066899223,48.95286857484549,3.3252203811063206
il_util,num_sats,0.12960487450015537,0.12960487450015537,0.05888586629764154,0.018432439266359544,48.95286857484549,2.768836920317106
il_util,num_tl_120dpd_2m,-0.003498709373105199,0.003498709373105199,0.05888586629764154,0.0022468872711697264,48.95286857484549,7.126940451553529
il_util,num_tl_30dpd,-0.00962518474116275,0.00962518474116275,0.05888586629764154,0.0047684994383403794,48.95286857484549,3.3252203811063206
il_util,num_tl_90g_dpd_24m,0.0319895889447223,0.0319895889447223,0.05888586629764154,0.012197969067421339,48.95286857484549,3.3252203811063206
il_util,num_tl_op_past_12m,0.2278098936062328,0.2278098936062328,0.05888586629764154,0.07721411715843976,48.95286857484549,3.3252203811063206
il_util,pct_tl_nvr_dlq,-0.03626712719898862,0.03626712719898862,0.05888586629764154,0.0037269775784282647,48.95286857484549,3.3308262598044482
il_util,percent_bc_gt_75,-0.04978276585404633,0.04978276585404633,0.05888586629764154,0.07830303392951792,48.95286857484549,3.4307977632543993
il_util,pub_rec_bankruptcies,0.02554510084148687,0.02554510084148687,0.05888586629764154,0.021686175332832822,48.95286857484549,0.06867201405206927
il_util,tax_liens,0.003406334235923522,0.003406334235923522,0.05888586629764154,0.013644503499620549,48.95286857484549,0.0037372524654187356
il_util,tot_hi_cred_lim,-0.006402595775147535,0.006402595775147535,0.05888586629764154,0.061955101049037724,48.95286857484549,3.3252203811063206
il_util,total_bal_ex_mort,0.2207391760619948,0.2207391760619948,0.05888586629764154,0.010337636565541718,48.95286857484549,2.3605420884701087
il_util,total_bc_limit,-0.10737750393348336,0.10737750393348336,0.05888586629764154,0.0727331430169503,48.95286857484549,2.3605420884701087
il_util,total_il_high_credit_limit,0.16896821563662967,0.16896821563662967,0.05888586629764154,0.012103906507566485,48.95286857484549,3.3252203811063206
il_util,year_issued,-0.05134959047481245,0.05134959047481245,0.05888586629764154,0.14600503649089677,48.95286857484549,0.0
open_rv_12m,open_rv_24m,0.7822441667783869,0.7822441667783869,0.05266258614741897,0.06912450757964811,40.420254039736335,40.420254039736335
open_rv_12m,max_bal_bc,-0.10596177274267611,0.10596177274267611,0.05266258614741897,0.03227602521276016,40.420254039736335,40.420254039736335
open_rv_12m,all_util,-0.15959966461491507,0.15959966461491507,0.05266258614741897,0.07383862685643393,40.420254039736335,40.42679423155082
open_rv_12m,total_rev_hi_lim,0.11376586500643136,0.11376586500643136,0.05266258614741897,0.057416341220561884,40.420254039736335,3.3252203811063206
open_rv_12m,inq_fi,0.09617551132822183,0.09617551132822183,0.05266258614741897,0.0368309814014974,40.420254039736335,40.420254039736335
open_rv_12m,total_cu_tl,0.008856671809311219,0.008856671809311219,0.05266258614741897,0.009299731041818318,40.420254039736335,40.420254039736335
open_rv_12m,inq_last_12m,0.30722237421747606,0.30722237421747606,0.05266258614741897,0.0637314488297478,40.420254039736335,40.420254039736335
open_rv_12m,acc_open_past_24mths,0.6657631385054081,0.6657631385054081,0.05266258614741897,0.08867183834751817,40.420254039736335,2.3605420884701087
open_rv_12m,avg_cur_bal,-0.13211173332936196,0.13211173332936196,0.05266258614741897,0.0562108691255464,40.420254039736335,3.32708900733903
open_rv_12m,bc_open_to_buy,0.13114396824714614,0.13114396824714614,0.05266258614741897,0.08076668691943055,40.420254039736335,3.403702682880114
open_rv_12m,bc_util,-0.18035124463886373,0.18035124463886373,0.05266258614741897,0.0759460456775071,40.420254039736335,3.464900192001345
open_rv_12m,chargeoff_within_12_mths,0.00127704213894503,0.00127704213894503,0.05266258614741897,0.0021101943384776007,40.420254039736335,0.006073035256305446
open_rv_12m,delinq_amnt,-0.0033770219191105247,0.0033770219191105247,0.05266258614741897,0.005947855837318468,40.420254039736335,0.0009343131163546839
open_rv_12m,mo_sin_old_il_acct,-0.014058269296030731,0.014058269296030731,0.05266258614741897,0.021217795594907888,40.420254039736335,6.365942418282638
open_rv_12m,mo_sin_old_rev_tl_op,-0.03377406708470297,0.03377406708470297,0.05266258614741897,0.0355852140960437,40.420254039736335,3.3252203811063206
open_rv_12m,mo_sin_rcnt_rev_tl_op,-0.46296653599422505,0.46296653599422505,0.05266258614741897,0.051203064225407595,40.420254039736335,3.3252203811063206
open_rv_12m,mo_sin_rcnt_tl,-0.401402836058434,0.401402836058434,0.05266258614741897,0.053452195761061076,40.420254039736335,3.3252203811063206
open_rv_12m,mort_acc,-0.020375593193436604,0.020375593193436604,0.05266258614741897,0.03244640355720174,40.420254039736335,2.3605420884701087
open_rv_12m,mths_since_recent_bc,-0.3564786338603516,0.3564786338603516,0.05266258614741897,0.043584474650737046,40.420254039736335,3.336899295060754
open_rv_12m,mths_since_recent_bc_dlq,0.0944759682930295,0.0944759682930295,0.05266258614741897,0.003137939343701434,40.420254039736335,76.73980781179198
open_rv_12m,mths_since_recent_inq,-0.2239652779720364,0.2239652779720364,0.05266258614741897,0.05320449066537542,40.420254039736335,13.0799164724074
open_rv_12m,mths_since_recent_revol_delinq,0.07656014965506847,0.07656014965506847,0.05266258614741897,0.006683612077262269,40.420254039736335,66.9785715286764
open_rv_12m,num_accts_ever_120_pd,0.07019975226872231,0.07019975226872231,0.05266258614741897,0.008479117803978793,40.420254039736335,3.3252203811063206
open_rv_12m,num_actv_bc_tl,0.2504514074500426,0.2504514074500426,0.05266258614741897,0.023449703362199502,40.420254039736335,3.3252203811063206
open_rv_12m,num_actv_rev_tl,0.3466153265131903,0.3466153265131903,0.05266258614741897,0.05073392113298021,40.420254039736335,3.3252203811063206
open_rv_12m,num_bc_sats,0.31871668134025305,0.31871668134025305,0.05266258614741897,0.0042639641381768565,40.420254039736335,2.768836920317106
open_rv_12m,num_bc_tl,0.29679412418055445,0.29679412418055445,0.05266258614741897,0.015581876085390736,40.420254039736335,3.3252203811063206
open_rv_12m,num_il_tl,0.010463846930803001,0.010463846930803001,0.05266258614741897,0.01028170161323678,40.420254039736335,3.3252203811063206
open_rv_12m,num_op_rev_tl,0.44166882596283946,0.44166882596283946,0.05266258614741897,0.023613697070117696,40.420254039736335,3.3252203811063206
open_rv_12m,num_rev_accts,0.3700369380717586,0.3700369380717586,0.05266258614741897,0.02221329210148946,40.420254039736335,3.3252203811063206
open_rv_12m,num_rev_tl_bal_gt_0,0.33575367796266153,0.33575367796266153,0.05266258614741897,0.05055527066899223,40.420254039736335,3.3252203811063206
open_rv_12m,num_sats,0.3547333419644556,0.3547333419644556,0.05266258614741897,0.018432439266359544,40.420254039736335,2.768836920317106
open_rv_12m,num_tl_120dpd_2m,-0.0016048172850584744,0.0016048172850584744,0.05266258614741897,0.0022468872711697264,40.420254039736335,7.126940451553529
open_rv_12m,num_tl_30dpd,-0.004620253101197758,0.004620253101197758,0.05266258614741897,0.0047684994383403794,40.420254039736335,3.3252203811063206
open_rv_12m,num_tl_90g_dpd_24m,-0.002860200204428225,0.002860200204428225,0.05266258614741897,0.012197969067421339,40.420254039736335,3.3252203811063206
open_rv_12m,num_tl_op_past_12m,0.8473417483524526,0.8473417483524526,0.05266258614741897,0.07721411715843976,40.420254039736335,3.3252203811063206
open_rv_12m,pct_tl_nvr_dlq,0.00808682094642562,0.00808682094642562,0.05266258614741897,0.0037269775784282647,40.420254039736335,3.3308262598044482
open_rv_12m,percent_bc_gt_75,-0.16946823964047725,0.16946823964047725,0.05266258614741897,0.07830303392951792,40.420254039736335,3.4307977632543993
open_rv_12m,pub_rec_bankruptcies,0.07834373353183226,0.07834373353183226,0.05266258614741897,0.021686175332832822,40.420254039736335,0.06867201405206927
open_rv_12m,tax_liens,0.02158060067692833,0.02158060067692833,0.05266258614741897,0.013644503499620549,40.420254039736335,0.0037372524654187356
open_rv_12m,tot_hi_cred_lim,-0.0009591557334993512,0.0009591557334993512,0.05266258614741897,0.061955101049037724,40.420254039736335,3.3252203811063206
open_rv_12m,total_bal_ex_mort,-0.009884446509222116,0.009884446509222116,0.05266258614741897,0.010337636565541718,40.420254039736335,2.3605420884701087
open_rv_12m,total_bc_limit,0.0844473724123108,0.0844473724123108,0.05266258614741897,0.0727331430169503,40.420254039736335,2.3605420884701087
open_rv_12m,total_il_high_credit_limit,-0.0190704150688501,0.0190704150688501,0.05266258614741897,0.012103906507566485,40.420254039736335,3.3252203811063206
open_rv_12m,year_issued,-0.02598660385019333,0.02598660385019333,0.05266258614741897,0.14600503649089677,40.420254039736335,0.0
open_rv_24m,max_bal_bc,-0.12085362956894621,0.12085362956894621,0.06912450757964811,0.03227602521276016,40.420254039736335,40.420254039736335
open_rv_24m,all_util,-0.17695911906761402,0.17695911906761402,0.06912450757964811,0.07383862685643393,40.420254039736335,40.42679423155082
open_rv_24m,total_rev_hi_lim,0.1419813775624193,0.1419813775624193,0.06912450757964811,0.057416341220561884,40.420254039736335,3.3252203811063206
open_rv_24m,inq_fi,0.13004692733281756,0.13004692733281756,0.06912450757964811,0.0368309814014974,40.420254039736335,40.420254039736335
open_rv_24m,total_cu_tl,0.014858797842543198,0.014858797842543198,0.06912450757964811,0.009299731041818318,40.420254039736335,40.420254039736335
open_rv_24m,inq_last_12m,0.2914221443043115,0.2914221443043115,0.06912450757964811,0.0637314488297478,40.420254039736335,40.420254039736335
open_rv_24m,acc_open_past_24mths,0.8514187869271334,0.8514187869271334,0.06912450757964811,0.08867183834751817,40.420254039736335,2.3605420884701087
open_rv_24m,avg_cur_bal,-0.17847257838504904,0.17847257838504904,0.06912450757964811,0.0562108691255464,40.420254039736335,3.32708900733903
open_rv_24m,bc_open_to_buy,0.15363244233858528,0.15363244233858528,0.06912450757964811,0.08076668691943055,40.420254039736335,3.403702682880114
open_rv_24m,bc_util,-0.1871762630284903,0.1871762630284903,0.06912450757964811,0.0759460456775071,40.420254039736335,3.464900192001345
open_rv_24m,chargeoff_within_12_mths,0.0044093179054856,0.0044093179054856,0.06912450757964811,0.0021101943384776007,40.420254039736335,0.006073035256305446
open_rv_24m,delinq_amnt,-0.0014386532267364745,0.0014386532267364745,0.06912450757964811,0.005947855837318468,40.420254039736335,0.0009343131163546839
open_rv_24m,mo_sin_old_il_acct,-0.03115081510263515,0.03115081510263515,0.06912450757964811,0.021217795594907888,40.420254039736335,6.365942418282638
open_rv_24m,mo_sin_old_rev_tl_op,-0.06099501957375866,0.06099501957375866,0.06912450757964811,0.0355852140960437,40.420254039736335,3.3252203811063206
open_rv_24m,mo_sin_rcnt_rev_tl_op,-0.4643035507400449,0.4643035507400449,0.06912450757964811,0.051203064225407595,40.420254039736335,3.3252203811063206
open_rv_24m,mo_sin_rcnt_tl,-0.36492855013189845,0.36492855013189845,0.06912450757964811,0.053452195761061076,40.420254039736335,3.3252203811063206
open_rv_24m,mort_acc,-0.042057272591405216,0.042057272591405216,0.06912450757964811,0.03244640355720174,40.420254039736335,2.3605420884701087
open_rv_24m,mths_since_recent_bc,-0.39107499343000435,0.39107499343000435,0.06912450757964811,0.043584474650737046,40.420254039736335,3.336899295060754
open_rv_24m,mths_since_recent_bc_dlq,0.13127670239869754,0.13127670239869754,0.06912450757964811,0.003137939343701434,40.420254039736335,76.73980781179198
open_rv_24m,mths_since_recent_inq,-0.1772489295355826,0.1772489295355826,0.06912450757964811,0.05320449066537542,40.420254039736335,13.0799164724074
open_rv_24m,mths_since_recent_revol_delinq,0.09787461993401854,0.09787461993401854,0.06912450757964811,0.006683612077262269,40.420254039736335,66.9785715286764
open_rv_24m,num_accts_ever_120_pd,0.06946315523170873,0.06946315523170873,0.06912450757964811,0.008479117803978793,40.420254039736335,3.3252203811063206
open_rv_24m,num_actv_bc_tl,0.3290773002170047,0.3290773002170047,0.06912450757964811,0.023449703362199502,40.420254039736335,3.3252203811063206
open_rv_24m,num_actv_rev_tl,0.44043269948736985,0.44043269948736985,0.06912450757964811,0.05073392113298021,40.420254039736335,3.3252203811063206
open_rv_24m,num_bc_sats,0.40523938633284345,0.40523938633284345,0.06912450757964811,0.0042639641381768565,40.420254039736335,2.768836920317106
open_rv_24m,num_bc_tl,0.3776190874366005,0.3776190874366005,0.06912450757964811,0.015581876085390736,40.420254039736335,3.3252203811063206
open_rv_24m,num_il_tl,0.006221995861546408,0.006221995861546408,0.06912450757964811,0.01028170161323678,40.420254039736335,3.3252203811063206
open_rv_24m,num_op_rev_tl,0.568207379619419,0.568207379619419,0.06912450757964811,0.023613697070117696,40.420254039736335,3.3252203811063206
open_rv_24m,num_rev_accts,0.4709397640263524,0.4709397640263524,0.06912450757964811,0.02221329210148946,40.420254039736335,3.3252203811063206
open_rv_24m,num_rev_tl_bal_gt_0,0.4312678813767127,0.4312678813767127,0.06912450757964811,0.05055527066899223,40.420254039736335,3.3252203811063206
open_rv_24m,num_sats,0.4569968104243554,0.4569968104243554,0.06912450757964811,0.018432439266359544,40.420254039736335,2.768836920317106
open_rv_24m,num_tl_120dpd_2m,0.0002720167809241602,0.0002720167809241602,0.06912450757964811,0.0022468872711697264,40.420254039736335,7.126940451553529
open_rv_24m,num_tl_30dpd,-0.0065521718539417505,0.0065521718539417505,0.06912450757964811,0.0047684994383403794,40.420254039736335,3.3252203811063206
open_rv_24m,num_tl_90g_dpd_24m,-0.02268311012983943,0.02268311012983943,0.06912450757964811,0.012197969067421339,40.420254039736335,3.3252203811063206
open_rv_24m,num_tl_op_past_12m,0.6704453303187444,0.6704453303187444,0.06912450757964811,0.07721411715843976,40.420254039736335,3.3252203811063206
open_rv_24m,pct_tl_nvr_dlq,0.04000161136896929,0.04000161136896929,0.06912450757964811,0.0037269775784282647,40.420254039736335,3.3308262598044482
open_rv_24m,percent_bc_gt_75,-0.17328726839629033,0.17328726839629033,0.06912450757964811,0.07830303392951792,40.420254039736335,3.4307977632543993
open_rv_24m,pub_rec_bankruptcies,0.10685294216095874,0.10685294216095874,0.06912450757964811,0.021686175332832822,40.420254039736335,0.06867201405206927
open_rv_24m,tax_liens,0.02251790244702401,0.02251790244702401,0.06912450757964811,0.013644503499620549,40.420254039736335,0.0037372524654187356
open_rv_24m,tot_hi_cred_lim,-0.013828413055141276,0.013828413055141276,0.06912450757964811,0.061955101049037724,40.420254039736335,3.3252203811063206
open_rv_24m,total_bal_ex_mort,-0.009264131054543556,0.009264131054543556,0.06912450757964811,0.010337636565541718,40.420254039736335,2.3605420884701087
open_rv_24m,total_bc_limit,0.10735806296851134,0.10735806296851134,0.06912450757964811,0.0727331430169503,40.420254039736335,2.3605420884701087
open_rv_24m,total_il_high_credit_limit,-0.02370485201800893,0.02370485201800893,0.06912450757964811,0.012103906507566485,40.420254039736335,3.3252203811063206
open_rv_24m,year_issued,-0.03212404015416823,0.03212404015416823,0.06912450757964811,0.14600503649089677,40.420254039736335,0.0
max_bal_bc,all_util,0.14357448905412096,0.14357448905412096,0.03227602521276016,0.07383862685643393,40.420254039736335,40.42679423155082
max_bal_bc,total_rev_hi_lim,0.4762399189814005,0.4762399189814005,0.03227602521276016,0.057416341220561884,40.420254039736335,3.3252203811063206
max_bal_bc,inq_fi,-0.07533653500824118,0.07533653500824118,0.03227602521276016,0.0368309814014974,40.420254039736335,40.420254039736335
max_bal_bc,total_cu_tl,-0.010501064365104123,0.010501064365104123,0.03227602521276016,0.009299731041818318,40.420254039736335,40.420254039736335
max_bal_bc,inq_last_12m,-0.07832236620779968,0.07832236620779968,0.03227602521276016,0.0637314488297478,40.420254039736335,40.420254039736335
max_bal_bc,acc_open_past_24mths,-0.1064558092511742,0.1064558092511742,0.03227602521276016,0.08867183834751817,40.420254039736335,2.3605420884701087
max_bal_bc,avg_cur_bal,0.2648722056385385,0.2648722056385385,0.03227602521276016,0.0562108691255464,40.420254039736335,3.32708900733903
max_bal_bc,bc_open_to_buy,0.17196365858174548,0.17196365858174548,0.03227602521276016,0.08076668691943055,40.420254039736335,3.403702682880114
max_bal_bc,bc_util,0.2987449195259913,0.2987449195259913,0.03227602521276016,0.0759460456775071,40.420254039736335,3.464900192001345
max_bal_bc,chargeoff_within_12_mths,-0.01237837380660814,0.01237837380660814,0.03227602521276016,0.0021101943384776007,40.420254039736335,0.006073035256305446
max_bal_bc,delinq_amnt,0.009831527389668054,0.009831527389668054,0.03227602521276016,0.005947855837318468,40.420254039736335,0.0009343131163546839
max_bal_bc,mo_sin_old_il_acct,0.11625065671776633,0.11625065671776633,0.03227602521276016,0.021217795594907888,40.420254039736335,6.365942418282638
max_bal_bc,mo_sin_old_rev_tl_op,0.2400853875739237,0.2400853875739237,0.03227602521276016,0.0355852140960437,40.420254039736335,3.3252203811063206
max_bal_bc,mo_sin_rcnt_rev_tl_op,0.11152258796864263,0.11152258796864263,0.03227602521276016,0.051203064225407595,40.420254039736335,3.3252203811063206
max_bal_bc,mo_sin_rcnt_tl,0.0833973275090439,0.0833973275090439,0.03227602521276016,0.053452195761061076,40.420254039736335,3.3252203811063206
max_bal_bc,mort_acc,0.22964808886698562,0.22964808886698562,0.03227602521276016,0.03244640355720174,40.420254039736335,2.3605420884701087
max_bal_bc,mths_since_recent_bc,0.09035244436757252,0.09035244436757252,0.03227602521276016,0.043584474650737046,40.420254039736335,3.336899295060754
max_bal_bc,mths_since_recent_bc_dlq,-0.02881402810988422,0.02881402810988422,0.03227602521276016,0.003137939343701434,40.420254039736335,76.73980781179198
max_bal_bc,mths_since_recent_inq,0.050234112454318774,0.050234112454318774,0.03227602521276016,0.05320449066537542,40.420254039736335,13.0799164724074
max_bal_bc,mths_since_recent_revol_delinq,-0.015202588693027283,0.015202588693027283,0.03227602521276016,0.006683612077262269,40.420254039736335,66.9785715286764
max_bal_bc,num_accts_ever_120_pd,-0.10484142702321526,0.10484142702321526,0.03227602521276016,0.008479117803978793,40.420254039736335,3.3252203811063206
max_bal_bc,num_actv_bc_tl,0.21818584394613733,0.21818584394613733,0.03227602521276016,0.023449703362199502,40.420254039736335,3.3252203811063206
max_bal_bc,num_actv_rev_tl,0.13104587012426802,0.13104587012426802,0.03227602521276016,0.05073392113298021,40.420254039736335,3.3252203811063206
max_bal_bc,num_bc_sats,0.20374678165199675,0.20374678165199675,0.03227602521276016,0.0042639641381768565,40.420254039736335,2.768836920317106
max_bal_bc,num_bc_tl,0.1868793592432417,0.1868793592432417,0.03227602521276016,0.015581876085390736,40.420254039736335,3.3252203811063206
max_bal_bc,num_il_tl,0.039104109366180646,0.039104109366180646,0.03227602521276016,0.01028170161323678,40.420254039736335,3.3252203811063206
max_bal_bc,num_op_rev_tl,0.09173917111109264,0.09173917111109264,0.03227602521276016,0.023613697070117696,40.420254039736335,3.3252203811063206
max_bal_bc,num_rev_accts,0.1184508352372695,0.1184508352372695,0.03227602521276016,0.02221329210148946,40.420254039736335,3.3252203811063206
max_bal_bc,num_rev_tl_bal_gt_0,0.12530530636952203,0.12530530636952203,0.03227602521276016,0.05055527066899223,40.420254039736335,3.3252203811063206
max_bal_bc,num_sats,0.11928164685961652,0.11928164685961652,0.03227602521276016,0.018432439266359544,40.420254039736335,2.768836920317106
max_bal_bc,num_tl_120dpd_2m,-0.0025699309174666736,0.0025699309174666736,0.03227602521276016,0.0022468872711697264,40.420254039736335,7.126940451553529
max_bal_bc,num_tl_30dpd,0.0013721281350096972,0.0013721281350096972,0.03227602521276016,0.0047684994383403794,40.420254039736335,3.3252203811063206
max_bal_bc,num_tl_90g_dpd_24m,-0.04528418950772772,0.04528418950772772,0.03227602521276016,0.012197969067421339,40.420254039736335,3.3252203811063206
max_bal_bc,num_tl_op_past_12m,-0.10665427931586488,0.10665427931586488,0.03227602521276016,0.07721411715843976,40.420254039736335,3.3252203811063206
max_bal_bc,pct_tl_nvr_dlq,0.13711138848011878,0.13711138848011878,0.03227602521276016,0.0037269775784282647,40.420254039736335,3.3308262598044482
max_bal_bc,percent_bc_gt_75,0.2158481837208527,0.2158481837208527,0.03227602521276016,0.07830303392951792,40.420254039736335,3.4307977632543993
max_bal_bc,pub_rec_bankruptcies,-0.11912359275197341,0.11912359275197341,0.03227602521276016,0.021686175332832822,40.420254039736335,0.06867201405206927
max_bal_bc,tax_liens,-0.017652161426011177,0.017652161426011177,0.03227602521276016,0.013644503499620549,40.420254039736335,0.0037372524654187356
max_bal_bc,tot_hi_cred_lim,0.35974990809864577,0.35974990809864577,0.03227602521276016,0.061955101049037724,40.420254039736335,3.3252203811063206
max_bal_bc,total_bal_ex_mort,0.34882061193392844,0.34882061193392844,0.03227602521276016,0.010337636565541718,40.420254039736335,2.3605420884701087
max_bal_bc,total_bc_limit,0.562172837071036,0.562172837071036,0.03227602521276016,0.0727331430169503,40.420254039736335,2.3605420884701087
max_bal_bc,total_il_high_credit_limit,0.17172350702857794,0.17172350702857794,0.03227602521276016,0.012103906507566485,40.420254039736335,3.3252203811063206
max_bal_bc,year_issued,0.003434104990516537,0.003434104990516537,0.03227602521276016,0.14600503649089677,40.420254039736335,0.0
all_util,total_rev_hi_lim,-0.2231437922998323,0.2231437922998323,0.07383862685643393,0.057416341220561884,40.42679423155082,3.3252203811063206
all_util,inq_fi,0.06373940442432466,0.06373940442432466,0.07383862685643393,0.0368309814014974,40.42679423155082,40.420254039736335
all_util,total_cu_tl,0.053702890817744695,0.053702890817744695,0.07383862685643393,0.009299731041818318,40.42679423155082,40.420254039736335
all_util,inq_last_12m,0.023478509119473814,0.023478509119473814,0.07383862685643393,0.0637314488297478,40.42679423155082,40.420254039736335
all_util,acc_open_past_24mths,-0.05189852789425382,0.05189852789425382,0.07383862685643393,0.08867183834751817,40.42679423155082,2.3605420884701087
all_util,avg_cur_bal,0.10343684464487414,0.10343684464487414,0.07383862685643393,0.0562108691255464,40.42679423155082,3.32708900733903
all_util,bc_open_to_buy,-0.4656314574403668,0.4656314574403668,0.07383862685643393,0.08076668691943055,40.42679423155082,3.403702682880114
all_util,bc_util,0.6085398172208356,0.6085398172208356,0.07383862685643393,0.0759460456775071,40.42679423155082,3.464900192001345
all_util,chargeoff_within_12_mths,-0.00595233774047627,0.00595233774047627,0.07383862685643393,0.0021101943384776007,40.42679423155082,0.006073035256305446
all_util,delinq_amnt,0.0034360923448607684,0.0034360923448607684,0.07383862685643393,0.005947855837318468,40.42679423155082,0.0009343131163546839
all_util,mo_sin_old_il_acct,0.06403011246721176,0.06403011246721176,0.07383862685643393,0.021217795594907888,40.42679423155082,6.365942418282638
all_util,mo_sin_old_rev_tl_op,-0.061209396959276956,0.061209396959276956,0.07383862685643393,0.0355852140960437,40.42679423155082,3.3252203811063206
all_util,mo_sin_rcnt_rev_tl_op,0.11702079201442121,0.11702079201442121,0.07383862685643393,0.051203064225407595,40.42679423155082,3.3252203811063206
all_util,mo_sin_rcnt_tl,0.030431524493707916,0.030431524493707916,0.07383862685643393,0.053452195761061076,40.42679423155082,3.3252203811063206
all_util,mort_acc,-0.011100394736516465,0.011100394736516465,0.07383862685643393,0.03244640355720174,40.42679423155082,2.3605420884701087
all_util,mths_since_recent_bc,0.10721586821975361,0.10721586821975361,0.07383862685643393,0.043584474650737046,40.42679423155082,3.336899295060754
all_util,mths_since_recent_bc_dlq,0.040381120769876995,0.040381120769876995,0.07383862685643393,0.003137939343701434,40.42679423155082,76.73980781179198
all_util,mths_since_recent_inq,0.018497068963947167,0.018497068963947167,0.07383862685643393,0.05320449066537542,40.42679423155082,13.0799164724074
all_util,mths_since_recent_revol_delinq,0.047587632977681905,0.047587632977681905,0.07383862685643393,0.006683612077262269,40.42679423155082,66.9785715286764
all_util,num_accts_ever_120_pd,0.08156719150226582,0.08156719150226582,0.07383862685643393,0.008479117803978793,40.42679423155082,3.3252203811063206
all_util,num_actv_bc_tl,-0.03486089193433059,0.03486089193433059,0.07383862685643393,0.023449703362199502,40.42679423155082,3.3252203811063206
all_util,num_actv_rev_tl,-0.020016336473626828,0.020016336473626828,0.07383862685643393,0.05073392113298021,40.42679423155082,3.3252203811063206
all_util,num_bc_sats,-0.20640270517730855,0.20640270517730855,0.07383862685643393,0.0042639641381768565,40.42679423155082,2.768836920317106
all_util,num_bc_tl,-0.2141488050940291,0.2141488050940291,0.07383862685643393,0.015581876085390736,40.42679423155082,3.3252203811063206
all_util,num_il_tl,0.2458810898251455,0.2458810898251455,0.07383862685643393,0.01028170161323678,40.42679423155082,3.3252203811063206
all_util,num_op_rev_tl,-0.2436086643701775,0.2436086643701775,0.07383862685643393,0.023613697070117696,40.42679423155082,3.3252203811063206
all_util,num_rev_accts,-0.22099992055812898,0.22099992055812898,0.07383862685643393,0.02221329210148946,40.42679423155082,3.3252203811063206
all_util,num_rev_tl_bal_gt_0,-0.008134018573512185,0.008134018573512185,0.07383862685643393,0.05055527066899223,40.42679423155082,3.3252203811063206
all_util,num_sats,-0.016211506918033323,0.016211506918033323,0.07383862685643393,0.018432439266359544,40.42679423155082,2.768836920317106
all_util,num_tl_120dpd_2m,0.000648580674539984,0.000648580674539984,0.07383862685643393,0.0022468872711697264,40.42679423155082,7.126940451553529
all_util,num_tl_30dpd,-0.013656249739228807,0.013656249739228807,0.07383862685643393,0.0047684994383403794,40.42679423155082,3.3252203811063206
all_util,num_tl_90g_dpd_24m,0.03877744042243426,0.03877744042243426,0.07383862685643393,0.012197969067421339,40.42679423155082,3.3252203811063206
all_util,num_tl_op_past_12m,-0.050630998498007375,0.050630998498007375,0.07383862685643393,0.07721411715843976,40.42679423155082,3.3252203811063206
all_util,pct_tl_nvr_dlq,-0.08696444865018113,0.08696444865018113,0.07383862685643393,0.0037269775784282647,40.42679423155082,3.3308262598044482
all_util,percent_bc_gt_75,0.5050877430414448,0.5050877430414448,0.07383862685643393,0.07830303392951792,40.42679423155082,3.4307977632543993
all_util,pub_rec_bankruptcies,-0.018626784664939087,0.018626784664939087,0.07383862685643393,0.021686175332832822,40.42679423155082,0.06867201405206927
all_util,tax_liens,0.001589032076221044,0.001589032076221044,0.07383862685643393,0.013644503499620549,40.42679423155082,0.0037372524654187356
all_util,tot_hi_cred_lim,0.020353422184926903,0.020353422184926903,0.07383862685643393,0.061955101049037724,40.42679423155082,3.3252203811063206
all_util,total_bal_ex_mort,0.28050171507860583,0.28050171507860583,0.07383862685643393,0.010337636565541718,40.42679423155082,2.3605420884701087
all_util,total_bc_limit,-0.27786750533147003,0.27786750533147003,0.07383862685643393,0.0727331430169503,40.42679423155082,2.3605420884701087
all_util,total_il_high_credit_limit,0.2181111224836257,0.2181111224836257,0.07383862685643393,0.012103906507566485,40.42679423155082,3.3252203811063206
all_util,year_issued,-0.12204480186798146,0.12204480186798146,0.07383862685643393,0.14600503649089677,40.42679423155082,0.0
total_rev_hi_lim,inq_fi,-0.015564292589565223,0.015564292589565223,0.057416341220561884,0.0368309814014974,3.3252203811063206,40.420254039736335
total_rev_hi_lim,total_cu_tl,0.05408315290555954,0.05408315290555954,0.057416341220561884,0.009299731041818318,3.3252203811063206,40.420254039736335
total_rev_hi_lim,inq_last_12m,0.02211552566981815,0.02211552566981815,0.057416341220561884,0.0637314488297478,3.3252203811063206,40.420254039736335
total_rev_hi_lim,acc_open_past_24mths,0.12098140147507598,0.12098140147507598,0.057416341220561884,0.08867183834751817,3.3252203811063206,2.3605420884701087
total_rev_hi_lim,avg_cur_bal,0.20478810912891096,0.20478810912891096,0.057416341220561884,0.0562108691255464,3.3252203811063206,3.32708900733903
total_rev_hi_lim,bc_open_to_buy,0.6521390140353279,0.6521390140353279,0.057416341220561884,0.08076668691943055,3.3252203811063206,3.403702682880114
total_rev_hi_lim,bc_util,-0.18276229150150997,0.18276229150150997,0.057416341220561884,0.0759460456775071,3.3252203811063206,3.464900192001345
total_rev_hi_lim,chargeoff_within_12_mths,-0.013496141935595611,0.013496141935595611,0.057416341220561884,0.0021101943384776007,3.3252203811063206,0.006073035256305446
total_rev_hi_lim,delinq_amnt,0.010443172439105832,0.010443172439105832,0.057416341220561884,0.005947855837318468,3.3252203811063206,0.0009343131163546839
total_rev_hi_lim,mo_sin_old_il_acct,0.09739576654755781,0.09739576654755781,0.057416341220561884,0.021217795594907888,3.3252203811063206,6.365942418282638
total_rev_hi_lim,mo_sin_old_rev_tl_op,0.2762533784010701,0.2762533784010701,0.057416341220561884,0.0355852140960437,3.3252203811063206,3.3252203811063206
total_rev_hi_lim,mo_sin_rcnt_rev_tl_op,-0.058204129103207214,0.058204129103207214,0.057416341220561884,0.051203064225407595,3.3252203811063206,3.3252203811063206
total_rev_hi_lim,mo_sin_rcnt_tl,-0.05064242165255867,0.05064242165255867,0.057416341220561884,0.053452195761061076,3.3252203811063206,3.3252203811063206
total_rev_hi_lim,mort_acc,0.2356981355382074,0.2356981355382074,0.057416341220561884,0.03244640355720174,3.3252203811063206,2.3605420884701087
total_rev_hi_lim,mths_since_recent_bc,-0.05504750222806379,0.05504750222806379,0.057416341220561884,0.043584474650737046,3.3252203811063206,3.336899295060754
total_rev_hi_lim,mths_since_recent_bc_dlq,-0.046191559607396425,0.046191559607396425,0.057416341220561884,0.003137939343701434,3.3252203811063206,76.73980781179198
total_rev_hi_lim,mths_since_recent_inq,-0.021552188777051035,0.021552188777051035,0.057416341220561884,0.05320449066537542,3.3252203811063206,13.0799164724074
total_rev_hi_lim,mths_since_recent_revol_delinq,-0.053814825192513335,0.053814825192513335,0.057416341220561884,0.006683612077262269,3.3252203811063206,66.9785715286764
total_rev_hi_lim,num_accts_ever_120_pd,-0.1051621119240016,0.1051621119240016,0.057416341220561884,0.008479117803978793,3.3252203811063206,3.3252203811063206
total_rev_hi_lim,num_actv_bc_tl,0.3887131957340095,0.3887131957340095,0.057416341220561884,0.023449703362199502,3.3252203811063206,3.3252203811063206
total_rev_hi_lim,num_actv_rev_tl,0.3611773680679635,0.3611773680679635,0.057416341220561884,0.05073392113298021,3.3252203811063206,3.3252203811063206
total_rev_hi_lim,num_bc_sats,0.49677355563065334,0.49677355563065334,0.057416341220561884,0.0042639641381768565,3.3252203811063206,2.768836920317106
total_rev_hi_lim,num_bc_tl,0.42707198910945954,0.42707198910945954,0.057416341220561884,0.015581876085390736,3.3252203811063206,3.3252203811063206
total_rev_hi_lim,num_il_tl,0.032626855190466104,0.032626855190466104,0.057416341220561884,0.01028170161323678,3.3252203811063206,3.3252203811063206
total_rev_hi_lim,num_op_rev_tl,0.46834062295612877,0.46834062295612877,0.057416341220561884,0.023613697070117696,3.3252203811063206,3.3252203811063206
total_rev_hi_lim,num_rev_accts,0.4124652616385009,0.4124652616385009,0.057416341220561884,0.02221329210148946,3.3252203811063206,3.3252203811063206
total_rev_hi_lim,num_rev_tl_bal_gt_0,0.3599296989599345,0.3599296989599345,0.057416341220561884,0.05055527066899223,3.3252203811063206,3.3252203811063206
total_rev_hi_lim,num_sats,0.4197122062529325,0.4197122062529325,0.057416341220561884,0.018432439266359544,3.3252203811063206,2.768836920317106
total_rev_hi_lim,num_tl_120dpd_2m,-0.0008404207604712274,0.0008404207604712274,0.057416341220561884,0.0022468872711697264,3.3252203811063206,7.126940451553529
total_rev_hi_lim,num_tl_30dpd,0.006155480737753106,0.006155480737753106,0.057416341220561884,0.0047684994383403794,3.3252203811063206,3.3252203811063206
total_rev_hi_lim,num_tl_90g_dpd_24m,-0.04932814578093836,0.04932814578093836,0.057416341220561884,0.012197969067421339,3.3252203811063206,3.3252203811063206
total_rev_hi_lim,num_tl_op_past_12m,0.09305890446281469,0.09305890446281469,0.057416341220561884,0.07721411715843976,3.3252203811063206,3.3252203811063206
total_rev_hi_lim,pct_tl_nvr_dlq,0.1813146102611204,0.1813146102611204,0.057416341220561884,0.0037269775784282647,3.3252203811063206,3.3308262598044482
total_rev_hi_lim,percent_bc_gt_75,-0.1514202353158642,0.1514202353158642,0.057416341220561884,0.07830303392951792,3.3252203811063206,3.4307977632543993
total_rev_hi_lim,pub_rec_bankruptcies,-0.11924055107707923,0.11924055107707923,0.057416341220561884,0.021686175332832822,3.3252203811063206,0.06867201405206927
total_rev_hi_lim,tax_liens,-0.01602150207697936,0.01602150207697936,0.057416341220561884,0.013644503499620549,3.3252203811063206,0.0037372524654187356
total_rev_hi_lim,tot_hi_cred_lim,0.49844798934096235,0.49844798934096235,0.057416341220561884,0.061955101049037724,3.3252203811063206,3.3252203811063206
total_rev_hi_lim,total_bal_ex_mort,0.4492294742595198,0.4492294742595198,0.057416341220561884,0.010337636565541718,3.3252203811063206,2.3605420884701087
total_rev_hi_lim,total_bc_limit,0.7956800520062756,0.7956800520062756,0.057416341220561884,0.0727331430169503,3.3252203811063206,2.3605420884701087
total_rev_hi_lim,total_il_high_credit_limit,0.15920024678184344,0.15920024678184344,0.057416341220561884,0.012103906507566485,3.3252203811063206,3.3252203811063206
total_rev_hi_lim,year_issued,0.07470032413360933,0.07470032413360933,0.057416341220561884,0.14600503649089677,3.3252203811063206,0.0
inq_fi,total_cu_tl,0.09295063939759939,0.09295063939759939,0.0368309814014974,0.009299731041818318,40.420254039736335,40.420254039736335
inq_fi,inq_last_12m,0.5569429889447427,0.5569429889447427,0.0368309814014974,0.0637314488297478,40.420254039736335,40.420254039736335
inq_fi,acc_open_past_24mths,0.3152202361596578,0.3152202361596578,0.0368309814014974,0.08867183834751817,40.420254039736335,2.3605420884701087
inq_fi,avg_cur_bal,0.06857114504415912,0.06857114504415912,0.0368309814014974,0.0562108691255464,40.420254039736335,3.32708900733903
inq_fi,bc_open_to_buy,0.009426552407314567,0.009426552407314567,0.0368309814014974,0.08076668691943055,40.420254039736335,3.403702682880114
inq_fi,bc_util,-0.08140712807995523,0.08140712807995523,0.0368309814014974,0.0759460456775071,40.420254039736335,3.464900192001345
inq_fi,chargeoff_within_12_mths,0.009253467609345829,0.009253467609345829,0.0368309814014974,0.0021101943384776007,40.420254039736335,0.006073035256305446
inq_fi,delinq_amnt,-0.0037379271622444174,0.0037379271622444174,0.0368309814014974,0.005947855837318468,40.420254039736335,0.0009343131163546839
inq_fi,mo_sin_old_il_acct,0.012462888811226357,0.012462888811226357,0.0368309814014974,0.021217795594907888,40.420254039736335,6.365942418282638
inq_fi,mo_sin_old_rev_tl_op,-0.037395150719005066,0.037395150719005066,0.0368309814014974,0.0355852140960437,40.420254039736335,3.3252203811063206
inq_fi,mo_sin_rcnt_rev_tl_op,-0.07062376712775603,0.07062376712775603,0.0368309814014974,0.051203064225407595,40.420254039736335,3.3252203811063206
inq_fi,mo_sin_rcnt_tl,-0.16295684138085825,0.16295684138085825,0.0368309814014974,0.053452195761061076,40.420254039736335,3.3252203811063206
inq_fi,mort_acc,0.10116641050339033,0.10116641050339033,0.0368309814014974,0.03244640355720174,40.420254039736335,2.3605420884701087
inq_fi,mths_since_recent_bc,-0.05867596544355571,0.05867596544355571,0.0368309814014974,0.043584474650737046,40.420254039736335,3.336899295060754
inq_fi,mths_since_recent_bc_dlq,0.03688360942476266,0.03688360942476266,0.0368309814014974,0.003137939343701434,40.420254039736335,76.73980781179198
inq_fi,mths_since_recent_inq,-0.2278796581073581,0.2278796581073581,0.0368309814014974,0.05320449066537542,40.420254039736335,13.0799164724074
inq_fi,mths_since_recent_revol_delinq,0.03392007235920971,0.03392007235920971,0.0368309814014974,0.006683612077262269,40.420254039736335,66.9785715286764
inq_fi,num_accts_ever_120_pd,0.0680139692479756,0.0680139692479756,0.0368309814014974,0.008479117803978793,40.420254039736335,3.3252203811063206
inq_fi,num_actv_bc_tl,-0.001330478626410775,0.001330478626410775,0.0368309814014974,0.023449703362199502,40.420254039736335,3.3252203811063206
inq_fi,num_actv_rev_tl,0.009576058597709927,0.009576058597709927,0.0368309814014974,0.05073392113298021,40.420254039736335,3.3252203811063206
inq_fi,num_bc_sats,0.02258148611151185,0.02258148611151185,0.0368309814014974,0.0042639641381768565,40.420254039736335,2.768836920317106
inq_fi,num_bc_tl,0.05339709965654779,0.05339709965654779,0.0368309814014974,0.015581876085390736,40.420254039736335,3.3252203811063206
inq_fi,num_il_tl,0.17726321864427427,0.17726321864427427,0.0368309814014974,0.01028170161323678,40.420254039736335,3.3252203811063206
inq_fi,num_op_rev_tl,0.06805243042673231,0.06805243042673231,0.0368309814014974,0.023613697070117696,40.420254039736335,3.3252203811063206
inq_fi,num_rev_accts,0.06902700729350471,0.06902700729350471,0.0368309814014974,0.02221329210148946,40.420254039736335,3.3252203811063206
inq_fi,num_rev_tl_bal_gt_0,0.021530947437741595,0.021530947437741595,0.0368309814014974,0.05055527066899223,40.420254039736335,3.3252203811063206
inq_fi,num_sats,0.11916157214677657,0.11916157214677657,0.0368309814014974,0.018432439266359544,40.420254039736335,2.768836920317106
inq_fi,num_tl_120dpd_2m,-0.005356063766085393,0.005356063766085393,0.0368309814014974,0.0022468872711697264,40.420254039736335,7.126940451553529
inq_fi,num_tl_30dpd,-0.004962497769001355,0.004962497769001355,0.0368309814014974,0.0047684994383403794,40.420254039736335,3.3252203811063206
inq_fi,num_tl_90g_dpd_24m,0.005240364976092776,0.005240364976092776,0.0368309814014974,0.012197969067421339,40.420254039736335,3.3252203811063206
inq_fi,num_tl_op_past_12m,0.24466810956681806,0.24466810956681806,0.0368309814014974,0.07721411715843976,40.420254039736335,3.3252203811063206
inq_fi,pct_tl_nvr_dlq,-0.01731596914916367,0.01731596914916367,0.0368309814014974,0.0037269775784282647,40.420254039736335,3.3308262598044482
inq_fi,percent_bc_gt_75,-0.0758171108042215,0.0758171108042215,0.0368309814014974,0.07830303392951792,40.420254039736335,3.4307977632543993
inq_fi,pub_rec_bankruptcies,0.0722576301656858,0.0722576301656858,0.0368309814014974,0.021686175332832822,40.420254039736335,0.06867201405206927
inq_fi,tax_liens,0.017563045858090424,0.017563045858090424,0.0368309814014974,0.013644503499620549,40.420254039736335,0.0037372524654187356
inq_fi,tot_hi_cred_lim,0.11218409787384488,0.11218409787384488,0.0368309814014974,0.061955101049037724,40.420254039736335,3.3252203811063206
inq_fi,total_bal_ex_mort,0.11196418605670012,0.11196418605670012,0.0368309814014974,0.010337636565541718,40.420254039736335,2.3605420884701087
inq_fi,total_bc_limit,-0.034356979440699965,0.034356979440699965,0.0368309814014974,0.0727331430169503,40.420254039736335,2.3605420884701087
inq_fi,total_il_high_credit_limit,0.15321712412686792,0.15321712412686792,0.0368309814014974,0.012103906507566485,40.420254039736335,3.3252203811063206
inq_fi,year_issued,0.03583373544874077,0.03583373544874077,0.0368309814014974,0.14600503649089677,40.420254039736335,0.0
total_cu_tl,inq_last_12m,0.08616805271136314,0.08616805271136314,0.009299731041818318,0.0637314488297478,40.420254039736335,40.420254039736335
total_cu_tl,acc_open_past_24mths,0.16252302077900102,0.16252302077900102,0.009299731041818318,0.08867183834751817,40.420254039736335,2.3605420884701087
total_cu_tl,avg_cur_bal,0.07041194551783662,0.07041194551783662,0.009299731041818318,0.0562108691255464,40.420254039736335,3.32708900733903
total_cu_tl,bc_open_to_buy,0.002646353836065552,0.002646353836065552,0.009299731041818318,0.08076668691943055,40.420254039736335,3.403702682880114
total_cu_tl,bc_util,-0.00945170539235215,0.00945170539235215,0.009299731041818318,0.0759460456775071,40.420254039736335,3.464900192001345
total_cu_tl,chargeoff_within_12_mths,0.0024969229572156387,0.0024969229572156387,0.009299731041818318,0.0021101943384776007,40.420254039736335,0.006073035256305446
total_cu_tl,delinq_amnt,-0.003392214468637494,0.003392214468637494,0.009299731041818318,0.005947855837318468,40.420254039736335,0.0009343131163546839
total_cu_tl,mo_sin_old_il_acct,0.11077263745383818,0.11077263745383818,0.009299731041818318,0.021217795594907888,40.420254039736335,6.365942418282638
total_cu_tl,mo_sin_old_rev_tl_op,0.055607370512475995,0.055607370512475995,0.009299731041818318,0.0355852140960437,40.420254039736335,3.3252203811063206
total_cu_tl,mo_sin_rcnt_rev_tl_op,-0.015275474379834942,0.015275474379834942,0.009299731041818318,0.051203064225407595,40.420254039736335,3.3252203811063206
total_cu_tl,mo_sin_rcnt_tl,-0.08410489536748382,0.08410489536748382,0.009299731041818318,0.053452195761061076,40.420254039736335,3.3252203811063206
total_cu_tl,mort_acc,0.17862906431224737,0.17862906431224737,0.009299731041818318,0.03244640355720174,40.420254039736335,2.3605420884701087
total_cu_tl,mths_since_recent_bc,0.01015689652901062,0.01015689652901062,0.009299731041818318,0.043584474650737046,40.420254039736335,3.336899295060754
total_cu_tl,mths_since_recent_bc_dlq,0.01537310885586442,0.01537310885586442,0.009299731041818318,0.003137939343701434,40.420254039736335,76.73980781179198
total_cu_tl,mths_since_recent_inq,-0.050337258443189516,0.050337258443189516,0.009299731041818318,0.05320449066537542,40.420254039736335,13.0799164724074
total_cu_tl,mths_since_recent_revol_delinq,0.004177864045755271,0.004177864045755271,0.009299731041818318,0.006683612077262269,40.420254039736335,66.9785715286764
total_cu_tl,num_accts_ever_120_pd,0.010118554297933093,0.010118554297933093,0.009299731041818318,0.008479117803978793,40.420254039736335,3.3252203811063206
total_cu_tl,num_actv_bc_tl,-0.06846767370820674,0.06846767370820674,0.009299731041818318,0.023449703362199502,40.420254039736335,3.3252203811063206
total_cu_tl,num_actv_rev_tl,0.02229161220258194,0.02229161220258194,0.009299731041818318,0.05073392113298021,40.420254039736335,3.3252203811063206
total_cu_tl,num_bc_sats,-0.04914751380104992,0.04914751380104992,0.009299731041818318,0.0042639641381768565,40.420254039736335,2.768836920317106
total_cu_tl,num_bc_tl,0.01647551503694496,0.01647551503694496,0.009299731041818318,0.015581876085390736,40.420254039736335,3.3252203811063206
total_cu_tl,num_il_tl,0.30240976657863844,0.30240976657863844,0.009299731041818318,0.01028170161323678,40.420254039736335,3.3252203811063206
total_cu_tl,num_op_rev_tl,0.05477741376421022,0.05477741376421022,0.009299731041818318,0.023613697070117696,40.420254039736335,3.3252203811063206
total_cu_tl,num_rev_accts,0.11772106333749466,0.11772106333749466,0.009299731041818318,0.02221329210148946,40.420254039736335,3.3252203811063206
total_cu_tl,num_rev_tl_bal_gt_0,0.030545386233659384,0.030545386233659384,0.009299731041818318,0.05055527066899223,40.420254039736335,3.3252203811063206
total_cu_tl,num_sats,0.10707308167159908,0.10707308167159908,0.009299731041818318,0.018432439266359544,40.420254039736335,2.768836920317106
total_cu_tl,num_tl_120dpd_2m,-0.002102139986565281,0.002102139986565281,0.009299731041818318,0.0022468872711697264,40.420254039736335,7.126940451553529
total_cu_tl,num_tl_30dpd,-0.00019392651369937855,0.00019392651369937855,0.009299731041818318,0.0047684994383403794,40.420254039736335,3.3252203811063206
total_cu_tl,num_tl_90g_dpd_24m,0.005276883314525187,0.005276883314525187,0.009299731041818318,0.012197969067421339,40.420254039736335,3.3252203811063206
total_cu_tl,num_tl_op_past_12m,0.12329854008579874,0.12329854008579874,0.009299731041818318,0.07721411715843976,40.420254039736335,3.3252203811063206
total_cu_tl,pct_tl_nvr_dlq,0.039708811351971324,0.039708811351971324,0.009299731041818318,0.0037269775784282647,40.420254039736335,3.3308262598044482
total_cu_tl,percent_bc_gt_75,0.0002130054334519983,0.0002130054334519983,0.009299731041818318,0.07830303392951792,40.420254039736335,3.4307977632543993
total_cu_tl,pub_rec_bankruptcies,0.013484719674680746,0.013484719674680746,0.009299731041818318,0.021686175332832822,40.420254039736335,0.06867201405206927
total_cu_tl,tax_liens,-0.013093229076192777,0.013093229076192777,0.009299731041818318,0.013644503499620549,40.420254039736335,0.0037372524654187356
total_cu_tl,tot_hi_cred_lim,0.12299722748659252,0.12299722748659252,0.009299731041818318,0.061955101049037724,40.420254039736335,3.3252203811063206
total_cu_tl,total_bal_ex_mort,0.12031148286453364,0.12031148286453364,0.009299731041818318,0.010337636565541718,40.420254039736335,2.3605420884701087
total_cu_tl,total_bc_limit,-0.017195035368153314,0.017195035368153314,0.009299731041818318,0.0727331430169503,40.420254039736335,2.3605420884701087
total_cu_tl,total_il_high_credit_limit,0.14349175061095928,0.14349175061095928,0.009299731041818318,0.012103906507566485,40.420254039736335,3.3252203811063206
total_cu_tl,year_issued,-0.010679827653601872,0.010679827653601872,0.009299731041818318,0.14600503649089677,40.420254039736335,0.0
inq_last_12m,acc_open_past_24mths,0.404510799195527,0.404510799195527,0.0637314488297478,0.08867183834751817,40.420254039736335,2.3605420884701087
inq_last_12m,avg_cur_bal,0.0611317364908962,0.0611317364908962,0.0637314488297478,0.0562108691255464,40.420254039736335,3.32708900733903
inq_last_12m,bc_open_to_buy,0.03308620941739699,0.03308620941739699,0.0637314488297478,0.08076668691943055,40.420254039736335,3.403702682880114
inq_last_12m,bc_util,-0.11855823558341692,0.11855823558341692,0.0637314488297478,0.0759460456775071,40.420254039736335,3.464900192001345
inq_last_12m,chargeoff_within_12_mths,0.009038981998193906,0.009038981998193906,0.0637314488297478,0.0021101943384776007,40.420254039736335,0.006073035256305446
inq_last_12m,delinq_amnt,-0.00311514282833785,0.00311514282833785,0.0637314488297478,0.005947855837318468,40.420254039736335,0.0009343131163546839
inq_last_12m,mo_sin_old_il_acct,0.01641973399683856,0.01641973399683856,0.0637314488297478,0.021217795594907888,40.420254039736335,6.365942418282638
inq_last_12m,mo_sin_old_rev_tl_op,-0.038572210236943204,0.038572210236943204,0.0637314488297478,0.0355852140960437,40.420254039736335,3.3252203811063206
inq_last_12m,mo_sin_rcnt_rev_tl_op,-0.16904447837908051,0.16904447837908051,0.0637314488297478,0.051203064225407595,40.420254039736335,3.3252203811063206
inq_last_12m,mo_sin_rcnt_tl,-0.2586602307501234,0.2586602307501234,0.0637314488297478,0.053452195761061076,40.420254039736335,3.3252203811063206
inq_last_12m,mort_acc,0.11101820699832,0.11101820699832,0.0637314488297478,0.03244640355720174,40.420254039736335,2.3605420884701087
inq_last_12m,mths_since_recent_bc,-0.12559126687775413,0.12559126687775413,0.0637314488297478,0.043584474650737046,40.420254039736335,3.336899295060754
inq_last_12m,mths_since_recent_bc_dlq,0.03281901720806017,0.03281901720806017,0.0637314488297478,0.003137939343701434,40.420254039736335,76.73980781179198
inq_last_12m,mths_since_recent_inq,-0.5284342117105492,0.5284342117105492,0.0637314488297478,0.05320449066537542,40.420254039736335,13.0799164724074
inq_last_12m,mths_since_recent_revol_delinq,0.027655627121799208,0.027655627121799208,0.0637314488297478,0.006683612077262269,40.420254039736335,66.9785715286764
inq_last_12m,num_accts_ever_120_pd,0.07695654314141724,0.07695654314141724,0.0637314488297478,0.008479117803978793,40.420254039736335,3.3252203811063206
inq_last_12m,num_actv_bc_tl,0.045768721812174146,0.045768721812174146,0.0637314488297478,0.023449703362199502,40.420254039736335,3.3252203811063206
inq_last_12m,num_actv_rev_tl,0.08360793925111563,0.08360793925111563,0.0637314488297478,0.05073392113298021,40.420254039736335,3.3252203811063206
inq_last_12m,num_bc_sats,0.09907540012905665,0.09907540012905665,0.0637314488297478,0.0042639641381768565,40.420254039736335,2.768836920317106
inq_last_12m,num_bc_tl,0.12320149782585675,0.12320149782585675,0.0637314488297478,0.015581876085390736,40.420254039736335,3.3252203811063206
inq_last_12m,num_il_tl,0.14989431756573124,0.14989431756573124,0.0637314488297478,0.01028170161323678,40.420254039736335,3.3252203811063206
inq_last_12m,num_op_rev_tl,0.1520761076435268,0.1520761076435268,0.0637314488297478,0.023613697070117696,40.420254039736335,3.3252203811063206
inq_last_12m,num_rev_accts,0.15498110451635339,0.15498110451635339,0.0637314488297478,0.02221329210148946,40.420254039736335,3.3252203811063206
inq_last_12m,num_rev_tl_bal_gt_0,0.0810401135864,0.0810401135864,0.0637314488297478,0.05055527066899223,40.420254039736335,3.3252203811063206
inq_last_12m,num_sats,0.1779201024630786,0.1779201024630786,0.0637314488297478,0.018432439266359544,40.420254039736335,2.768836920317106
inq_last_12m,num_tl_120dpd_2m,-0.0030845466813649667,0.0030845466813649667,0.0637314488297478,0.0022468872711697264,40.420254039736335,7.126940451553529
inq_last_12m,num_tl_30dpd,-0.0029816435861624024,0.0029816435861624024,0.0637314488297478,0.0047684994383403794,40.420254039736335,3.3252203811063206
inq_last_12m,num_tl_90g_dpd_24m,0.02014914802423083,0.02014914802423083,0.0637314488297478,0.012197969067421339,40.420254039736335,3.3252203811063206
inq_last_12m,num_tl_op_past_12m,0.46225151105333634,0.46225151105333634,0.0637314488297478,0.07721411715843976,40.420254039736335,3.3252203811063206
inq_last_12m,pct_tl_nvr_dlq,-0.02405912832556941,0.02405912832556941,0.0637314488297478,0.0037269775784282647,40.420254039736335,3.3308262598044482
inq_last_12m,percent_bc_gt_75,-0.1125966054248469,0.1125966054248469,0.0637314488297478,0.07830303392951792,40.420254039736335,3.4307977632543993
inq_last_12m,pub_rec_bankruptcies,0.09416911193737831,0.09416911193737831,0.0637314488297478,0.021686175332832822,40.420254039736335,0.06867201405206927
inq_last_12m,tax_liens,0.02325501491588566,0.02325501491588566,0.0637314488297478,0.013644503499620549,40.420254039736335,0.0037372524654187356
inq_last_12m,tot_hi_cred_lim,0.12030658074901793,0.12030658074901793,0.0637314488297478,0.061955101049037724,40.420254039736335,3.3252203811063206
inq_last_12m,total_bal_ex_mort,0.11368079983151548,0.11368079983151548,0.0637314488297478,0.010337636565541718,40.420254039736335,2.3605420884701087
inq_last_12m,total_bc_limit,-0.007522220824707259,0.007522220824707259,0.0637314488297478,0.0727331430169503,40.420254039736335,2.3605420884701087
inq_last_12m,total_il_high_credit_limit,0.1412311092809726,0.1412311092809726,0.0637314488297478,0.012103906507566485,40.420254039736335,3.3252203811063206
inq_last_12m,year_issued,-0.03636629085598527,0.03636629085598527,0.0637314488297478,0.14600503649089677,40.420254039736335,0.0
acc_open_past_24mths,avg_cur_bal,-0.06473476764229227,0.06473476764229227,0.08867183834751817,0.0562108691255464,2.3605420884701087,3.32708900733903
acc_open_past_24mths,bc_open_to_buy,0.13290386501422422,0.13290386501422422,0.08867183834751817,0.08076668691943055,2.3605420884701087,3.403702682880114
acc_open_past_24mths,bc_util,-0.1838060172801819,0.1838060172801819,0.08867183834751817,0.0759460456775071,2.3605420884701087,3.464900192001345
acc_open_past_24mths,chargeoff_within_12_mths,0.005671497656997376,0.005671497656997376,0.08867183834751817,0.0021101943384776007,2.3605420884701087,0.006073035256305446
acc_open_past_24mths,delinq_amnt,-0.005091335556665289,0.005091335556665289,0.08867183834751817,0.005947855837318468,2.3605420884701087,0.0009343131163546839
acc_open_past_24mths,mo_sin_old_il_acct,0.005247600977228792,0.005247600977228792,0.08867183834751817,0.021217795594907888,2.3605420884701087,6.365942418282638
acc_open_past_24mths,mo_sin_old_rev_tl_op,-0.050352179158325315,0.050352179158325315,0.08867183834751817,0.0355852140960437,2.3605420884701087,3.3252203811063206
acc_open_past_24mths,mo_sin_rcnt_rev_tl_op,-0.41136406187109426,0.41136406187109426,0.08867183834751817,0.051203064225407595,2.3605420884701087,3.3252203811063206
acc_open_past_24mths,mo_sin_rcnt_tl,-0.45410780566834025,0.45410780566834025,0.08867183834751817,0.053452195761061076,2.3605420884701087,3.3252203811063206
acc_open_past_24mths,mort_acc,0.06946014989686805,0.06946014989686805,0.08867183834751817,0.03244640355720174,2.3605420884701087,2.3605420884701087
acc_open_past_24mths,mths_since_recent_bc,-0.34044274912762207,0.34044274912762207,0.08867183834751817,0.043584474650737046,2.3605420884701087,3.336899295060754
acc_open_past_24mths,mths_since_recent_bc_dlq,0.1601298659887794,0.1601298659887794,0.08867183834751817,0.003137939343701434,2.3605420884701087,76.73980781179198
acc_open_past_24mths,mths_since_recent_inq,-0.21432101712670273,0.21432101712670273,0.08867183834751817,0.05320449066537542,2.3605420884701087,13.0799164724074
acc_open_past_24mths,mths_since_recent_revol_delinq,0.13027966531998927,0.13027966531998927,0.08867183834751817,0.006683612077262269,2.3605420884701087,66.9785715286764
acc_open_past_24mths,num_accts_ever_120_pd,0.07531865973505623,0.07531865973505623,0.08867183834751817,0.008479117803978793,2.3605420884701087,3.3252203811063206
acc_open_past_24mths,num_actv_bc_tl,0.23428360144719773,0.23428360144719773,0.08867183834751817,0.023449703362199502,2.3605420884701087,3.3252203811063206
acc_open_past_24mths,num_actv_rev_tl,0.3465731348547601,0.3465731348547601,0.08867183834751817,0.05073392113298021,2.3605420884701087,3.3252203811063206
acc_open_past_24mths,num_bc_sats,0.313472050070852,0.313472050070852,0.08867183834751817,0.0042639641381768565,2.3605420884701087,2.768836920317106
acc_open_past_24mths,num_bc_tl,0.30009654238953637,0.30009654238953637,0.08867183834751817,0.015581876085390736,2.3605420884701087,3.3252203811063206
acc_open_past_24mths,num_il_tl,0.24844744997463933,0.24844744997463933,0.08867183834751817,0.01028170161323678,2.3605420884701087,3.3252203811063206
acc_open_past_24mths,num_op_rev_tl,0.4679900358910599,0.4679900358910599,0.08867183834751817,0.023613697070117696,2.3605420884701087,3.3252203811063206
acc_open_past_24mths,num_rev_accts,0.3975234313728117,0.3975234313728117,0.08867183834751817,0.02221329210148946,2.3605420884701087,3.3252203811063206
acc_open_past_24mths,num_rev_tl_bal_gt_0,0.33909504036872296,0.33909504036872296,0.08867183834751817,0.05055527066899223,2.3605420884701087,3.3252203811063206
acc_open_past_24mths,num_sats,0.4914289887933689,0.4914289887933689,0.08867183834751817,0.018432439266359544,2.3605420884701087,2.768836920317106
acc_open_past_24mths,num_tl_120dpd_2m,-0.004004430619953629,0.004004430619953629,0.08867183834751817,0.0022468872711697264,2.3605420884701087,7.126940451553529
acc_open_past_24mths,num_tl_30dpd,-0.0035308967766302076,0.0035308967766302076,0.08867183834751817,0.0047684994383403794,2.3605420884701087,3.3252203811063206
acc_open_past_24mths,num_tl_90g_dpd_24m,-0.030824909985035568,0.030824909985035568,0.08867183834751817,0.012197969067421339,2.3605420884701087,3.3252203811063206
acc_open_past_24mths,num_tl_op_past_12m,0.766788421588606,0.766788421588606,0.08867183834751817,0.07721411715843976,2.3605420884701087,3.3252203811063206
acc_open_past_24mths,pct_tl_nvr_dlq,0.057822044270900985,0.057822044270900985,0.08867183834751817,0.0037269775784282647,2.3605420884701087,3.3308262598044482
acc_open_past_24mths,percent_bc_gt_75,-0.1674208028229102,0.1674208028229102,0.08867183834751817,0.07830303392951792,2.3605420884701087,3.4307977632543993
acc_open_past_24mths,pub_rec_bankruptcies,0.11035791179617681,0.11035791179617681,0.08867183834751817,0.021686175332832822,2.3605420884701087,0.06867201405206927
acc_open_past_24mths,tax_liens,0.015206786784328895,0.015206786784328895,0.08867183834751817,0.013644503499620549,2.3605420884701087,0.0037372524654187356
acc_open_past_24mths,tot_hi_cred_lim,0.11742887421060885,0.11742887421060885,0.08867183834751817,0.061955101049037724,2.3605420884701087,3.3252203811063206
acc_open_past_24mths,total_bal_ex_mort,0.15514540809162072,0.15514540809162072,0.08867183834751817,0.010337636565541718,2.3605420884701087,2.3605420884701087
acc_open_past_24mths,total_bc_limit,0.07381912639935861,0.07381912639935861,0.08867183834751817,0.0727331430169503,2.3605420884701087,2.3605420884701087
acc_open_past_24mths,total_il_high_credit_limit,0.18314422432896932,0.18314422432896932,0.08867183834751817,0.012103906507566485,2.3605420884701087,3.3252203811063206
acc_open_past_24mths,year_issued,0.032838603648029104,0.032838603648029104,0.08867183834751817,0.14600503649089677,2.3605420884701087,0.0
avg_cur_bal,bc_open_to_buy,0.03625241030630678,0.03625241030630678,0.0562108691255464,0.08076668691943055,3.32708900733903,3.403702682880114
avg_cur_bal,bc_util,0.07954538296701458,0.07954538296701458,0.0562108691255464,0.0759460456775071,3.32708900733903,3.464900192001345
avg_cur_bal,chargeoff_within_12_mths,0.010189944066483797,0.010189944066483797,0.0562108691255464,0.0021101943384776007,3.32708900733903,0.006073035256305446
avg_cur_bal,delinq_amnt,0.02040058108674816,0.02040058108674816,0.0562108691255464,0.005947855837318468,3.32708900733903,0.0009343131163546839
avg_cur_bal,mo_sin_old_il_acct,0.12076819871756823,0.12076819871756823,0.0562108691255464,0.021217795594907888,3.32708900733903,6.365942418282638
avg_cur_bal,mo_sin_old_rev_tl_op,0.1298910056530233,0.1298910056530233,0.0562108691255464,0.0355852140960437,3.32708900733903,3.3252203811063206
avg_cur_bal,mo_sin_rcnt_rev_tl_op,0.15514993917930417,0.15514993917930417,0.0562108691255464,0.051203064225407595,3.32708900733903,3.3252203811063206
avg_cur_bal,mo_sin_rcnt_tl,0.019102590890488134,0.019102590890488134,0.0562108691255464,0.053452195761061076,3.32708900733903,3.3252203811063206
avg_cur_bal,mort_acc,0.4666180085995235,0.4666180085995235,0.0562108691255464,0.03244640355720174,3.32708900733903,2.3605420884701087
avg_cur_bal,mths_since_recent_bc,0.15368842667039878,0.15368842667039878,0.0562108691255464,0.043584474650737046,3.32708900733903,3.336899295060754
avg_cur_bal,mths_since_recent_bc_dlq,-0.03772496594384427,0.03772496594384427,0.0562108691255464,0.003137939343701434,3.32708900733903,76.73980781179198
avg_cur_bal,mths_since_recent_inq,-0.017754745278449054,0.017754745278449054,0.0562108691255464,0.05320449066537542,3.32708900733903,13.0799164724074
avg_cur_bal,mths_since_recent_revol_delinq,-0.025765951934971106,0.025765951934971106,0.0562108691255464,0.006683612077262269,3.32708900733903,66.9785715286764
avg_cur_bal,num_accts_ever_120_pd,0.023559797661438082,0.023559797661438082,0.0562108691255464,0.008479117803978793,3.32708900733903,3.3252203811063206
avg_cur_bal,num_actv_bc_tl,-0.11294641721033809,0.11294641721033809,0.0562108691255464,0.023449703362199502,3.32708900733903,3.3252203811063206
avg_cur_bal,num_actv_rev_tl,-0.1494924590157846,0.1494924590157846,0.0562108691255464,0.05073392113298021,3.32708900733903,3.3252203811063206
avg_cur_bal,num_bc_sats,-0.11617760285017084,0.11617760285017084,0.0562108691255464,0.0042639641381768565,3.32708900733903,2.768836920317106
avg_cur_bal,num_bc_tl,-0.04741553645617397,0.04741553645617397,0.0562108691255464,0.015581876085390736,3.32708900733903,3.3252203811063206
avg_cur_bal,num_il_tl,0.06197965067769546,0.06197965067769546,0.0562108691255464,0.01028170161323678,3.32708900733903,3.3252203811063206
avg_cur_bal,num_op_rev_tl,-0.1867626052230304,0.1867626052230304,0.0562108691255464,0.023613697070117696,3.32708900733903,3.3252203811063206
avg_cur_bal,num_rev_accts,-0.08005543698504888,0.08005543698504888,0.0562108691255464,0.02221329210148946,3.32708900733903,3.3252203811063206
avg_cur_bal,num_rev_tl_bal_gt_0,-0.15079890236957957,0.15079890236957957,0.0562108691255464,0.05055527066899223,3.32708900733903,3.3252203811063206
avg_cur_bal,num_sats,-0.10277415286900048,0.10277415286900048,0.0562108691255464,0.018432439266359544,3.32708900733903,2.768836920317106
avg_cur_bal,num_tl_120dpd_2m,0.002035295388823073,0.002035295388823073,0.0562108691255464,0.0022468872711697264,3.32708900733903,7.126940451553529
avg_cur_bal,num_tl_30dpd,0.009696707627102931,0.009696707627102931,0.0562108691255464,0.0047684994383403794,3.32708900733903,3.3252203811063206
avg_cur_bal,num_tl_90g_dpd_24m,0.014967949943329584,0.014967949943329584,0.0562108691255464,0.012197969067421339,3.32708900733903,3.3252203811063206
avg_cur_bal,num_tl_op_past_12m,-0.03734417348128406,0.03734417348128406,0.0562108691255464,0.07721411715843976,3.32708900733903,3.3252203811063206
avg_cur_bal,pct_tl_nvr_dlq,-0.05242711433433996,0.05242711433433996,0.0562108691255464,0.0037269775784282647,3.32708900733903,3.3308262598044482
avg_cur_bal,percent_bc_gt_75,0.06952700708853742,0.06952700708853742,0.0562108691255464,0.07830303392951792,3.32708900733903,3.4307977632543993
avg_cur_bal,pub_rec_bankruptcies,-0.0758693393612858,0.0758693393612858,0.0562108691255464,0.021686175332832822,3.32708900733903,0.06867201405206927
avg_cur_bal,tax_liens,0.001622179262785393,0.001622179262785393,0.0562108691255464,0.013644503499620549,3.32708900733903,0.0037372524654187356
avg_cur_bal,tot_hi_cred_lim,0.7893213460079028,0.7893213460079028,0.0562108691255464,0.061955101049037724,3.32708900733903,3.3252203811063206
avg_cur_bal,total_bal_ex_mort,0.30290412911949205,0.30290412911949205,0.0562108691255464,0.010337636565541718,3.32708900733903,2.3605420884701087
avg_cur_bal,total_bc_limit,0.13067630549948797,0.13067630549948797,0.0562108691255464,0.0727331430169503,3.32708900733903,2.3605420884701087
avg_cur_bal,total_il_high_credit_limit,0.22602345975624485,0.22602345975624485,0.0562108691255464,0.012103906507566485,3.32708900733903,3.3252203811063206
avg_cur_bal,year_issued,-0.008356634083970173,0.008356634083970173,0.0562108691255464,0.14600503649089677,3.32708900733903,0.0
bc_open_to_buy,bc_util,-0.538989904033518,0.538989904033518,0.08076668691943055,0.0759460456775071,3.403702682880114,3.464900192001345
bc_open_to_buy,chargeoff_within_12_mths,-0.010569699591785406,0.010569699591785406,0.08076668691943055,0.0021101943384776007,3.403702682880114,0.006073035256305446
bc_open_to_buy,delinq_amnt,0.0009179598303825758,0.0009179598303825758,0.08076668691943055,0.005947855837318468,3.403702682880114,0.0009343131163546839
bc_open_to_buy,mo_sin_old_il_acct,0.02909069192019268,0.02909069192019268,0.08076668691943055,0.021217795594907888,3.403702682880114,6.365942418282638
bc_open_to_buy,mo_sin_old_rev_tl_op,0.17164833835200133,0.17164833835200133,0.08076668691943055,0.0355852140960437,3.403702682880114,3.3252203811063206
bc_open_to_buy,mo_sin_rcnt_rev_tl_op,-0.07422822987099355,0.07422822987099355,0.08076668691943055,0.051203064225407595,3.403702682880114,3.3252203811063206
bc_open_to_buy,mo_sin_rcnt_tl,-0.07103545902992195,0.07103545902992195,0.08076668691943055,0.053452195761061076,3.403702682880114,3.3252203811063206
bc_open_to_buy,mort_acc,0.12288839000694547,0.12288839000694547,0.08076668691943055,0.03244640355720174,3.403702682880114,2.3605420884701087
bc_open_to_buy,mths_since_recent_bc,-0.1223973551919349,0.1223973551919349,0.08076668691943055,0.043584474650737046,3.403702682880114,3.336899295060754
bc_open_to_buy,mths_since_recent_bc_dlq,-0.06067845232648901,0.06067845232648901,0.08076668691943055,0.003137939343701434,3.403702682880114,76.73980781179198
bc_open_to_buy,mths_since_recent_inq,-0.025125629563953412,0.025125629563953412,0.08076668691943055,0.05320449066537542,3.403702682880114,13.0799164724074
bc_open_to_buy,mths_since_recent_revol_delinq,-0.04613824645647776,0.04613824645647776,0.08076668691943055,0.006683612077262269,3.403702682880114,66.9785715286764
bc_open_to_buy,num_accts_ever_120_pd,-0.0838099009450345,0.0838099009450345,0.08076668691943055,0.008479117803978793,3.403702682880114,3.3252203811063206
bc_open_to_buy,num_actv_bc_tl,0.26550227739897747,0.26550227739897747,0.08076668691943055,0.023449703362199502,3.403702682880114,3.3252203811063206
bc_open_to_buy,num_actv_rev_tl,0.12896507308323635,0.12896507308323635,0.08076668691943055,0.05073392113298021,3.403702682880114,3.3252203811063206
bc_open_to_buy,num_bc_sats,0.49534081135140734,0.49534081135140734,0.08076668691943055,0.0042639641381768565,3.403702682880114,2.768836920317106
bc_open_to_buy,num_bc_tl,0.42835589969450133,0.42835589969450133,0.08076668691943055,0.015581876085390736,3.403702682880114,3.3252203811063206
bc_open_to_buy,num_il_tl,0.00578630154438362,0.00578630154438362,0.08076668691943055,0.01028170161323678,3.403702682880114,3.3252203811063206
bc_open_to_buy,num_op_rev_tl,0.3766459023476366,0.3766459023476366,0.08076668691943055,0.023613697070117696,3.403702682880114,3.3252203811063206
bc_open_to_buy,num_rev_accts,0.32049365853960066,0.32049365853960066,0.08076668691943055,0.02221329210148946,3.403702682880114,3.3252203811063206
bc_open_to_buy,num_rev_tl_bal_gt_0,0.14161885546589859,0.14161885546589859,0.08076668691943055,0.05055527066899223,3.403702682880114,3.3252203811063206
bc_open_to_buy,num_sats,0.3223067732349379,0.3223067732349379,0.08076668691943055,0.018432439266359544,3.403702682880114,2.768836920317106
bc_open_to_buy,num_tl_120dpd_2m,-4.254109774971669e-05,4.254109774971669e-05,0.08076668691943055,0.0022468872711697264,3.403702682880114,7.126940451553529
bc_open_to_buy,num_tl_30dpd,0.00833196580405072,0.00833196580405072,0.08076668691943055,0.0047684994383403794,3.403702682880114,3.3252203811063206
bc_open_to_buy,num_tl_90g_dpd_24m,-0.043738025169526636,0.043738025169526636,0.08076668691943055,0.012197969067421339,3.403702682880114,3.3252203811063206
bc_open_to_buy,num_tl_op_past_12m,0.11782508845112609,0.11782508845112609,0.08076668691943055,0.07721411715843976,3.403702682880114,3.3252203811063206
bc_open_to_buy,pct_tl_nvr_dlq,0.16302944212756718,0.16302944212756718,0.08076668691943055,0.0037269775784282647,3.403702682880114,3.3308262598044482
bc_open_to_buy,percent_bc_gt_75,-0.4361734580847632,0.4361734580847632,0.08076668691943055,0.07830303392951792,3.403702682880114,3.4307977632543993
bc_open_to_buy,pub_rec_bankruptcies,-0.09151616660873581,0.09151616660873581,0.08076668691943055,0.021686175332832822,3.403702682880114,0.06867201405206927
bc_open_to_buy,tax_liens,-0.01725762369811328,0.01725762369811328,0.08076668691943055,0.013644503499620549,3.403702682880114,0.0037372524654187356
bc_open_to_buy,tot_hi_cred_lim,0.2686447872643167,0.2686447872643167,0.08076668691943055,0.061955101049037724,3.403702682880114,3.3252203811063206
bc_open_to_buy,total_bal_ex_mort,0.12038483643563189,0.12038483643563189,0.08076668691943055,0.010337636565541718,3.403702682880114,2.3605420884701087
bc_open_to_buy,total_bc_limit,0.8465492783109345,0.8465492783109345,0.08076668691943055,0.0727331430169503,3.403702682880114,2.3605420884701087
bc_open_to_buy,total_il_high_credit_limit,0.07980628967168077,0.07980628967168077,0.08076668691943055,0.012103906507566485,3.403702682880114,3.3252203811063206
bc_open_to_buy,year_issued,0.13995060198963602,0.13995060198963602,0.08076668691943055,0.14600503649089677,3.403702682880114,0.0
bc_util,chargeoff_within_12_mths,-0.011136979882779036,0.011136979882779036,0.0759460456775071,0.0021101943384776007,3.464900192001345,0.006073035256305446
bc_util,delinq_amnt,-0.0019233626716310115,0.0019233626716310115,0.0759460456775071,0.005947855837318468,3.464900192001345,0.0009343131163546839
bc_util,mo_sin_old_il_acct,0.06039597563005894,0.06039597563005894,0.0759460456775071,0.021217795594907888,3.464900192001345,6.365942418282638
bc_util,mo_sin_old_rev_tl_op,0.013996794025588321,0.013996794025588321,0.0759460456775071,0.0355852140960437,3.464900192001345,3.3252203811063206
bc_util,mo_sin_rcnt_rev_tl_op,0.129763176678974,0.129763176678974,0.0759460456775071,0.051203064225407595,3.464900192001345,3.3252203811063206
bc_util,mo_sin_rcnt_tl,0.13708490779784863,0.13708490779784863,0.0759460456775071,0.053452195761061076,3.464900192001345,3.3252203811063206
bc_util,mort_acc,0.016135497492168895,0.016135497492168895,0.0759460456775071,0.03244640355720174,3.464900192001345,2.3605420884701087
bc_util,mths_since_recent_bc,0.1540721754225015,0.1540721754225015,0.0759460456775071,0.043584474650737046,3.464900192001345,3.336899295060754
bc_util,mths_since_recent_bc_dlq,0.03464102425219058,0.03464102425219058,0.0759460456775071,0.003137939343701434,3.464900192001345,76.73980781179198
bc_util,mths_since_recent_inq,0.08797838120461692,0.08797838120461692,0.0759460456775071,0.05320449066537542,3.464900192001345,13.0799164724074
bc_util,mths_since_recent_revol_delinq,0.029687311460739555,0.029687311460739555,0.0759460456775071,0.006683612077262269,3.464900192001345,66.9785715286764
bc_util,num_accts_ever_120_pd,-0.019467081478383674,0.019467081478383674,0.0759460456775071,0.008479117803978793,3.464900192001345,3.3252203811063206
bc_util,num_actv_bc_tl,0.06555922693227205,0.06555922693227205,0.0759460456775071,0.023449703362199502,3.464900192001345,3.3252203811063206
bc_util,num_actv_rev_tl,0.11764918457763453,0.11764918457763453,0.0759460456775071,0.05073392113298021,3.464900192001345,3.3252203811063206
bc_util,num_bc_sats,-0.18123352270350002,0.18123352270350002,0.0759460456775071,0.0042639641381768565,3.464900192001345,2.768836920317106
bc_util,num_bc_tl,-0.15954371676186122,0.15954371676186122,0.0759460456775071,0.015581876085390736,3.464900192001345,3.3252203811063206
bc_util,num_il_tl,0.016047647982418763,0.016047647982418763,0.0759460456775071,0.01028170161323678,3.464900192001345,3.3252203811063206
bc_util,num_op_rev_tl,-0.1549032893327504,0.1549032893327504,0.0759460456775071,0.023613697070117696,3.464900192001345,3.3252203811063206
bc_util,num_rev_accts,-0.12994172486379177,0.12994172486379177,0.0759460456775071,0.02221329210148946,3.464900192001345,3.3252203811063206
bc_util,num_rev_tl_bal_gt_0,0.12268583852432285,0.12268583852432285,0.0759460456775071,0.05055527066899223,3.464900192001345,3.3252203811063206
bc_util,num_sats,-0.10687826150729783,0.10687826150729783,0.0759460456775071,0.018432439266359544,3.464900192001345,2.768836920317106
bc_util,num_tl_120dpd_2m,-0.004490086898315033,0.004490086898315033,0.0759460456775071,0.0022468872711697264,3.464900192001345,7.126940451553529
bc_util,num_tl_30dpd,-0.014566391479411574,0.014566391479411574,0.0759460456775071,0.0047684994383403794,3.464900192001345,3.3252203811063206
bc_util,num_tl_90g_dpd_24m,-0.008866239396720486,0.008866239396720486,0.0759460456775071,0.012197969067421339,3.464900192001345,3.3252203811063206
bc_util,num_tl_op_past_12m,-0.19076871436538978,0.19076871436538978,0.0759460456775071,0.07721411715843976,3.464900192001345,3.3252203811063206
bc_util,pct_tl_nvr_dlq,-0.027784119627236092,0.027784119627236092,0.0759460456775071,0.0037269775784282647,3.464900192001345,3.3308262598044482
bc_util,percent_bc_gt_75,0.8462142432838018,0.8462142432838018,0.0759460456775071,0.07830303392951792,3.464900192001345,3.4307977632543993
bc_util,pub_rec_bankruptcies,-0.03193959565717978,0.03193959565717978,0.0759460456775071,0.021686175332832822,3.464900192001345,0.06867201405206927
bc_util,tax_liens,-0.0038434770190802943,0.0038434770190802943,0.0759460456775071,0.013644503499620549,3.464900192001345,0.0037372524654187356
bc_util,tot_hi_cred_lim,-0.011000761641315087,0.011000761641315087,0.0759460456775071,0.061955101049037724,3.464900192001345,3.3252203811063206
bc_util,total_bal_ex_mort,0.08794354197166333,0.08794354197166333,0.0759460456775071,0.010337636565541718,3.464900192001345,2.3605420884701087
bc_util,total_bc_limit,-0.2527593061454862,0.2527593061454862,0.0759460456775071,0.0727331430169503,3.464900192001345,2.3605420884701087
bc_util,total_il_high_credit_limit,0.018346627057296633,0.018346627057296633,0.0759460456775071,0.012103906507566485,3.464900192001345,3.3252203811063206
bc_util,year_issued,-0.19304059273508042,0.19304059273508042,0.0759460456775071,0.14600503649089677,3.464900192001345,0.0
chargeoff_within_12_mths,delinq_amnt,0.005069994257479132,0.005069994257479132,0.0021101943384776007,0.005947855837318468,0.006073035256305446,0.0009343131163546839
chargeoff_within_12_mths,mo_sin_old_il_acct,0.016526853223069838,0.016526853223069838,0.0021101943384776007,0.021217795594907888,0.006073035256305446,6.365942418282638
chargeoff_within_12_mths,mo_sin_old_rev_tl_op,0.029554178243171508,0.029554178243171508,0.0021101943384776007,0.0355852140960437,0.006073035256305446,3.3252203811063206
chargeoff_within_12_mths,mo_sin_rcnt_rev_tl_op,0.0012902436232394231,0.0012902436232394231,0.0021101943384776007,0.051203064225407595,0.006073035256305446,3.3252203811063206
chargeoff_within_12_mths,mo_sin_rcnt_tl,-0.0002259001485604135,0.0002259001485604135,0.0021101943384776007,0.053452195761061076,0.006073035256305446,3.3252203811063206
chargeoff_within_12_mths,mort_acc,0.03112714390823326,0.03112714390823326,0.0021101943384776007,0.03244640355720174,0.006073035256305446,2.3605420884701087
chargeoff_within_12_mths,mths_since_recent_bc,0.007945965197639368,0.007945965197639368,0.0021101943384776007,0.043584474650737046,0.006073035256305446,3.336899295060754
chargeoff_within_12_mths,mths_since_recent_bc_dlq,-0.061427420163536764,0.061427420163536764,0.0021101943384776007,0.003137939343701434,0.006073035256305446,76.73980781179198
chargeoff_within_12_mths,mths_since_recent_inq,-0.007052002302949528,0.007052002302949528,0.0021101943384776007,0.05320449066537542,0.006073035256305446,13.0799164724074
chargeoff_within_12_mths,mths_since_recent_revol_delinq,-0.062820750043477,0.062820750043477,0.0021101943384776007,0.006683612077262269,0.006073035256305446,66.9785715286764
chargeoff_within_12_mths,num_accts_ever_120_pd,0.11814803293031387,0.11814803293031387,0.0021101943384776007,0.008479117803978793,0.006073035256305446,3.3252203811063206
chargeoff_within_12_mths,num_actv_bc_tl,-0.010878843087572554,0.010878843087572554,0.0021101943384776007,0.023449703362199502,0.006073035256305446,3.3252203811063206
chargeoff_within_12_mths,num_actv_rev_tl,-0.0016122189232274631,0.0016122189232274631,0.0021101943384776007,0.05073392113298021,0.006073035256305446,3.3252203811063206
chargeoff_within_12_mths,num_bc_sats,-0.0040591532064319594,0.0040591532064319594,0.0021101943384776007,0.0042639641381768565,0.006073035256305446,2.768836920317106
chargeoff_within_12_mths,num_bc_tl,0.028463864504230194,0.028463864504230194,0.0021101943384776007,0.015581876085390736,0.006073035256305446,3.3252203811063206
chargeoff_within_12_mths,num_il_tl,0.009774941634407374,0.009774941634407374,0.0021101943384776007,0.01028170161323678,0.006073035256305446,3.3252203811063206
chargeoff_within_12_mths,num_op_rev_tl,0.003807624671564601,0.003807624671564601,0.0021101943384776007,0.023613697070117696,0.006073035256305446,3.3252203811063206
chargeoff_within_12_mths,num_rev_accts,0.037818405855793456,0.037818405855793456,0.0021101943384776007,0.02221329210148946,0.006073035256305446,3.3252203811063206
chargeoff_within_12_mths,num_rev_tl_bal_gt_0,-0.004659736291725221,0.004659736291725221,0.0021101943384776007,0.05055527066899223,0.006073035256305446,3.3252203811063206
chargeoff_within_12_mths,num_sats,0.00367933291907076,0.00367933291907076,0.0021101943384776007,0.018432439266359544,0.006073035256305446,2.768836920317106
chargeoff_within_12_mths,num_tl_120dpd_2m,0.03464552417925357,0.03464552417925357,0.0021101943384776007,0.0022468872711697264,0.006073035256305446,7.126940451553529
chargeoff_within_12_mths,num_tl_30dpd,0.00048261742338328244,0.00048261742338328244,0.0021101943384776007,0.0047684994383403794,0.006073035256305446,3.3252203811063206
chargeoff_within_12_mths,num_tl_90g_dpd_24m,0.21960632625413884,0.21960632625413884,0.0021101943384776007,0.012197969067421339,0.006073035256305446,3.3252203811063206
chargeoff_within_12_mths,num_tl_op_past_12m,0.004900758064059738,0.004900758064059738,0.0021101943384776007,0.07721411715843976,0.006073035256305446,3.3252203811063206
chargeoff_within_12_mths,pct_tl_nvr_dlq,-0.0845374670681424,0.0845374670681424,0.0021101943384776007,0.0037269775784282647,0.006073035256305446,3.3308262598044482
chargeoff_within_12_mths,percent_bc_gt_75,-0.013211497615352301,0.013211497615352301,0.0021101943384776007,0.07830303392951792,0.006073035256305446,3.4307977632543993
chargeoff_within_12_mths,pub_rec_bankruptcies,-0.00959186750297813,0.00959186750297813,0.0021101943384776007,0.021686175332832822,0.006073035256305446,0.06867201405206927
chargeoff_within_12_mths,tax_liens,-0.002027736940494932,0.002027736940494932,0.0021101943384776007,0.013644503499620549,0.006073035256305446,0.0037372524654187356
chargeoff_within_12_mths,tot_hi_cred_lim,0.009140084522316834,0.009140084522316834,0.0021101943384776007,0.061955101049037724,0.006073035256305446,3.3252203811063206
chargeoff_within_12_mths,total_bal_ex_mort,-0.0033784161770652396,0.0033784161770652396,0.0021101943384776007,0.010337636565541718,0.006073035256305446,2.3605420884701087
chargeoff_within_12_mths,total_bc_limit,-0.017439618174919732,0.017439618174919732,0.0021101943384776007,0.0727331430169503,0.006073035256305446,2.3605420884701087
chargeoff_within_12_mths,total_il_high_credit_limit,0.005373185297710216,0.005373185297710216,0.0021101943384776007,0.012103906507566485,0.006073035256305446,3.3252203811063206
chargeoff_within_12_mths,year_issued,0.002187010211125457,0.002187010211125457,0.0021101943384776007,0.14600503649089677,0.006073035256305446,0.0
delinq_amnt,mo_sin_old_il_acct,0.006328029185704068,0.006328029185704068,0.005947855837318468,0.021217795594907888,0.0009343131163546839,6.365942418282638
delinq_amnt,mo_sin_old_rev_tl_op,0.004506951271531581,0.004506951271531581,0.005947855837318468,0.0355852140960437,0.0009343131163546839,3.3252203811063206
delinq_amnt,mo_sin_rcnt_rev_tl_op,0.004584138625155381,0.004584138625155381,0.005947855837318468,0.051203064225407595,0.0009343131163546839,3.3252203811063206
delinq_amnt,mo_sin_rcnt_tl,0.006701486753669166,0.006701486753669166,0.005947855837318468,0.053452195761061076,0.0009343131163546839,3.3252203811063206
delinq_amnt,mort_acc,0.011465459766797165,0.011465459766797165,0.005947855837318468,0.03244640355720174,0.0009343131163546839,2.3605420884701087
delinq_amnt,mths_since_recent_bc,0.004237887249711307,0.004237887249711307,0.005947855837318468,0.043584474650737046,0.0009343131163546839,3.336899295060754
delinq_amnt,mths_since_recent_bc_dlq,-0.0016230320092668177,0.0016230320092668177,0.005947855837318468,0.003137939343701434,0.0009343131163546839,76.73980781179198
delinq_amnt,mths_since_recent_inq,0.00319615336699214,0.00319615336699214,0.005947855837318468,0.05320449066537542,0.0009343131163546839,13.0799164724074
delinq_amnt,mths_since_recent_revol_delinq,-0.007756065308131647,0.007756065308131647,0.005947855837318468,0.006683612077262269,0.0009343131163546839,66.9785715286764
delinq_amnt,num_accts_ever_120_pd,0.01534632601950556,0.01534632601950556,0.005947855837318468,0.008479117803978793,0.0009343131163546839,3.3252203811063206
delinq_amnt,num_actv_bc_tl,0.00014777285019229898,0.00014777285019229898,0.005947855837318468,0.023449703362199502,0.0009343131163546839,3.3252203811063206
delinq_amnt,num_actv_rev_tl,0.0014151496903338236,0.0014151496903338236,0.005947855837318468,0.05073392113298021,0.0009343131163546839,3.3252203811063206
delinq_amnt,num_bc_sats,0.0031784260787439656,0.0031784260787439656,0.005947855837318468,0.0042639641381768565,0.0009343131163546839,2.768836920317106
delinq_amnt,num_bc_tl,0.0030469671766712647,0.0030469671766712647,0.005947855837318468,0.015581876085390736,0.0009343131163546839,3.3252203811063206
delinq_amnt,num_il_tl,0.0002954105556887098,0.0002954105556887098,0.005947855837318468,0.01028170161323678,0.0009343131163546839,3.3252203811063206
delinq_amnt,num_op_rev_tl,-0.0002224257955968835,0.0002224257955968835,0.005947855837318468,0.023613697070117696,0.0009343131163546839,3.3252203811063206
delinq_amnt,num_rev_accts,0.003192979349109729,0.003192979349109729,0.005947855837318468,0.02221329210148946,0.0009343131163546839,3.3252203811063206
delinq_amnt,num_rev_tl_bal_gt_0,-0.0001240922489791687,0.0001240922489791687,0.005947855837318468,0.05055527066899223,0.0009343131163546839,3.3252203811063206
delinq_amnt,num_sats,-0.001224717004182143,0.001224717004182143,0.005947855837318468,0.018432439266359544,0.0009343131163546839,2.768836920317106
delinq_amnt,num_tl_120dpd_2m,0.2795966253201174,0.2795966253201174,0.005947855837318468,0.0022468872711697264,0.0009343131163546839,7.126940451553529
delinq_amnt,num_tl_30dpd,0.036341111623891365,0.036341111623891365,0.005947855837318468,0.0047684994383403794,0.0009343131163546839,3.3252203811063206
delinq_amnt,num_tl_90g_dpd_24m,0.038636044412466576,0.038636044412466576,0.005947855837318468,0.012197969067421339,0.0009343131163546839,3.3252203811063206
delinq_amnt,num_tl_op_past_12m,-0.0055571301070798775,0.0055571301070798775,0.005947855837318468,0.07721411715843976,0.0009343131163546839,3.3252203811063206
delinq_amnt,pct_tl_nvr_dlq,-0.013564638643929079,0.013564638643929079,0.005947855837318468,0.0037269775784282647,0.0009343131163546839,3.3308262598044482
delinq_amnt,percent_bc_gt_75,-0.001269728056034045,0.001269728056034045,0.005947855837318468,0.07830303392951792,0.0009343131163546839,3.4307977632543993
delinq_amnt,pub_rec_bankruptcies,0.0005617182840203335,0.0005617182840203335,0.005947855837318468,0.021686175332832822,0.0009343131163546839,0.06867201405206927
delinq_amnt,tax_liens,0.002850866722160837,0.002850866722160837,0.005947855837318468,0.013644503499620549,0.0009343131163546839,0.0037372524654187356
delinq_amnt,tot_hi_cred_lim,0.021392723567475628,0.021392723567475628,0.005947855837318468,0.061955101049037724,0.0009343131163546839,3.3252203811063206
delinq_amnt,total_bal_ex_mort,0.0061633972546679934,0.0061633972546679934,0.005947855837318468,0.010337636565541718,0.0009343131163546839,2.3605420884701087
delinq_amnt,total_bc_limit,0.0036415562584275725,0.0036415562584275725,0.005947855837318468,0.0727331430169503,0.0009343131163546839,2.3605420884701087
delinq_amnt,total_il_high_credit_limit,0.0015653501835414326,0.0015653501835414326,0.005947855837318468,0.012103906507566485,0.0009343131163546839,3.3252203811063206
delinq_amnt,year_issued,-4.078838454283032e-05,4.078838454283032e-05,0.005947855837318468,0.14600503649089677,0.0009343131163546839,0.0
mo_sin_old_il_acct,mo_sin_old_rev_tl_op,0.21601753991697079,0.21601753991697079,0.021217795594907888,0.0355852140960437,6.365942418282638,3.3252203811063206
mo_sin_old_il_acct,mo_sin_rcnt_rev_tl_op,0.04135488076705202,0.04135488076705202,0.021217795594907888,0.051203064225407595,6.365942418282638,3.3252203811063206
mo_sin_old_il_acct,mo_sin_rcnt_tl,0.012918201840822399,0.012918201840822399,0.021217795594907888,0.053452195761061076,6.365942418282638,3.3252203811063206
mo_sin_old_il_acct,mort_acc,0.18883577922954797,0.18883577922954797,0.021217795594907888,0.03244640355720174,6.365942418282638,2.3605420884701087
mo_sin_old_il_acct,mths_since_recent_bc,0.05834412694514363,0.05834412694514363,0.021217795594907888,0.043584474650737046,6.365942418282638,3.336899295060754
mo_sin_old_il_acct,mths_since_recent_bc_dlq,-0.0013821489807915904,0.0013821489807915904,0.021217795594907888,0.003137939343701434,6.365942418282638,76.73980781179198
mo_sin_old_il_acct,mths_since_recent_inq,-0.01757296423947703,0.01757296423947703,0.021217795594907888,0.05320449066537542,6.365942418282638,13.0799164724074
mo_sin_old_il_acct,mths_since_recent_revol_delinq,-0.0059522823892110225,0.0059522823892110225,0.021217795594907888,0.006683612077262269,6.365942418282638,66.9785715286764
mo_sin_old_il_acct,num_accts_ever_120_pd,0.11336420937668798,0.11336420937668798,0.021217795594907888,0.008479117803978793,6.365942418282638,3.3252203811063206
mo_sin_old_il_acct,num_actv_bc_tl,0.034642070024207786,0.034642070024207786,0.021217795594907888,0.023449703362199502,6.365942418282638,3.3252203811063206
mo_sin_old_il_acct,num_actv_rev_tl,0.06648615538208409,0.06648615538208409,0.021217795594907888,0.05073392113298021,6.365942418282638,3.3252203811063206
mo_sin_old_il_acct,num_bc_sats,0.03365606024204174,0.03365606024204174,0.021217795594907888,0.0042639641381768565,6.365942418282638,2.768836920317106
mo_sin_old_il_acct,num_bc_tl,0.1090394104780866,0.1090394104780866,0.021217795594907888,0.015581876085390736,6.365942418282638,3.3252203811063206
mo_sin_old_il_acct,num_il_tl,0.3495976794140308,0.3495976794140308,0.021217795594907888,0.01028170161323678,6.365942418282638,3.3252203811063206
mo_sin_old_il_acct,num_op_rev_tl,0.06107332970503672,0.06107332970503672,0.021217795594907888,0.023613697070117696,6.365942418282638,3.3252203811063206
mo_sin_old_il_acct,num_rev_accts,0.1391711258551643,0.1391711258551643,0.021217795594907888,0.02221329210148946,6.365942418282638,3.3252203811063206
mo_sin_old_il_acct,num_rev_tl_bal_gt_0,0.06636771873210592,0.06636771873210592,0.021217795594907888,0.05055527066899223,6.365942418282638,3.3252203811063206
mo_sin_old_il_acct,num_sats,0.1450521142403614,0.1450521142403614,0.021217795594907888,0.018432439266359544,6.365942418282638,2.768836920317106
mo_sin_old_il_acct,num_tl_120dpd_2m,0.005991432397436159,0.005991432397436159,0.021217795594907888,0.0022468872711697264,6.365942418282638,7.126940451553529
mo_sin_old_il_acct,num_tl_30dpd,0.012451527625039047,0.012451527625039047,0.021217795594907888,0.0047684994383403794,6.365942418282638,3.3252203811063206
mo_sin_old_il_acct,num_tl_90g_dpd_24m,0.05153802633735719,0.05153802633735719,0.021217795594907888,0.012197969067421339,6.365942418282638,3.3252203811063206
mo_sin_old_il_acct,num_tl_op_past_12m,0.015138161472791161,0.015138161472791161,0.021217795594907888,0.07721411715843976,6.365942418282638,3.3252203811063206
mo_sin_old_il_acct,pct_tl_nvr_dlq,-0.10322057772692515,0.10322057772692515,0.021217795594907888,0.0037269775784282647,6.365942418282638,3.3308262598044482
mo_sin_old_il_acct,percent_bc_gt_75,0.05748725025581106,0.05748725025581106,0.021217795594907888,0.07830303392951792,6.365942418282638,3.4307977632543993
mo_sin_old_il_acct,pub_rec_bankruptcies,0.024542269705568585,0.024542269705568585,0.021217795594907888,0.021686175332832822,6.365942418282638,0.06867201405206927
mo_sin_old_il_acct,tax_liens,0.021566279786583587,0.021566279786583587,0.021217795594907888,0.013644503499620549,6.365942418282638,0.0037372524654187356
mo_sin_old_il_acct,tot_hi_cred_lim,0.1805188907284383,0.1805188907284383,0.021217795594907888,0.061955101049037724,6.365942418282638,3.3252203811063206
mo_sin_old_il_acct,total_bal_ex_mort,0.2110553604617795,0.2110553604617795,0.021217795594907888,0.010337636565541718,6.365942418282638,2.3605420884701087
mo_sin_old_il_acct,total_bc_limit,0.08457111793459628,0.08457111793459628,0.021217795594907888,0.0727331430169503,6.365942418282638,2.3605420884701087
mo_sin_old_il_acct,total_il_high_credit_limit,0.21849329329591796,0.21849329329591796,0.021217795594907888,0.012103906507566485,6.365942418282638,3.3252203811063206
mo_sin_old_il_acct,year_issued,-0.02883126364515665,0.02883126364515665,0.021217795594907888,0.14600503649089677,6.365942418282638,0.0
mo_sin_old_rev_tl_op,mo_sin_rcnt_rev_tl_op,0.07655195054073564,0.07655195054073564,0.0355852140960437,0.051203064225407595,3.3252203811063206,3.3252203811063206
mo_sin_old_rev_tl_op,mo_sin_rcnt_tl,0.03310008897004669,0.03310008897004669,0.0355852140960437,0.053452195761061076,3.3252203811063206,3.3252203811063206
mo_sin_old_rev_tl_op,mort_acc,0.2926554398676096,0.2926554398676096,0.0355852140960437,0.03244640355720174,3.3252203811063206,2.3605420884701087
mo_sin_old_rev_tl_op,mths_since_recent_bc,0.12413973590532955,0.12413973590532955,0.0355852140960437,0.043584474650737046,3.3252203811063206,3.336899295060754
mo_sin_old_rev_tl_op,mths_since_recent_bc_dlq,0.007298096811055691,0.007298096811055691,0.0355852140960437,0.003137939343701434,3.3252203811063206,76.73980781179198
mo_sin_old_rev_tl_op,mths_since_recent_inq,0.0022217417756386095,0.0022217417756386095,0.0355852140960437,0.05320449066537542,3.3252203811063206,13.0799164724074
mo_sin_old_rev_tl_op,mths_since_recent_revol_delinq,-0.004949167020025933,0.004949167020025933,0.0355852140960437,0.006683612077262269,3.3252203811063206,66.9785715286764
mo_sin_old_rev_tl_op,num_accts_ever_120_pd,0.07258728807767191,0.07258728807767191,0.0355852140960437,0.008479117803978793,3.3252203811063206,3.3252203811063206
mo_sin_old_rev_tl_op,num_actv_bc_tl,0.13678856468836753,0.13678856468836753,0.0355852140960437,0.023449703362199502,3.3252203811063206,3.3252203811063206
mo_sin_old_rev_tl_op,num_actv_rev_tl,0.16893152036173936,0.16893152036173936,0.0355852140960437,0.05073392113298021,3.3252203811063206,3.3252203811063206
mo_sin_old_rev_tl_op,num_bc_sats,0.16387299620741508,0.16387299620741508,0.0355852140960437,0.0042639641381768565,3.3252203811063206,2.768836920317106
mo_sin_old_rev_tl_op,num_bc_tl,0.30993951777187095,0.30993951777187095,0.0355852140960437,0.015581876085390736,3.3252203811063206,3.3252203811063206
mo_sin_old_rev_tl_op,num_il_tl,-0.007505553669390679,0.007505553669390679,0.0355852140960437,0.01028170161323678,3.3252203811063206,3.3252203811063206
mo_sin_old_rev_tl_op,num_op_rev_tl,0.19655553672818052,0.19655553672818052,0.0355852140960437,0.023613697070117696,3.3252203811063206,3.3252203811063206
mo_sin_old_rev_tl_op,num_rev_accts,0.3569784462255668,0.3569784462255668,0.0355852140960437,0.02221329210148946,3.3252203811063206,3.3252203811063206
mo_sin_old_rev_tl_op,num_rev_tl_bal_gt_0,0.16623956814410643,0.16623956814410643,0.0355852140960437,0.05055527066899223,3.3252203811063206,3.3252203811063206
mo_sin_old_rev_tl_op,num_sats,0.14367522047820477,0.14367522047820477,0.0355852140960437,0.018432439266359544,3.3252203811063206,2.768836920317106
mo_sin_old_rev_tl_op,num_tl_120dpd_2m,0.004082993917834677,0.004082993917834677,0.0355852140960437,0.0022468872711697264,3.3252203811063206,7.126940451553529
mo_sin_old_rev_tl_op,num_tl_30dpd,0.021676057487411273,0.021676057487411273,0.0355852140960437,0.0047684994383403794,3.3252203811063206,3.3252203811063206
mo_sin_old_rev_tl_op,num_tl_90g_dpd_24m,0.030494889165107907,0.030494889165107907,0.0355852140960437,0.012197969067421339,3.3252203811063206,3.3252203811063206
mo_sin_old_rev_tl_op,num_tl_op_past_12m,-0.021380923927132083,0.021380923927132083,0.0355852140960437,0.07721411715843976,3.3252203811063206,3.3252203811063206
mo_sin_old_rev_tl_op,pct_tl_nvr_dlq,-0.08228846471256863,0.08228846471256863,0.0355852140960437,0.0037269775784282647,3.3252203811063206,3.3308262598044482
mo_sin_old_rev_tl_op,percent_bc_gt_75,0.028008089720216827,0.028008089720216827,0.0355852140960437,0.07830303392951792,3.3252203811063206,3.4307977632543993
mo_sin_old_rev_tl_op,pub_rec_bankruptcies,0.03701981750077116,0.03701981750077116,0.0355852140960437,0.021686175332832822,3.3252203811063206,0.06867201405206927
mo_sin_old_rev_tl_op,tax_liens,0.01724286633520233,0.01724286633520233,0.0355852140960437,0.013644503499620549,3.3252203811063206,0.0037372524654187356
mo_sin_old_rev_tl_op,tot_hi_cred_lim,0.21668445380458543,0.21668445380458543,0.0355852140960437,0.061955101049037724,3.3252203811063206,3.3252203811063206
mo_sin_old_rev_tl_op,total_bal_ex_mort,0.11610894302350147,0.11610894302350147,0.0355852140960437,0.010337636565541718,3.3252203811063206,2.3605420884701087
mo_sin_old_rev_tl_op,total_bc_limit,0.26513976462399774,0.26513976462399774,0.0355852140960437,0.0727331430169503,3.3252203811063206,2.3605420884701087
mo_sin_old_rev_tl_op,total_il_high_credit_limit,0.04066969765654081,0.04066969765654081,0.0355852140960437,0.012103906507566485,3.3252203811063206,3.3252203811063206
mo_sin_old_rev_tl_op,year_issued,-0.03742168530058213,0.03742168530058213,0.0355852140960437,0.14600503649089677,3.3252203811063206,0.0
mo_sin_rcnt_rev_tl_op,mo_sin_rcnt_tl,0.6083303461727914,0.6083303461727914,0.051203064225407595,0.053452195761061076,3.3252203811063206,3.3252203811063206
mo_sin_rcnt_rev_tl_op,mort_acc,0.022944389078288344,0.022944389078288344,0.051203064225407595,0.03244640355720174,3.3252203811063206,2.3605420884701087
mo_sin_rcnt_rev_tl_op,mths_since_recent_bc,0.6204099418392073,0.6204099418392073,0.051203064225407595,0.043584474650737046,3.3252203811063206,3.336899295060754
mo_sin_rcnt_rev_tl_op,mths_since_recent_bc_dlq,-0.09187394751785989,0.09187394751785989,0.051203064225407595,0.003137939343701434,3.3252203811063206,76.73980781179198
mo_sin_rcnt_rev_tl_op,mths_since_recent_inq,0.15366399622941027,0.15366399622941027,0.051203064225407595,0.05320449066537542,3.3252203811063206,13.0799164724074
mo_sin_rcnt_rev_tl_op,mths_since_recent_revol_delinq,-0.06325281820317842,0.06325281820317842,0.051203064225407595,0.006683612077262269,3.3252203811063206,66.9785715286764
mo_sin_rcnt_rev_tl_op,num_accts_ever_120_pd,-0.03344561643049672,0.03344561643049672,0.051203064225407595,0.008479117803978793,3.3252203811063206,3.3252203811063206
mo_sin_rcnt_rev_tl_op,num_actv_bc_tl,-0.1606158431712745,0.1606158431712745,0.051203064225407595,0.023449703362199502,3.3252203811063206,3.3252203811063206
mo_sin_rcnt_rev_tl_op,num_actv_rev_tl,-0.23172732628358286,0.23172732628358286,0.051203064225407595,0.05073392113298021,3.3252203811063206,3.3252203811063206
mo_sin_rcnt_rev_tl_op,num_bc_sats,-0.1968368112613585,0.1968368112613585,0.051203064225407595,0.0042639641381768565,3.3252203811063206,2.768836920317106
mo_sin_rcnt_rev_tl_op,num_bc_tl,-0.1866277515527199,0.1866277515527199,0.051203064225407595,0.015581876085390736,3.3252203811063206,3.3252203811063206
mo_sin_rcnt_rev_tl_op,num_il_tl,-0.01729744056064371,0.01729744056064371,0.051203064225407595,0.01028170161323678,3.3252203811063206,3.3252203811063206
mo_sin_rcnt_rev_tl_op,num_op_rev_tl,-0.2862567747600714,0.2862567747600714,0.051203064225407595,0.023613697070117696,3.3252203811063206,3.3252203811063206
mo_sin_rcnt_rev_tl_op,num_rev_accts,-0.2448271192903926,0.2448271192903926,0.051203064225407595,0.02221329210148946,3.3252203811063206,3.3252203811063206
mo_sin_rcnt_rev_tl_op,num_rev_tl_bal_gt_0,-0.2299686198561525,0.2299686198561525,0.051203064225407595,0.05055527066899223,3.3252203811063206,3.3252203811063206
mo_sin_rcnt_rev_tl_op,num_sats,-0.23563052465635081,0.23563052465635081,0.051203064225407595,0.018432439266359544,3.3252203811063206,2.768836920317106
mo_sin_rcnt_rev_tl_op,num_tl_120dpd_2m,0.0057767010910944865,0.0057767010910944865,0.051203064225407595,0.0022468872711697264,3.3252203811063206,7.126940451553529
mo_sin_rcnt_rev_tl_op,num_tl_30dpd,0.0018716443331651788,0.0018716443331651788,0.051203064225407595,0.0047684994383403794,3.3252203811063206,3.3252203811063206
mo_sin_rcnt_rev_tl_op,num_tl_90g_dpd_24m,0.016198959854211957,0.016198959854211957,0.051203064225407595,0.012197969067421339,3.3252203811063206,3.3252203811063206
mo_sin_rcnt_rev_tl_op,num_tl_op_past_12m,-0.40946281206844165,0.40946281206844165,0.051203064225407595,0.07721411715843976,3.3252203811063206,3.3252203811063206
mo_sin_rcnt_rev_tl_op,pct_tl_nvr_dlq,-0.03713516957920706,0.03713516957920706,0.051203064225407595,0.0037269775784282647,3.3252203811063206,3.3308262598044482
mo_sin_rcnt_rev_tl_op,percent_bc_gt_75,0.12673127935315953,0.12673127935315953,0.051203064225407595,0.07830303392951792,3.3252203811063206,3.4307977632543993
mo_sin_rcnt_rev_tl_op,pub_rec_bankruptcies,-0.0782906649661574,0.0782906649661574,0.051203064225407595,0.021686175332832822,3.3252203811063206,0.06867201405206927
mo_sin_rcnt_rev_tl_op,tax_liens,-0.0025472208853582587,0.0025472208853582587,0.051203064225407595,0.013644503499620549,3.3252203811063206,0.0037372524654187356
mo_sin_rcnt_rev_tl_op,tot_hi_cred_lim,0.024367903458233933,0.024367903458233933,0.051203064225407595,0.061955101049037724,3.3252203811063206,3.3252203811063206
mo_sin_rcnt_rev_tl_op,total_bal_ex_mort,0.013302110001873275,0.013302110001873275,0.051203064225407595,0.010337636565541718,3.3252203811063206,2.3605420884701087
mo_sin_rcnt_rev_tl_op,total_bc_limit,-0.02863964563699273,0.02863964563699273,0.051203064225407595,0.0727331430169503,3.3252203811063206,2.3605420884701087
mo_sin_rcnt_rev_tl_op,total_il_high_credit_limit,0.007212019018702837,0.007212019018702837,0.051203064225407595,0.012103906507566485,3.3252203811063206,3.3252203811063206
mo_sin_rcnt_rev_tl_op,year_issued,0.02137213219920827,0.02137213219920827,0.051203064225407595,0.14600503649089677,3.3252203811063206,0.0
mo_sin_rcnt_tl,mort_acc,-0.06180082380081431,0.06180082380081431,0.053452195761061076,0.03244640355720174,3.3252203811063206,2.3605420884701087
mo_sin_rcnt_tl,mths_since_recent_bc,0.38025143568097247,0.38025143568097247,0.053452195761061076,0.043584474650737046,3.3252203811063206,3.336899295060754
mo_sin_rcnt_tl,mths_since_recent_bc_dlq,-0.08976046713606795,0.08976046713606795,0.053452195761061076,0.003137939343701434,3.3252203811063206,76.73980781179198
mo_sin_rcnt_tl,mths_since_recent_inq,0.26117976314612223,0.26117976314612223,0.053452195761061076,0.05320449066537542,3.3252203811063206,13.0799164724074
mo_sin_rcnt_tl,mths_since_recent_revol_delinq,-0.07192765186978423,0.07192765186978423,0.053452195761061076,0.006683612077262269,3.3252203811063206,66.9785715286764
mo_sin_rcnt_tl,num_accts_ever_120_pd,-0.04167518714537305,0.04167518714537305,0.053452195761061076,0.008479117803978793,3.3252203811063206,3.3252203811063206
mo_sin_rcnt_tl,num_actv_bc_tl,-0.09243582091036685,0.09243582091036685,0.053452195761061076,0.023449703362199502,3.3252203811063206,3.3252203811063206
mo_sin_rcnt_tl,num_actv_rev_tl,-0.15573257894607018,0.15573257894607018,0.053452195761061076,0.05073392113298021,3.3252203811063206,3.3252203811063206
mo_sin_rcnt_tl,num_bc_sats,-0.13612429747795393,0.13612429747795393,0.053452195761061076,0.0042639641381768565,3.3252203811063206,2.768836920317106
mo_sin_rcnt_tl,num_bc_tl,-0.1378843253753012,0.1378843253753012,0.053452195761061076,0.015581876085390736,3.3252203811063206,3.3252203811063206
mo_sin_rcnt_tl,num_il_tl,-0.1320275281400319,0.1320275281400319,0.053452195761061076,0.01028170161323678,3.3252203811063206,3.3252203811063206
mo_sin_rcnt_tl,num_op_rev_tl,-0.20813304121116608,0.20813304121116608,0.053452195761061076,0.023613697070117696,3.3252203811063206,3.3252203811063206
mo_sin_rcnt_tl,num_rev_accts,-0.18802285086238213,0.18802285086238213,0.053452195761061076,0.02221329210148946,3.3252203811063206,3.3252203811063206
mo_sin_rcnt_tl,num_rev_tl_bal_gt_0,-0.1524433817245531,0.1524433817245531,0.053452195761061076,0.05055527066899223,3.3252203811063206,3.3252203811063206
mo_sin_rcnt_tl,num_sats,-0.23515845713065817,0.23515845713065817,0.053452195761061076,0.018432439266359544,3.3252203811063206,2.768836920317106
mo_sin_rcnt_tl,num_tl_120dpd_2m,0.008158848162018189,0.008158848162018189,0.053452195761061076,0.0022468872711697264,3.3252203811063206,7.126940451553529
mo_sin_rcnt_tl,num_tl_30dpd,0.003604667119980545,0.003604667119980545,0.053452195761061076,0.0047684994383403794,3.3252203811063206,3.3252203811063206
mo_sin_rcnt_tl,num_tl_90g_dpd_24m,0.012535385721985048,0.012535385721985048,0.053452195761061076,0.012197969067421339,3.3252203811063206,3.3252203811063206
mo_sin_rcnt_tl,num_tl_op_past_12m,-0.5012595042380148,0.5012595042380148,0.053452195761061076,0.07721411715843976,3.3252203811063206,3.3252203811063206
mo_sin_rcnt_tl,pct_tl_nvr_dlq,-0.030668580945636237,0.030668580945636237,0.053452195761061076,0.0037269775784282647,3.3252203811063206,3.3308262598044482
mo_sin_rcnt_tl,percent_bc_gt_75,0.12616911039092935,0.12616911039092935,0.053452195761061076,0.07830303392951792,3.3252203811063206,3.4307977632543993
mo_sin_rcnt_tl,pub_rec_bankruptcies,-0.06473969530224345,0.06473969530224345,0.053452195761061076,0.021686175332832822,3.3252203811063206,0.06867201405206927
mo_sin_rcnt_tl,tax_liens,-0.0052250625535272014,0.0052250625535272014,0.053452195761061076,0.013644503499620549,3.3252203811063206,0.0037372524654187356
mo_sin_rcnt_tl,tot_hi_cred_lim,-0.08074164192106024,0.08074164192106024,0.053452195761061076,0.061955101049037724,3.3252203811063206,3.3252203811063206
mo_sin_rcnt_tl,total_bal_ex_mort,-0.08929154912731785,0.08929154912731785,0.053452195761061076,0.010337636565541718,3.3252203811063206,2.3605420884701087
mo_sin_rcnt_tl,total_bc_limit,-0.02202074135672439,0.02202074135672439,0.053452195761061076,0.0727331430169503,3.3252203811063206,2.3605420884701087
mo_sin_rcnt_tl,total_il_high_credit_limit,-0.11723103412344187,0.11723103412344187,0.053452195761061076,0.012103906507566485,3.3252203811063206,3.3252203811063206
mo_sin_rcnt_tl,year_issued,0.003730278622079172,0.003730278622079172,0.053452195761061076,0.14600503649089677,3.3252203811063206,0.0
mort_acc,mths_since_recent_bc,0.05588154010352818,0.05588154010352818,0.03244640355720174,0.043584474650737046,2.3605420884701087,3.336899295060754
mort_acc,mths_since_recent_bc_dlq,-0.028228538820969547,0.028228538820969547,0.03244640355720174,0.003137939343701434,2.3605420884701087,76.73980781179198
mort_acc,mths_since_recent_inq,-0.06169551604486676,0.06169551604486676,0.03244640355720174,0.05320449066537542,2.3605420884701087,13.0799164724074
mort_acc,mths_since_recent_revol_delinq,-0.02774838937230845,0.02774838937230845,0.03244640355720174,0.006683612077262269,2.3605420884701087,66.9785715286764
mort_acc,num_accts_ever_120_pd,0.061476706625003784,0.061476706625003784,0.03244640355720174,0.008479117803978793,2.3605420884701087,3.3252203811063206
mort_acc,num_actv_bc_tl,0.03930782584804517,0.03930782584804517,0.03244640355720174,0.023449703362199502,2.3605420884701087,3.3252203811063206
mort_acc,num_actv_rev_tl,0.05985621840459037,0.05985621840459037,0.03244640355720174,0.05073392113298021,2.3605420884701087,3.3252203811063206
mort_acc,num_bc_sats,0.07341661577412882,0.07341661577412882,0.03244640355720174,0.0042639641381768565,2.3605420884701087,2.768836920317106
mort_acc,num_bc_tl,0.19282210931754332,0.19282210931754332,0.03244640355720174,0.015581876085390736,2.3605420884701087,3.3252203811063206
mort_acc,num_il_tl,0.09582981584506917,0.09582981584506917,0.03244640355720174,0.01028170161323678,2.3605420884701087,3.3252203811063206
mort_acc,num_op_rev_tl,0.0827180774361468,0.0827180774361468,0.03244640355720174,0.023613697070117696,2.3605420884701087,3.3252203811063206
mort_acc,num_rev_accts,0.22278777785025994,0.22278777785025994,0.03244640355720174,0.02221329210148946,2.3605420884701087,3.3252203811063206
mort_acc,num_rev_tl_bal_gt_0,0.05836471850234573,0.05836471850234573,0.03244640355720174,0.05055527066899223,2.3605420884701087,3.3252203811063206
mort_acc,num_sats,0.13015905496259192,0.13015905496259192,0.03244640355720174,0.018432439266359544,2.3605420884701087,2.768836920317106
mort_acc,num_tl_120dpd_2m,0.008107931207836646,0.008107931207836646,0.03244640355720174,0.0022468872711697264,2.3605420884701087,7.126940451553529
mort_acc,num_tl_30dpd,0.01987863535700047,0.01987863535700047,0.03244640355720174,0.0047684994383403794,2.3605420884701087,3.3252203811063206
mort_acc,num_tl_90g_dpd_24m,0.03445425682331112,0.03445425682331112,0.03244640355720174,0.012197969067421339,2.3605420884701087,3.3252203811063206
mort_acc,num_tl_op_past_12m,0.06564375398285034,0.06564375398285034,0.03244640355720174,0.07721411715843976,2.3605420884701087,3.3252203811063206
mort_acc,pct_tl_nvr_dlq,-0.030792866348242763,0.030792866348242763,0.03244640355720174,0.0037269775784282647,2.3605420884701087,3.3308262598044482
mort_acc,percent_bc_gt_75,0.017120151399552086,0.017120151399552086,0.03244640355720174,0.07830303392951792,2.3605420884701087,3.4307977632543993
mort_acc,pub_rec_bankruptcies,-0.007989617920404287,0.007989617920404287,0.03244640355720174,0.021686175332832822,2.3605420884701087,0.06867201405206927
mort_acc,tax_liens,-0.011345549230716514,0.011345549230716514,0.03244640355720174,0.013644503499620549,2.3605420884701087,0.0037372524654187356
mort_acc,tot_hi_cred_lim,0.5403683520396055,0.5403683520396055,0.03244640355720174,0.061955101049037724,2.3605420884701087,3.3252203811063206
mort_acc,total_bal_ex_mort,0.16042596524751307,0.16042596524751307,0.03244640355720174,0.010337636565541718,2.3605420884701087,2.3605420884701087
mort_acc,total_bc_limit,0.2043877366046836,0.2043877366046836,0.03244640355720174,0.0727331430169503,2.3605420884701087,2.3605420884701087
mort_acc,total_il_high_credit_limit,0.12059451068737385,0.12059451068737385,0.03244640355720174,0.012103906507566485,2.3605420884701087,3.3252203811063206
mort_acc,year_issued,-0.10337860999413286,0.10337860999413286,0.03244640355720174,0.14600503649089677,2.3605420884701087,0.0
mths_since_recent_bc,mths_since_recent_bc_dlq,-0.09204960800322769,0.09204960800322769,0.043584474650737046,0.003137939343701434,3.336899295060754,76.73980781179198
mths_since_recent_bc,mths_since_recent_inq,0.08865687118573166,0.08865687118573166,0.043584474650737046,0.05320449066537542,3.336899295060754,13.0799164724074
mths_since_recent_bc,mths_since_recent_revol_delinq,-0.07984277291141946,0.07984277291141946,0.043584474650737046,0.006683612077262269,3.336899295060754,66.9785715286764
mths_since_recent_bc,num_accts_ever_120_pd,-0.013373232374520861,0.013373232374520861,0.043584474650737046,0.008479117803978793,3.336899295060754,3.3252203811063206
mths_since_recent_bc,num_actv_bc_tl,-0.25280634512098793,0.25280634512098793,0.043584474650737046,0.023449703362199502,3.336899295060754,3.3252203811063206
mths_since_recent_bc,num_actv_rev_tl,-0.20805630714730897,0.20805630714730897,0.043584474650737046,0.05073392113298021,3.336899295060754,3.3252203811063206
mths_since_recent_bc,num_bc_sats,-0.28846670995046114,0.28846670995046114,0.043584474650737046,0.0042639641381768565,3.336899295060754,2.768836920317106
mths_since_recent_bc,num_bc_tl,-0.22986528708897208,0.22986528708897208,0.043584474650737046,0.015581876085390736,3.336899295060754,3.3252203811063206
mths_since_recent_bc,num_il_tl,-0.004983864744746762,0.004983864744746762,0.043584474650737046,0.01028170161323678,3.336899295060754,3.3252203811063206
mths_since_recent_bc,num_op_rev_tl,-0.2520014216693719,0.2520014216693719,0.043584474650737046,0.023613697070117696,3.336899295060754,3.3252203811063206
mths_since_recent_bc,num_rev_accts,-0.19286268664882955,0.19286268664882955,0.043584474650737046,0.02221329210148946,3.336899295060754,3.3252203811063206
mths_since_recent_bc,num_rev_tl_bal_gt_0,-0.2057144829984725,0.2057144829984725,0.043584474650737046,0.05055527066899223,3.336899295060754,3.3252203811063206
mths_since_recent_bc,num_sats,-0.20674792945869752,0.20674792945869752,0.043584474650737046,0.018432439266359544,3.336899295060754,2.768836920317106
mths_since_recent_bc,num_tl_120dpd_2m,0.009342198807122042,0.009342198807122042,0.043584474650737046,0.0022468872711697264,3.336899295060754,7.126940451553529
mths_since_recent_bc,num_tl_30dpd,0.009098659052075617,0.009098659052075617,0.043584474650737046,0.0047684994383403794,3.336899295060754,3.3252203811063206
mths_since_recent_bc,num_tl_90g_dpd_24m,0.02837461548019696,0.02837461548019696,0.043584474650737046,0.012197969067421339,3.336899295060754,3.3252203811063206
mths_since_recent_bc,num_tl_op_past_12m,-0.30794257623308124,0.30794257623308124,0.043584474650737046,0.07721411715843976,3.336899295060754,3.3252203811063206
mths_since_recent_bc,pct_tl_nvr_dlq,-0.05895671347536124,0.05895671347536124,0.043584474650737046,0.0037269775784282647,3.336899295060754,3.3308262598044482
mths_since_recent_bc,percent_bc_gt_75,0.15469286841474408,0.15469286841474408,0.043584474650737046,0.07830303392951792,3.336899295060754,3.4307977632543993
mths_since_recent_bc,pub_rec_bankruptcies,-0.06178206032892248,0.06178206032892248,0.043584474650737046,0.021686175332832822,3.336899295060754,0.06867201405206927
mths_since_recent_bc,tax_liens,0.0008994356904438571,0.0008994356904438571,0.043584474650737046,0.013644503499620549,3.336899295060754,0.0037372524654187356
mths_since_recent_bc,tot_hi_cred_lim,0.03878381079836736,0.03878381079836736,0.043584474650737046,0.061955101049037724,3.336899295060754,3.3252203811063206
mths_since_recent_bc,total_bal_ex_mort,0.019027066344060435,0.019027066344060435,0.043584474650737046,0.010337636565541718,3.336899295060754,2.3605420884701087
mths_since_recent_bc,total_bc_limit,-0.09254310611047666,0.09254310611047666,0.043584474650737046,0.0727331430169503,3.336899295060754,2.3605420884701087
mths_since_recent_bc,total_il_high_credit_limit,0.011167320707907952,0.011167320707907952,0.043584474650737046,0.012103906507566485,3.336899295060754,3.3252203811063206
mths_since_recent_bc,year_issued,-0.007234574215055723,0.007234574215055723,0.043584474650737046,0.14600503649089677,3.336899295060754,0.0
mths_since_recent_bc_dlq,mths_since_recent_inq,-0.018819439762327632,0.018819439762327632,0.003137939343701434,0.05320449066537542,76.73980781179198,13.0799164724074
mths_since_recent_bc_dlq,mths_since_recent_revol_delinq,0.886478800192587,0.886478800192587,0.003137939343701434,0.006683612077262269,76.73980781179198,66.9785715286764
mths_since_recent_bc_dlq,num_accts_ever_120_pd,0.1538284427762345,0.1538284427762345,0.003137939343701434,0.008479117803978793,76.73980781179198,3.3252203811063206
mths_since_recent_bc_dlq,num_actv_bc_tl,-0.014372126384821717,0.014372126384821717,0.003137939343701434,0.023449703362199502,76.73980781179198,3.3252203811063206
mths_since_recent_bc_dlq,num_actv_rev_tl,0.022297639617981004,0.022297639617981004,0.003137939343701434,0.05073392113298021,76.73980781179198,3.3252203811063206
mths_since_recent_bc_dlq,num_bc_sats,-0.0387258692762457,0.0387258692762457,0.003137939343701434,0.0042639641381768565,76.73980781179198,2.768836920317106
mths_since_recent_bc_dlq,num_bc_tl,0.016810750746415224,0.016810750746415224,0.003137939343701434,0.015581876085390736,76.73980781179198,3.3252203811063206
mths_since_recent_bc_dlq,num_il_tl,0.009834166360694327,0.009834166360694327,0.003137939343701434,0.01028170161323678,76.73980781179198,3.3252203811063206
mths_since_recent_bc_dlq,num_op_rev_tl,0.0013523946875322185,0.0013523946875322185,0.003137939343701434,0.023613697070117696,76.73980781179198,3.3252203811063206
mths_since_recent_bc_dlq,num_rev_accts,0.013152393333868957,0.013152393333868957,0.003137939343701434,0.02221329210148946,76.73980781179198,3.3252203811063206
mths_since_recent_bc_dlq,num_rev_tl_bal_gt_0,0.022935024318197758,0.022935024318197758,0.003137939343701434,0.05055527066899223,76.73980781179198,3.3252203811063206
mths_since_recent_bc_dlq,num_sats,-0.00958076621597161,0.00958076621597161,0.003137939343701434,0.018432439266359544,76.73980781179198,2.768836920317106
mths_since_recent_bc_dlq,num_tl_120dpd_2m,-0.03552206962356046,0.03552206962356046,0.003137939343701434,0.0022468872711697264,76.73980781179198,7.126940451553529
mths_since_recent_bc_dlq,num_tl_30dpd,-0.09471977979679003,0.09471977979679003,0.003137939343701434,0.0047684994383403794,76.73980781179198,3.3252203811063206
mths_since_recent_bc_dlq,num_tl_90g_dpd_24m,-0.16110719595999534,0.16110719595999534,0.003137939343701434,0.012197969067421339,76.73980781179198,3.3252203811063206
mths_since_recent_bc_dlq,num_tl_op_past_12m,0.1187270461003241,0.1187270461003241,0.003137939343701434,0.07721411715843976,76.73980781179198,3.3252203811063206
mths_since_recent_bc_dlq,pct_tl_nvr_dlq,0.08009446980425901,0.08009446980425901,0.003137939343701434,0.0037269775784282647,76.73980781179198,3.3308262598044482
mths_since_recent_bc_dlq,percent_bc_gt_75,0.025653350902155828,0.025653350902155828,0.003137939343701434,0.07830303392951792,76.73980781179198,3.4307977632543993
mths_since_recent_bc_dlq,pub_rec_bankruptcies,0.10614788765150601,0.10614788765150601,0.003137939343701434,0.021686175332832822,76.73980781179198,0.06867201405206927
mths_since_recent_bc_dlq,tax_liens,0.0024366482150215887,0.0024366482150215887,0.003137939343701434,0.013644503499620549,76.73980781179198,0.0037372524654187356
mths_since_recent_bc_dlq,tot_hi_cred_lim,-0.05639201735912707,0.05639201735912707,0.003137939343701434,0.061955101049037724,76.73980781179198,3.3252203811063206
mths_since_recent_bc_dlq,total_bal_ex_mort,-0.016720587729195054,0.016720587729195054,0.003137939343701434,0.010337636565541718,76.73980781179198,2.3605420884701087
mths_since_recent_bc_dlq,total_bc_limit,-0.06816882252439524,0.06816882252439524,0.003137939343701434,0.0727331430169503,76.73980781179198,2.3605420884701087
mths_since_recent_bc_dlq,total_il_high_credit_limit,-0.019751659243621603,0.019751659243621603,0.003137939343701434,0.012103906507566485,76.73980781179198,3.3252203811063206
mths_since_recent_bc_dlq,year_issued,-0.008650774672379352,0.008650774672379352,0.003137939343701434,0.14600503649089677,76.73980781179198,0.0
mths_since_recent_inq,mths_since_recent_revol_delinq,-0.01769374522158647,0.01769374522158647,0.05320449066537542,0.006683612077262269,13.0799164724074,66.9785715286764
mths_since_recent_inq,num_accts_ever_120_pd,-0.04853927287027353,0.04853927287027353,0.05320449066537542,0.008479117803978793,13.0799164724074,3.3252203811063206
mths_since_recent_inq,num_actv_bc_tl,-0.03058195049942483,0.03058195049942483,0.05320449066537542,0.023449703362199502,13.0799164724074,3.3252203811063206
mths_since_recent_inq,num_actv_rev_tl,-0.06372048360316289,0.06372048360316289,0.05320449066537542,0.05073392113298021,13.0799164724074,3.3252203811063206
mths_since_recent_inq,num_bc_sats,-0.07064011405371744,0.07064011405371744,0.05320449066537542,0.0042639641381768565,13.0799164724074,2.768836920317106
mths_since_recent_inq,num_bc_tl,-0.08393746326454203,0.08393746326454203,0.05320449066537542,0.015581876085390736,13.0799164724074,3.3252203811063206
mths_since_recent_inq,num_il_tl,-0.0762970921164305,0.0762970921164305,0.05320449066537542,0.01028170161323678,13.0799164724074,3.3252203811063206
mths_since_recent_inq,num_op_rev_tl,-0.09455835815328888,0.09455835815328888,0.05320449066537542,0.023613697070117696,13.0799164724074,3.3252203811063206
mths_since_recent_inq,num_rev_accts,-0.10518865493011718,0.10518865493011718,0.05320449066537542,0.02221329210148946,13.0799164724074,3.3252203811063206
mths_since_recent_inq,num_rev_tl_bal_gt_0,-0.05511963656575526,0.05511963656575526,0.05320449066537542,0.05055527066899223,13.0799164724074,3.3252203811063206
mths_since_recent_inq,num_sats,-0.1030750538019289,0.1030750538019289,0.05320449066537542,0.018432439266359544,13.0799164724074,2.768836920317106
mths_since_recent_inq,num_tl_120dpd_2m,0.004775406589559475,0.004775406589559475,0.05320449066537542,0.0022468872711697264,13.0799164724074,7.126940451553529
mths_since_recent_inq,num_tl_30dpd,0.006782593478602449,0.006782593478602449,0.05320449066537542,0.0047684994383403794,13.0799164724074,3.3252203811063206
mths_since_recent_inq,num_tl_90g_dpd_24m,-0.021730686829049092,0.021730686829049092,0.05320449066537542,0.012197969067421339,13.0799164724074,3.3252203811063206
mths_since_recent_inq,num_tl_op_past_12m,-0.2928199951753186,0.2928199951753186,0.05320449066537542,0.07721411715843976,13.0799164724074,3.3252203811063206
mths_since_recent_inq,pct_tl_nvr_dlq,0.028578554672350816,0.028578554672350816,0.05320449066537542,0.0037269775784282647,13.0799164724074,3.3308262598044482
mths_since_recent_inq,percent_bc_gt_75,0.08087703743464107,0.08087703743464107,0.05320449066537542,0.07830303392951792,13.0799164724074,3.4307977632543993
mths_since_recent_inq,pub_rec_bankruptcies,-0.05318446751175807,0.05318446751175807,0.05320449066537542,0.021686175332832822,13.0799164724074,0.06867201405206927
mths_since_recent_inq,tax_liens,-0.015211918778797453,0.015211918778797453,0.05320449066537542,0.013644503499620549,13.0799164724074,0.0037372524654187356
mths_since_recent_inq,tot_hi_cred_lim,-0.05757981021175884,0.05757981021175884,0.05320449066537542,0.061955101049037724,13.0799164724074,3.3252203811063206
mths_since_recent_inq,total_bal_ex_mort,-0.05133483867486392,0.05133483867486392,0.05320449066537542,0.010337636565541718,13.0799164724074,2.3605420884701087
mths_since_recent_inq,total_bc_limit,6.677299746236745e-05,6.677299746236745e-05,0.05320449066537542,0.0727331430169503,13.0799164724074,2.3605420884701087
mths_since_recent_inq,total_il_high_credit_limit,-0.06171846484786668,0.06171846484786668,0.05320449066537542,0.012103906507566485,13.0799164724074,3.3252203811063206
mths_since_recent_inq,year_issued,0.028568157424750103,0.028568157424750103,0.05320449066537542,0.14600503649089677,13.0799164724074,0.0
mths_since_recent_revol_delinq,num_accts_ever_120_pd,0.13952310314094402,0.13952310314094402,0.006683612077262269,0.008479117803978793,66.9785715286764,3.3252203811063206
mths_since_recent_revol_delinq,num_actv_bc_tl,0.007256429760328219,0.007256429760328219,0.006683612077262269,0.023449703362199502,66.9785715286764,3.3252203811063206
mths_since_recent_revol_delinq,num_actv_rev_tl,-0.007857775809229894,0.007857775809229894,0.006683612077262269,0.05073392113298021,66.9785715286764,3.3252203811063206
mths_since_recent_revol_delinq,num_bc_sats,-0.010876167593271178,0.010876167593271178,0.006683612077262269,0.0042639641381768565,66.9785715286764,2.768836920317106
mths_since_recent_revol_delinq,num_bc_tl,0.01963506772156704,0.01963506772156704,0.006683612077262269,0.015581876085390736,66.9785715286764,3.3252203811063206
mths_since_recent_revol_delinq,num_il_tl,0.008932992176796937,0.008932992176796937,0.006683612077262269,0.01028170161323678,66.9785715286764,3.3252203811063206
mths_since_recent_revol_delinq,num_op_rev_tl,-0.04078262554391509,0.04078262554391509,0.006683612077262269,0.023613697070117696,66.9785715286764,3.3252203811063206
mths_since_recent_revol_delinq,num_rev_accts,-0.022401682369067442,0.022401682369067442,0.006683612077262269,0.02221329210148946,66.9785715286764,3.3252203811063206
mths_since_recent_revol_delinq,num_rev_tl_bal_gt_0,-0.009061540587591557,0.009061540587591557,0.006683612077262269,0.05055527066899223,66.9785715286764,3.3252203811063206
mths_since_recent_revol_delinq,num_sats,-0.04473768141498524,0.04473768141498524,0.006683612077262269,0.018432439266359544,66.9785715286764,2.768836920317106
mths_since_recent_revol_delinq,num_tl_120dpd_2m,-0.03661430995871299,0.03661430995871299,0.006683612077262269,0.0022468872711697264,66.9785715286764,7.126940451553529
mths_since_recent_revol_delinq,num_tl_30dpd,-0.10277272793917029,0.10277272793917029,0.006683612077262269,0.0047684994383403794,66.9785715286764,3.3252203811063206
mths_since_recent_revol_delinq,num_tl_90g_dpd_24m,-0.14345144468782287,0.14345144468782287,0.006683612077262269,0.012197969067421339,66.9785715286764,3.3252203811063206
mths_since_recent_revol_delinq,num_tl_op_past_12m,0.1056956746001469,0.1056956746001469,0.006683612077262269,0.07721411715843976,66.9785715286764,3.3252203811063206
mths_since_recent_revol_delinq,pct_tl_nvr_dlq,0.09190336300295095,0.09190336300295095,0.006683612077262269,0.0037269775784282647,66.9785715286764,3.3308262598044482
mths_since_recent_revol_delinq,percent_bc_gt_75,0.022402964682567982,0.022402964682567982,0.006683612077262269,0.07830303392951792,66.9785715286764,3.4307977632543993
mths_since_recent_revol_delinq,pub_rec_bankruptcies,0.09868693415290213,0.09868693415290213,0.006683612077262269,0.021686175332832822,66.9785715286764,0.06867201405206927
mths_since_recent_revol_delinq,tax_liens,0.0011811583466577915,0.0011811583466577915,0.006683612077262269,0.013644503499620549,66.9785715286764,0.0037372524654187356
mths_since_recent_revol_delinq,tot_hi_cred_lim,-0.058292657174543835,0.058292657174543835,0.006683612077262269,0.061955101049037724,66.9785715286764,3.3252203811063206
mths_since_recent_revol_delinq,total_bal_ex_mort,-0.01699901299822024,0.01699901299822024,0.006683612077262269,0.010337636565541718,66.9785715286764,2.3605420884701087
mths_since_recent_revol_delinq,total_bc_limit,-0.046470536754986844,0.046470536754986844,0.006683612077262269,0.0727331430169503,66.9785715286764,2.3605420884701087
mths_since_recent_revol_delinq,total_il_high_credit_limit,-0.019476813364224594,0.019476813364224594,0.006683612077262269,0.012103906507566485,66.9785715286764,3.3252203811063206
mths_since_recent_revol_delinq,year_issued,0.011501814614082997,0.011501814614082997,0.006683612077262269,0.14600503649089677,66.9785715286764,0.0
num_accts_ever_120_pd,num_actv_bc_tl,-0.058559620214532135,0.058559620214532135,0.008479117803978793,0.023449703362199502,3.3252203811063206,3.3252203811063206
num_accts_ever_120_pd,num_actv_rev_tl,-0.03163151994538604,0.03163151994538604,0.008479117803978793,0.05073392113298021,3.3252203811063206,3.3252203811063206
num_accts_ever_120_pd,num_bc_sats,-0.07124107667839917,0.07124107667839917,0.008479117803978793,0.0042639641381768565,3.3252203811063206,2.768836920317106
num_accts_ever_120_pd,num_bc_tl,0.05666395835937273,0.05666395835937273,0.008479117803978793,0.015581876085390736,3.3252203811063206,3.3252203811063206
num_accts_ever_120_pd,num_il_tl,0.13864491997213607,0.13864491997213607,0.008479117803978793,0.01028170161323678,3.3252203811063206,3.3252203811063206
num_accts_ever_120_pd,num_op_rev_tl,-0.024508099953021934,0.024508099953021934,0.008479117803978793,0.023613697070117696,3.3252203811063206,3.3252203811063206
num_accts_ever_120_pd,num_rev_accts,0.073867148335996,0.073867148335996,0.008479117803978793,0.02221329210148946,3.3252203811063206,3.3252203811063206
num_accts_ever_120_pd,num_rev_tl_bal_gt_0,-0.026041491954367574,0.026041491954367574,0.008479117803978793,0.05055527066899223,3.3252203811063206,3.3252203811063206
num_accts_ever_120_pd,num_sats,0.02216548324422925,0.02216548324422925,0.008479117803978793,0.018432439266359544,3.3252203811063206,2.768836920317106
num_accts_ever_120_pd,num_tl_120dpd_2m,0.041147767619187585,0.041147767619187585,0.008479117803978793,0.0022468872711697264,3.3252203811063206,7.126940451553529
num_accts_ever_120_pd,num_tl_30dpd,-0.0028952350061940187,0.0028952350061940187,0.008479117803978793,0.0047684994383403794,3.3252203811063206,3.3252203811063206
num_accts_ever_120_pd,num_tl_90g_dpd_24m,0.31948641287186574,0.31948641287186574,0.008479117803978793,0.012197969067421339,3.3252203811063206,3.3252203811063206
num_accts_ever_120_pd,num_tl_op_past_12m,0.08221283646429678,0.08221283646429678,0.008479117803978793,0.07721411715843976,3.3252203811063206,3.3252203811063206
num_accts_ever_120_pd,pct_tl_nvr_dlq,-0.5769970025383206,0.5769970025383206,0.008479117803978793,0.0037269775784282647,3.3252203811063206,3.3308262598044482
num_accts_ever_120_pd,percent_bc_gt_75,-0.0254837676366663,0.0254837676366663,0.008479117803978793,0.07830303392951792,3.3252203811063206,3.4307977632543993
num_accts_ever_120_pd,pub_rec_bankruptcies,-0.03064964358869813,0.03064964358869813,0.008479117803978793,0.021686175332832822,3.3252203811063206,0.06867201405206927
num_accts_ever_120_pd,tax_liens,0.006367993529367415,0.006367993529367415,0.008479117803978793,0.013644503499620549,3.3252203811063206,0.0037372524654187356
num_accts_ever_120_pd,tot_hi_cred_lim,0.007516091856292334,0.007516091856292334,0.008479117803978793,0.061955101049037724,3.3252203811063206,3.3252203811063206
num_accts_ever_120_pd,total_bal_ex_mort,0.022479973423980983,0.022479973423980983,0.008479117803978793,0.010337636565541718,3.3252203811063206,2.3605420884701087
num_accts_ever_120_pd,total_bc_limit,-0.1293810549229979,0.1293810549229979,0.008479117803978793,0.0727331430169503,3.3252203811063206,2.3605420884701087
num_accts_ever_120_pd,total_il_high_credit_limit,0.050824805357250084,0.050824805357250084,0.008479117803978793,0.012103906507566485,3.3252203811063206,3.3252203811063206
num_accts_ever_120_pd,year_issued,0.01689990706381649,0.01689990706381649,0.008479117803978793,0.14600503649089677,3.3252203811063206,0.0
num_actv_bc_tl,num_actv_rev_tl,0.8200272283019582,0.8200272283019582,0.023449703362199502,0.05073392113298021,3.3252203811063206,3.3252203811063206
num_actv_bc_tl,num_bc_sats,0.8386822519347517,0.8386822519347517,0.023449703362199502,0.0042639641381768565,3.3252203811063206,2.768836920317106
num_actv_bc_tl,num_bc_tl,0.6066053512289775,0.6066053512289775,0.023449703362199502,0.015581876085390736,3.3252203811063206,3.3252203811063206
num_actv_bc_tl,num_il_tl,-0.020702234448766912,0.020702234448766912,0.023449703362199502,0.01028170161323678,3.3252203811063206,3.3252203811063206
num_actv_bc_tl,num_op_rev_tl,0.6690895492033513,0.6690895492033513,0.023449703362199502,0.023613697070117696,3.3252203811063206,3.3252203811063206
num_actv_bc_tl,num_rev_accts,0.4695781014393768,0.4695781014393768,0.023449703362199502,0.02221329210148946,3.3252203811063206,3.3252203811063206
num_actv_bc_tl,num_rev_tl_bal_gt_0,0.8132592430671445,0.8132592430671445,0.023449703362199502,0.05055527066899223,3.3252203811063206,3.3252203811063206
num_actv_bc_tl,num_sats,0.5591707368330963,0.5591707368330963,0.023449703362199502,0.018432439266359544,3.3252203811063206,2.768836920317106
num_actv_bc_tl,num_tl_120dpd_2m,-0.0024444449537290407,0.0024444449537290407,0.023449703362199502,0.0022468872711697264,3.3252203811063206,7.126940451553529
num_actv_bc_tl,num_tl_30dpd,-0.005000609955989206,0.005000609955989206,0.023449703362199502,0.0047684994383403794,3.3252203811063206,3.3252203811063206
num_actv_bc_tl,num_tl_90g_dpd_24m,-0.03449394833826989,0.03449394833826989,0.023449703362199502,0.012197969067421339,3.3252203811063206,3.3252203811063206
num_actv_bc_tl,num_tl_op_past_12m,0.1696532727574686,0.1696532727574686,0.023449703362199502,0.07721411715843976,3.3252203811063206,3.3252203811063206
num_actv_bc_tl,pct_tl_nvr_dlq,0.13289298232178778,0.13289298232178778,0.023449703362199502,0.0037269775784282647,3.3252203811063206,3.3308262598044482
num_actv_bc_tl,percent_bc_gt_75,0.026620973666434056,0.026620973666434056,0.023449703362199502,0.07830303392951792,3.3252203811063206,3.4307977632543993
num_actv_bc_tl,pub_rec_bankruptcies,-0.05955267950564607,0.05955267950564607,0.023449703362199502,0.021686175332832822,3.3252203811063206,0.06867201405206927
num_actv_bc_tl,tax_liens,0.007741440035094583,0.007741440035094583,0.023449703362199502,0.013644503499620549,3.3252203811063206,0.0037372524654187356
num_actv_bc_tl,tot_hi_cred_lim,0.14149877503424518,0.14149877503424518,0.023449703362199502,0.061955101049037724,3.3252203811063206,3.3252203811063206
num_actv_bc_tl,total_bal_ex_mort,0.15672593774777716,0.15672593774777716,0.023449703362199502,0.010337636565541718,3.3252203811063206,2.3605420884701087
num_actv_bc_tl,total_bc_limit,0.4875324057076282,0.4875324057076282,0.023449703362199502,0.0727331430169503,3.3252203811063206,2.3605420884701087
num_actv_bc_tl,total_il_high_credit_limit,0.0414112390722175,0.0414112390722175,0.023449703362199502,0.012103906507566485,3.3252203811063206,3.3252203811063206
num_actv_bc_tl,year_issued,-0.006240193385308708,0.006240193385308708,0.023449703362199502,0.14600503649089677,3.3252203811063206,0.0
num_actv_rev_tl,num_bc_sats,0.6800197207102432,0.6800197207102432,0.05073392113298021,0.0042639641381768565,3.3252203811063206,2.768836920317106
num_actv_rev_tl,num_bc_tl,0.5074461523337728,0.5074461523337728,0.05073392113298021,0.015581876085390736,3.3252203811063206,3.3252203811063206
num_actv_rev_tl,num_il_tl,0.01270581312825103,0.01270581312825103,0.05073392113298021,0.01028170161323678,3.3252203811063206,3.3252203811063206
num_actv_rev_tl,num_op_rev_tl,0.7998492917529479,0.7998492917529479,0.05073392113298021,0.023613697070117696,3.3252203811063206,3.3252203811063206
num_actv_rev_tl,num_rev_accts,0.5924845463773667,0.5924845463773667,0.05073392113298021,0.02221329210148946,3.3252203811063206,3.3252203811063206
num_actv_rev_tl,num_rev_tl_bal_gt_0,0.9823524625642003,0.9823524625642003,0.05073392113298021,0.05055527066899223,3.3252203811063206,3.3252203811063206
num_actv_rev_tl,num_sats,0.6694556881373221,0.6694556881373221,0.05073392113298021,0.018432439266359544,3.3252203811063206,2.768836920317106
num_actv_rev_tl,num_tl_120dpd_2m,-0.002657342103300602,0.002657342103300602,0.05073392113298021,0.0022468872711697264,3.3252203811063206,7.126940451553529
num_actv_rev_tl,num_tl_30dpd,0.004528715956155367,0.004528715956155367,0.05073392113298021,0.0047684994383403794,3.3252203811063206,3.3252203811063206
num_actv_rev_tl,num_tl_90g_dpd_24m,-0.01987401543202342,0.01987401543202342,0.05073392113298021,0.012197969067421339,3.3252203811063206,3.3252203811063206
num_actv_rev_tl,num_tl_op_past_12m,0.26491197762975877,0.26491197762975877,0.05073392113298021,0.07721411715843976,3.3252203811063206,3.3252203811063206
num_actv_rev_tl,pct_tl_nvr_dlq,0.10140055574735327,0.10140055574735327,0.05073392113298021,0.0037269775784282647,3.3252203811063206,3.3308262598044482
num_actv_rev_tl,percent_bc_gt_75,0.09003151959728287,0.09003151959728287,0.05073392113298021,0.07830303392951792,3.3252203811063206,3.4307977632543993
num_actv_rev_tl,pub_rec_bankruptcies,-0.010969027921029833,0.010969027921029833,0.05073392113298021,0.021686175332832822,3.3252203811063206,0.06867201405206927
num_actv_rev_tl,tax_liens,0.0030236973183842566,0.0030236973183842566,0.05073392113298021,0.013644503499620549,3.3252203811063206,0.0037372524654187356
num_actv_rev_tl,tot_hi_cred_lim,0.13128395914406318,0.13128395914406318,0.05073392113298021,0.061955101049037724,3.3252203811063206,3.3252203811063206
num_actv_rev_tl,total_bal_ex_mort,0.15454510669216343,0.15454510669216343,0.05073392113298021,0.010337636565541718,3.3252203811063206,2.3605420884701087
num_actv_rev_tl,total_bc_limit,0.3092448212845236,0.3092448212845236,0.05073392113298021,0.0727331430169503,3.3252203811063206,2.3605420884701087
num_actv_rev_tl,total_il_high_credit_limit,0.03974077998323797,0.03974077998323797,0.05073392113298021,0.012103906507566485,3.3252203811063206,3.3252203811063206
num_actv_rev_tl,year_issued,-0.03613057876994639,0.03613057876994639,0.05073392113298021,0.14600503649089677,3.3252203811063206,0.0
num_bc_sats,num_bc_tl,0.7450088658349024,0.7450088658349024,0.0042639641381768565,0.015581876085390736,2.768836920317106,3.3252203811063206
num_bc_sats,num_il_tl,-0.005289622734214413,0.005289622734214413,0.0042639641381768565,0.01028170161323678,2.768836920317106,3.3252203811063206
num_bc_sats,num_op_rev_tl,0.7617282471456154,0.7617282471456154,0.0042639641381768565,0.023613697070117696,2.768836920317106,3.3252203811063206
num_bc_sats,num_rev_accts,0.5938536189397692,0.5938536189397692,0.0042639641381768565,0.02221329210148946,2.768836920317106,3.3252203811063206
num_bc_sats,num_rev_tl_bal_gt_0,0.6600734421908835,0.6600734421908835,0.0042639641381768565,0.05055527066899223,2.768836920317106,3.3252203811063206
num_bc_sats,num_sats,0.6372386872595872,0.6372386872595872,0.0042639641381768565,0.018432439266359544,2.768836920317106,2.768836920317106
num_bc_sats,num_tl_120dpd_2m,-0.0006803409185003965,0.0006803409185003965,0.0042639641381768565,0.0022468872711697264,2.768836920317106,7.126940451553529
num_bc_sats,num_tl_30dpd,-0.0034421029387093935,0.0034421029387093935,0.0042639641381768565,0.0047684994383403794,2.768836920317106,3.3252203811063206
num_bc_sats,num_tl_90g_dpd_24m,-0.026437789080959895,0.026437789080959895,0.0042639641381768565,0.012197969067421339,2.768836920317106,3.3252203811063206
num_bc_sats,num_tl_op_past_12m,0.24745234503966976,0.24745234503966976,0.0042639641381768565,0.07721411715843976,2.768836920317106,3.3252203811063206
num_bc_sats,pct_tl_nvr_dlq,0.15076416385143637,0.15076416385143637,0.0042639641381768565,0.0037269775784282647,2.768836920317106,3.3308262598044482
num_bc_sats,percent_bc_gt_75,-0.16573159069717447,0.16573159069717447,0.0042639641381768565,0.07830303392951792,2.768836920317106,3.4307977632543993
num_bc_sats,pub_rec_bankruptcies,-0.05354515049392766,0.05354515049392766,0.0042639641381768565,0.021686175332832822,2.768836920317106,0.06867201405206927
num_bc_sats,tax_liens,0.001401758637071109,0.001401758637071109,0.0042639641381768565,0.013644503499620549,2.768836920317106,0.0037372524654187356
num_bc_sats,tot_hi_cred_lim,0.18163096427560654,0.18163096427560654,0.0042639641381768565,0.061955101049037724,2.768836920317106,3.3252203811063206
num_bc_sats,total_bal_ex_mort,0.1487597380022293,0.1487597380022293,0.0042639641381768565,0.010337636565541718,2.768836920317106,2.3605420884701087
num_bc_sats,total_bc_limit,0.618346738349384,0.618346738349384,0.0042639641381768565,0.0727331430169503,2.768836920317106,2.3605420884701087
num_bc_sats,total_il_high_credit_limit,0.05511549960174679,0.05511549960174679,0.0042639641381768565,0.012103906507566485,2.768836920317106,3.3252203811063206
num_bc_sats,year_issued,0.02985485824865013,0.02985485824865013,0.0042639641381768565,0.14600503649089677,2.768836920317106,0.0
num_bc_tl,num_il_tl,0.04688990896063755,0.04688990896063755,0.015581876085390736,0.01028170161323678,3.3252203811063206,3.3252203811063206
num_bc_tl,num_op_rev_tl,0.6486027267717414,0.6486027267717414,0.015581876085390736,0.023613697070117696,3.3252203811063206,3.3252203811063206
num_bc_tl,num_rev_accts,0.8396905974443114,0.8396905974443114,0.015581876085390736,0.02221329210148946,3.3252203811063206,3.3252203811063206
num_bc_tl,num_rev_tl_bal_gt_0,0.506777806924485,0.506777806924485,0.015581876085390736,0.05055527066899223,3.3252203811063206,3.3252203811063206
num_bc_tl,num_sats,0.5390695874520055,0.5390695874520055,0.015581876085390736,0.018432439266359544,3.3252203811063206,2.768836920317106
num_bc_tl,num_tl_120dpd_2m,0.005347725023164649,0.005347725023164649,0.015581876085390736,0.0022468872711697264,3.3252203811063206,7.126940451553529
num_bc_tl,num_tl_30dpd,0.010689374379591839,0.010689374379591839,0.015581876085390736,0.0047684994383403794,3.3252203811063206,3.3252203811063206
num_bc_tl,num_tl_90g_dpd_24m,0.013139277840261164,0.013139277840261164,0.015581876085390736,0.012197969067421339,3.3252203811063206,3.3252203811063206
num_bc_tl,num_tl_op_past_12m,0.2393527893072933,0.2393527893072933,0.015581876085390736,0.07721411715843976,3.3252203811063206,3.3252203811063206
num_bc_tl,pct_tl_nvr_dlq,0.06110714840205736,0.06110714840205736,0.015581876085390736,0.0037269775784282647,3.3252203811063206,3.3308262598044482
num_bc_tl,percent_bc_gt_75,-0.139118334552122,0.139118334552122,0.015581876085390736,0.07830303392951792,3.3252203811063206,3.4307977632543993
num_bc_tl,pub_rec_bankruptcies,0.000457486583556081,0.000457486583556081,0.015581876085390736,0.021686175332832822,3.3252203811063206,0.06867201405206927
num_bc_tl,tax_liens,-0.006613874402269225,0.006613874402269225,0.015581876085390736,0.013644503499620549,3.3252203811063206,0.0037372524654187356
num_bc_tl,tot_hi_cred_lim,0.19569802916955695,0.19569802916955695,0.015581876085390736,0.061955101049037724,3.3252203811063206,3.3252203811063206
num_bc_tl,total_bal_ex_mort,0.1344282940627376,0.1344282940627376,0.015581876085390736,0.010337636565541718,3.3252203811063206,2.3605420884701087
num_bc_tl,total_bc_limit,0.5095200156115911,0.5095200156115911,0.015581876085390736,0.0727331430169503,3.3252203811063206,2.3605420884701087
num_bc_tl,total_il_high_credit_limit,0.05754434443450857,0.05754434443450857,0.015581876085390736,0.012103906507566485,3.3252203811063206,3.3252203811063206
num_bc_tl,year_issued,-0.11844772842411003,0.11844772842411003,0.015581876085390736,0.14600503649089677,3.3252203811063206,0.0
num_il_tl,num_op_rev_tl,0.04014465317465357,0.04014465317465357,0.01028170161323678,0.023613697070117696,3.3252203811063206,3.3252203811063206
num_il_tl,num_rev_accts,0.08888404939989895,0.08888404939989895,0.01028170161323678,0.02221329210148946,3.3252203811063206,3.3252203811063206
num_il_tl,num_rev_tl_bal_gt_0,0.015985879560933086,0.015985879560933086,0.01028170161323678,0.05055527066899223,3.3252203811063206,3.3252203811063206
num_il_tl,num_sats,0.3968607182712315,0.3968607182712315,0.01028170161323678,0.018432439266359544,3.3252203811063206,2.768836920317106
num_il_tl,num_tl_120dpd_2m,0.007023746922178222,0.007023746922178222,0.01028170161323678,0.0022468872711697264,3.3252203811063206,7.126940451553529
num_il_tl,num_tl_30dpd,0.007455850285336378,0.007455850285336378,0.01028170161323678,0.0047684994383403794,3.3252203811063206,3.3252203811063206
num_il_tl,num_tl_90g_dpd_24m,0.07110051729065581,0.07110051729065581,0.01028170161323678,0.012197969067421339,3.3252203811063206,3.3252203811063206
num_il_tl,num_tl_op_past_12m,0.1849459151317389,0.1849459151317389,0.01028170161323678,0.07721411715843976,3.3252203811063206,3.3252203811063206
num_il_tl,pct_tl_nvr_dlq,-0.0018220356848823432,0.0018220356848823432,0.01028170161323678,0.0037269775784282647,3.3252203811063206,3.3308262598044482
num_il_tl,percent_bc_gt_75,0.019685946528549565,0.019685946528549565,0.01028170161323678,0.07830303392951792,3.3252203811063206,3.4307977632543993
num_il_tl,pub_rec_bankruptcies,-0.014078808367586194,0.014078808367586194,0.01028170161323678,0.021686175332832822,3.3252203811063206,0.06867201405206927
num_il_tl,tax_liens,-0.009749253974516798,0.009749253974516798,0.01028170161323678,0.013644503499620549,3.3252203811063206,0.0037372524654187356
num_il_tl,tot_hi_cred_lim,0.20479642425067363,0.20479642425067363,0.01028170161323678,0.061955101049037724,3.3252203811063206,3.3252203811063206
num_il_tl,total_bal_ex_mort,0.5073764759461168,0.5073764759461168,0.01028170161323678,0.010337636565541718,3.3252203811063206,2.3605420884701087
num_il_tl,total_bc_limit,0.010347260771865678,0.010347260771865678,0.01028170161323678,0.0727331430169503,3.3252203811063206,2.3605420884701087
num_il_tl,total_il_high_credit_limit,0.5826746078360384,0.5826746078360384,0.01028170161323678,0.012103906507566485,3.3252203811063206,3.3252203811063206
num_il_tl,year_issued,-0.0053767021897733434,0.0053767021897733434,0.01028170161323678,0.14600503649089677,3.3252203811063206,0.0
num_op_rev_tl,num_rev_accts,0.7926883998113909,0.7926883998113909,0.023613697070117696,0.02221329210148946,3.3252203811063206,3.3252203811063206
num_op_rev_tl,num_rev_tl_bal_gt_0,0.803496502346783,0.803496502346783,0.023613697070117696,0.05055527066899223,3.3252203811063206,3.3252203811063206
num_op_rev_tl,num_sats,0.8365544708043808,0.8365544708043808,0.023613697070117696,0.018432439266359544,3.3252203811063206,2.768836920317106
num_op_rev_tl,num_tl_120dpd_2m,0.0006901285916605121,0.0006901285916605121,0.023613697070117696,0.0022468872711697264,3.3252203811063206,7.126940451553529
num_op_rev_tl,num_tl_30dpd,0.01141924502611893,0.01141924502611893,0.023613697070117696,0.0047684994383403794,3.3252203811063206,3.3252203811063206
num_op_rev_tl,num_tl_90g_dpd_24m,-0.02527080802790582,0.02527080802790582,0.023613697070117696,0.012197969067421339,3.3252203811063206,3.3252203811063206
num_op_rev_tl,num_tl_op_past_12m,0.3568304580446645,0.3568304580446645,0.023613697070117696,0.07721411715843976,3.3252203811063206,3.3252203811063206
num_op_rev_tl,pct_tl_nvr_dlq,0.13990177296111483,0.13990177296111483,0.023613697070117696,0.0037269775784282647,3.3252203811063206,3.3308262598044482
num_op_rev_tl,percent_bc_gt_75,-0.13793886401310643,0.13793886401310643,0.023613697070117696,0.07830303392951792,3.3252203811063206,3.4307977632543993
num_op_rev_tl,pub_rec_bankruptcies,0.0087713443286574,0.0087713443286574,0.023613697070117696,0.021686175332832822,3.3252203811063206,0.06867201405206927
num_op_rev_tl,tax_liens,-0.0034156288747669125,0.0034156288747669125,0.023613697070117696,0.013644503499620549,3.3252203811063206,0.0037372524654187356
num_op_rev_tl,tot_hi_cred_lim,0.15711367669523213,0.15711367669523213,0.023613697070117696,0.061955101049037724,3.3252203811063206,3.3252203811063206
num_op_rev_tl,total_bal_ex_mort,0.1387380375946113,0.1387380375946113,0.023613697070117696,0.010337636565541718,3.3252203811063206,2.3605420884701087
num_op_rev_tl,total_bc_limit,0.43625395726773675,0.43625395726773675,0.023613697070117696,0.0727331430169503,3.3252203811063206,2.3605420884701087
num_op_rev_tl,total_il_high_credit_limit,0.054815354185873126,0.054815354185873126,0.023613697070117696,0.012103906507566485,3.3252203811063206,3.3252203811063206
num_op_rev_tl,year_issued,-0.0014729107134693858,0.0014729107134693858,0.023613697070117696,0.14600503649089677,3.3252203811063206,0.0
num_rev_accts,num_rev_tl_bal_gt_0,0.5895261576499875,0.5895261576499875,0.02221329210148946,0.05055527066899223,3.3252203811063206,3.3252203811063206
num_rev_accts,num_sats,0.663509503989982,0.663509503989982,0.02221329210148946,0.018432439266359544,3.3252203811063206,2.768836920317106
num_rev_accts,num_tl_120dpd_2m,0.006403009671283797,0.006403009671283797,0.02221329210148946,0.0022468872711697264,3.3252203811063206,7.126940451553529
num_rev_accts,num_tl_30dpd,0.02170969053041821,0.02170969053041821,0.02221329210148946,0.0047684994383403794,3.3252203811063206,3.3252203811063206
num_rev_accts,num_tl_90g_dpd_24m,0.026510642524461992,0.026510642524461992,0.02221329210148946,0.012197969067421339,3.3252203811063206,3.3252203811063206
num_rev_accts,num_tl_op_past_12m,0.3125751543432464,0.3125751543432464,0.02221329210148946,0.07721411715843976,3.3252203811063206,3.3252203811063206
num_rev_accts,pct_tl_nvr_dlq,0.045041458952419657,0.045041458952419657,0.02221329210148946,0.0037269775784282647,3.3252203811063206,3.3308262598044482
num_rev_accts,percent_bc_gt_75,-0.10954435657631958,0.10954435657631958,0.02221329210148946,0.07830303392951792,3.3252203811063206,3.4307977632543993
num_rev_accts,pub_rec_bankruptcies,0.04568892117316946,0.04568892117316946,0.02221329210148946,0.021686175332832822,3.3252203811063206,0.06867201405206927
num_rev_accts,tax_liens,-0.01394398154609264,0.01394398154609264,0.02221329210148946,0.013644503499620549,3.3252203811063206,0.0037372524654187356
num_rev_accts,tot_hi_cred_lim,0.19378686157384442,0.19378686157384442,0.02221329210148946,0.061955101049037724,3.3252203811063206,3.3252203811063206
num_rev_accts,total_bal_ex_mort,0.13445337563567933,0.13445337563567933,0.02221329210148946,0.010337636565541718,3.3252203811063206,2.3605420884701087
num_rev_accts,total_bc_limit,0.37491099784879717,0.37491099784879717,0.02221329210148946,0.0727331430169503,3.3252203811063206,2.3605420884701087
num_rev_accts,total_il_high_credit_limit,0.0649326233125598,0.0649326233125598,0.02221329210148946,0.012103906507566485,3.3252203811063206,3.3252203811063206
num_rev_accts,year_issued,-0.09799793053475828,0.09799793053475828,0.02221329210148946,0.14600503649089677,3.3252203811063206,0.0
num_rev_tl_bal_gt_0,num_sats,0.6738028961949137,0.6738028961949137,0.05055527066899223,0.018432439266359544,3.3252203811063206,2.768836920317106
num_rev_tl_bal_gt_0,num_tl_120dpd_2m,-0.0026095471345593943,0.0026095471345593943,0.05055527066899223,0.0022468872711697264,3.3252203811063206,7.126940451553529
num_rev_tl_bal_gt_0,num_tl_30dpd,0.00428141410067784,0.00428141410067784,0.05055527066899223,0.0047684994383403794,3.3252203811063206,3.3252203811063206
num_rev_tl_bal_gt_0,num_tl_90g_dpd_24m,-0.026221097361844473,0.026221097361844473,0.05055527066899223,0.012197969067421339,3.3252203811063206,3.3252203811063206
num_rev_tl_bal_gt_0,num_tl_op_past_12m,0.2533454982434281,0.2533454982434281,0.05055527066899223,0.07721411715843976,3.3252203811063206,3.3252203811063206
num_rev_tl_bal_gt_0,pct_tl_nvr_dlq,0.10827056329838543,0.10827056329838543,0.05055527066899223,0.0037269775784282647,3.3252203811063206,3.3308262598044482
num_rev_tl_bal_gt_0,percent_bc_gt_75,0.09497883664061732,0.09497883664061732,0.05055527066899223,0.07830303392951792,3.3252203811063206,3.4307977632543993
num_rev_tl_bal_gt_0,pub_rec_bankruptcies,-0.01805027419438827,0.01805027419438827,0.05055527066899223,0.021686175332832822,3.3252203811063206,0.06867201405206927
num_rev_tl_bal_gt_0,tax_liens,0.0036170118883452397,0.0036170118883452397,0.05055527066899223,0.013644503499620549,3.3252203811063206,0.0037372524654187356
num_rev_tl_bal_gt_0,tot_hi_cred_lim,0.13130140637117832,0.13130140637117832,0.05055527066899223,0.061955101049037724,3.3252203811063206,3.3252203811063206
num_rev_tl_bal_gt_0,total_bal_ex_mort,0.15822912276488768,0.15822912276488768,0.05055527066899223,0.010337636565541718,3.3252203811063206,2.3605420884701087
num_rev_tl_bal_gt_0,total_bc_limit,0.30764792503621496,0.30764792503621496,0.05055527066899223,0.0727331430169503,3.3252203811063206,2.3605420884701087
num_rev_tl_bal_gt_0,total_il_high_credit_limit,0.04147202676665791,0.04147202676665791,0.05055527066899223,0.012103906507566485,3.3252203811063206,3.3252203811063206
num_rev_tl_bal_gt_0,year_issued,-0.042531906702722146,0.042531906702722146,0.05055527066899223,0.14600503649089677,3.3252203811063206,0.0
num_sats,num_tl_120dpd_2m,0.0015961793942084748,0.0015961793942084748,0.018432439266359544,0.0022468872711697264,2.768836920317106,7.126940451553529
num_sats,num_tl_30dpd,0.007593555431139737,0.007593555431139737,0.018432439266359544,0.0047684994383403794,2.768836920317106,3.3252203811063206
num_sats,num_tl_90g_dpd_24m,0.008175944160207175,0.008175944160207175,0.018432439266359544,0.012197969067421339,2.768836920317106,3.3252203811063206
num_sats,num_tl_op_past_12m,0.3705296414728014,0.3705296414728014,0.018432439266359544,0.07721411715843976,2.768836920317106,3.3252203811063206
num_sats,pct_tl_nvr_dlq,0.11544310261604186,0.11544310261604186,0.018432439266359544,0.0037269775784282647,2.768836920317106,3.3308262598044482
num_sats,percent_bc_gt_75,-0.09311727166967185,0.09311727166967185,0.018432439266359544,0.07830303392951792,2.768836920317106,3.4307977632543993
num_sats,pub_rec_bankruptcies,-0.025907874549887615,0.025907874549887615,0.018432439266359544,0.021686175332832822,2.768836920317106,0.06867201405206927
num_sats,tax_liens,-0.007378016672841368,0.007378016672841368,0.018432439266359544,0.013644503499620549,2.768836920317106,0.0037372524654187356
num_sats,tot_hi_cred_lim,0.2943025729209868,0.2943025729209868,0.018432439266359544,0.061955101049037724,2.768836920317106,3.3252203811063206
num_sats,total_bal_ex_mort,0.39702156864816956,0.39702156864816956,0.018432439266359544,0.010337636565541718,2.768836920317106,2.3605420884701087
num_sats,total_bc_limit,0.38822192182056314,0.38822192182056314,0.018432439266359544,0.0727331430169503,2.768836920317106,2.3605420884701087
num_sats,total_il_high_credit_limit,0.3651862803390232,0.3651862803390232,0.018432439266359544,0.012103906507566485,2.768836920317106,3.3252203811063206
num_sats,year_issued,0.005871252383195305,0.005871252383195305,0.018432439266359544,0.14600503649089677,2.768836920317106,0.0
num_tl_120dpd_2m,num_tl_30dpd,0.009372765897033404,0.009372765897033404,0.0022468872711697264,0.0047684994383403794,7.126940451553529,3.3252203811063206
num_tl_120dpd_2m,num_tl_90g_dpd_24m,0.08063882505029508,0.08063882505029508,0.0022468872711697264,0.012197969067421339,7.126940451553529,3.3252203811063206
num_tl_120dpd_2m,num_tl_op_past_12m,-0.005495007914622331,0.005495007914622331,0.0022468872711697264,0.07721411715843976,7.126940451553529,3.3252203811063206
num_tl_120dpd_2m,pct_tl_nvr_dlq,-0.019776168817488678,0.019776168817488678,0.0022468872711697264,0.0037269775784282647,7.126940451553529,3.3308262598044482
num_tl_120dpd_2m,percent_bc_gt_75,-0.006032603443156337,0.006032603443156337,0.0022468872711697264,0.07830303392951792,7.126940451553529,3.4307977632543993
num_tl_120dpd_2m,pub_rec_bankruptcies,-0.001989952556129896,0.001989952556129896,0.0022468872711697264,0.021686175332832822,7.126940451553529,0.06867201405206927
num_tl_120dpd_2m,tax_liens,0.002380750787997952,0.002380750787997952,0.0022468872711697264,0.013644503499620549,7.126940451553529,0.0037372524654187356
num_tl_120dpd_2m,tot_hi_cred_lim,0.004375853844621526,0.004375853844621526,0.0022468872711697264,0.061955101049037724,7.126940451553529,3.3252203811063206
num_tl_120dpd_2m,total_bal_ex_mort,0.003038441524643407,0.003038441524643407,0.0022468872711697264,0.010337636565541718,7.126940451553529,2.3605420884701087
num_tl_120dpd_2m,total_bc_limit,-0.0019465257035295885,0.0019465257035295885,0.0022468872711697264,0.0727331430169503,7.126940451553529,2.3605420884701087
num_tl_120dpd_2m,total_il_high_credit_limit,0.004241490418142484,0.004241490418142484,0.0022468872711697264,0.012103906507566485,7.126940451553529,3.3252203811063206
num_tl_120dpd_2m,year_issued,-0.005023538623149016,0.005023538623149016,0.0022468872711697264,0.14600503649089677,7.126940451553529,0.0
num_tl_30dpd,num_tl_90g_dpd_24m,0.007287465902362572,0.007287465902362572,0.0047684994383403794,0.012197969067421339,3.3252203811063206,3.3252203811063206
num_tl_30dpd,num_tl_op_past_12m,-0.004292461478110933,0.004292461478110933,0.0047684994383403794,0.07721411715843976,3.3252203811063206,3.3252203811063206
num_tl_30dpd,pct_tl_nvr_dlq,-0.03154515585499717,0.03154515585499717,0.0047684994383403794,0.0037269775784282647,3.3252203811063206,3.3308262598044482
num_tl_30dpd,percent_bc_gt_75,-0.011708980592534243,0.011708980592534243,0.0047684994383403794,0.07830303392951792,3.3252203811063206,3.4307977632543993
num_tl_30dpd,pub_rec_bankruptcies,-0.012825381848111975,0.012825381848111975,0.0047684994383403794,0.021686175332832822,3.3252203811063206,0.06867201405206927
num_tl_30dpd,tax_liens,0.006452792526615639,0.006452792526615639,0.0047684994383403794,0.013644503499620549,3.3252203811063206,0.0037372524654187356
num_tl_30dpd,tot_hi_cred_lim,0.018421612164408494,0.018421612164408494,0.0047684994383403794,0.061955101049037724,3.3252203811063206,3.3252203811063206
num_tl_30dpd,total_bal_ex_mort,0.0054446025430133094,0.0054446025430133094,0.0047684994383403794,0.010337636565541718,3.3252203811063206,2.3605420884701087
num_tl_30dpd,total_bc_limit,0.00342641558560522,0.00342641558560522,0.0047684994383403794,0.0727331430169503,3.3252203811063206,2.3605420884701087
num_tl_30dpd,total_il_high_credit_limit,0.012399983458225594,0.012399983458225594,0.0047684994383403794,0.012103906507566485,3.3252203811063206,3.3252203811063206
num_tl_30dpd,year_issued,-0.016557545709968608,0.016557545709968608,0.0047684994383403794,0.14600503649089677,3.3252203811063206,0.0
num_tl_90g_dpd_24m,num_tl_op_past_12m,-0.0014628893526863638,0.0014628893526863638,0.012197969067421339,0.07721411715843976,3.3252203811063206,3.3252203811063206
num_tl_90g_dpd_24m,pct_tl_nvr_dlq,-0.26675300461619794,0.26675300461619794,0.012197969067421339,0.0037269775784282647,3.3252203811063206,3.3308262598044482
num_tl_90g_dpd_24m,percent_bc_gt_75,-0.010978168619142008,0.010978168619142008,0.012197969067421339,0.07830303392951792,3.3252203811063206,3.4307977632543993
num_tl_90g_dpd_24m,pub_rec_bankruptcies,-0.010810762436252317,0.010810762436252317,0.012197969067421339,0.021686175332832822,3.3252203811063206,0.06867201405206927
num_tl_90g_dpd_24m,tax_liens,0.0003140622069206941,0.0003140622069206941,0.012197969067421339,0.013644503499620549,3.3252203811063206,0.0037372524654187356
num_tl_90g_dpd_24m,tot_hi_cred_lim,0.007134408574476396,0.007134408574476396,0.012197969067421339,0.061955101049037724,3.3252203811063206,3.3252203811063206
num_tl_90g_dpd_24m,total_bal_ex_mort,0.014017972959885135,0.014017972959885135,0.012197969067421339,0.010337636565541718,3.3252203811063206,2.3605420884701087
num_tl_90g_dpd_24m,total_bc_limit,-0.05966562452593326,0.05966562452593326,0.012197969067421339,0.0727331430169503,3.3252203811063206,2.3605420884701087
num_tl_90g_dpd_24m,total_il_high_credit_limit,0.031192324229381372,0.031192324229381372,0.012197969067421339,0.012103906507566485,3.3252203811063206,3.3252203811063206
num_tl_90g_dpd_24m,year_issued,-0.012090674830119679,0.012090674830119679,0.012197969067421339,0.14600503649089677,3.3252203811063206,0.0
num_tl_op_past_12m,pct_tl_nvr_dlq,0.01100390436605763,0.01100390436605763,0.07721411715843976,0.0037269775784282647,3.3252203811063206,3.3308262598044482
num_tl_op_past_12m,percent_bc_gt_75,-0.1748667290064541,0.1748667290064541,0.07721411715843976,0.07830303392951792,3.3252203811063206,3.4307977632543993
num_tl_op_past_12m,pub_rec_bankruptcies,0.08735083600482575,0.08735083600482575,0.07721411715843976,0.021686175332832822,3.3252203811063206,0.06867201405206927
num_tl_op_past_12m,tax_liens,0.017602731636496557,0.017602731636496557,0.07721411715843976,0.013644503499620549,3.3252203811063206,0.0037372524654187356
num_tl_op_past_12m,tot_hi_cred_lim,0.10056119529246825,0.10056119529246825,0.07721411715843976,0.061955101049037724,3.3252203811063206,3.3252203811063206
num_tl_op_past_12m,total_bal_ex_mort,0.11656920009230086,0.11656920009230086,0.07721411715843976,0.010337636565541718,3.3252203811063206,2.3605420884701087
num_tl_op_past_12m,total_bc_limit,0.05474163040215391,0.05474163040215391,0.07721411715843976,0.0727331430169503,3.3252203811063206,2.3605420884701087
num_tl_op_past_12m,total_il_high_credit_limit,0.13717228978415985,0.13717228978415985,0.07721411715843976,0.012103906507566485,3.3252203811063206,3.3252203811063206
num_tl_op_past_12m,year_issued,0.02069744824215986,0.02069744824215986,0.07721411715843976,0.14600503649089677,3.3252203811063206,0.0
pct_tl_nvr_dlq,percent_bc_gt_75,-0.011874020738816382,0.011874020738816382,0.0037269775784282647,0.07830303392951792,3.3308262598044482,3.4307977632543993
pct_tl_nvr_dlq,pub_rec_bankruptcies,0.05218564592556829,0.05218564592556829,0.0037269775784282647,0.021686175332832822,3.3308262598044482,0.06867201405206927
pct_tl_nvr_dlq,tax_liens,-0.02652036655068942,0.02652036655068942,0.0037269775784282647,0.013644503499620549,3.3308262598044482,0.0037372524654187356
pct_tl_nvr_dlq,tot_hi_cred_lim,0.02318421799164235,0.02318421799164235,0.0037269775784282647,0.061955101049037724,3.3308262598044482,3.3252203811063206
pct_tl_nvr_dlq,total_bal_ex_mort,0.05757628836813566,0.05757628836813566,0.0037269775784282647,0.010337636565541718,3.3308262598044482,2.3605420884701087
pct_tl_nvr_dlq,total_bc_limit,0.21637105701421935,0.21637105701421935,0.0037269775784282647,0.0727331430169503,3.3308262598044482,2.3605420884701087
pct_tl_nvr_dlq,total_il_high_credit_limit,0.015084266269429677,0.015084266269429677,0.0037269775784282647,0.012103906507566485,3.3308262598044482,3.3252203811063206
pct_tl_nvr_dlq,year_issued,-0.016643182105038484,0.016643182105038484,0.0037269775784282647,0.14600503649089677,3.3308262598044482,0.0
percent_bc_gt_75,pub_rec_bankruptcies,-0.03665513225395131,0.03665513225395131,0.07830303392951792,0.021686175332832822,3.4307977632543993,0.06867201405206927
percent_bc_gt_75,tax_liens,-0.011493309894479246,0.011493309894479246,0.07830303392951792,0.013644503499620549,3.4307977632543993,0.0037372524654187356
percent_bc_gt_75,tot_hi_cred_lim,-0.008937511386697473,0.008937511386697473,0.07830303392951792,0.061955101049037724,3.4307977632543993,3.3252203811063206
percent_bc_gt_75,total_bal_ex_mort,0.06831078904496742,0.06831078904496742,0.07830303392951792,0.010337636565541718,3.4307977632543993,2.3605420884701087
percent_bc_gt_75,total_bc_limit,-0.21196698645696113,0.21196698645696113,0.07830303392951792,0.0727331430169503,3.4307977632543993,2.3605420884701087
percent_bc_gt_75,total_il_high_credit_limit,0.012312852730931604,0.012312852730931604,0.07830303392951792,0.012103906507566485,3.4307977632543993,3.3252203811063206
percent_bc_gt_75,year_issued,-0.18847233347633505,0.18847233347633505,0.07830303392951792,0.14600503649089677,3.4307977632543993,0.0
pub_rec_bankruptcies,tax_liens,0.032405145874861596,0.032405145874861596,0.021686175332832822,0.013644503499620549,0.06867201405206927,0.0037372524654187356
pub_rec_bankruptcies,tot_hi_cred_lim,-0.09954158365107625,0.09954158365107625,0.021686175332832822,0.061955101049037724,0.06867201405206927,3.3252203811063206
pub_rec_bankruptcies,total_bal_ex_mort,-0.0712302237932727,0.0712302237932727,0.021686175332832822,0.010337636565541718,0.06867201405206927,2.3605420884701087
pub_rec_bankruptcies,total_bc_limit,-0.14248521704054862,0.14248521704054862,0.021686175332832822,0.0727331430169503,0.06867201405206927,2.3605420884701087
pub_rec_bankruptcies,total_il_high_credit_limit,-0.03490340702649029,0.03490340702649029,0.021686175332832822,0.012103906507566485,0.06867201405206927,3.3252203811063206
pub_rec_bankruptcies,year_issued,0.0351470781652232,0.0351470781652232,0.021686175332832822,0.14600503649089677,0.06867201405206927,0.0
tax_liens,tot_hi_cred_lim,-0.002828733219735277,0.002828733219735277,0.013644503499620549,0.061955101049037724,0.0037372524654187356,3.3252203811063206
tax_liens,total_bal_ex_mort,-0.0019422910296247708,0.0019422910296247708,0.013644503499620549,0.010337636565541718,0.0037372524654187356,2.3605420884701087
tax_liens,total_bc_limit,-0.02345308192963433,0.02345308192963433,0.013644503499620549,0.0727331430169503,0.0037372524654187356,2.3605420884701087
tax_liens,total_il_high_credit_limit,0.002542804793121291,0.002542804793121291,0.013644503499620549,0.012103906507566485,0.0037372524654187356,3.3252203811063206
tax_liens,year_issued,-0.0008545986793707366,0.0008545986793707366,0.013644503499620549,0.14600503649089677,0.0037372524654187356,0.0
tot_hi_cred_lim,total_bal_ex_mort,0.5162254094957937,0.5162254094957937,0.061955101049037724,0.010337636565541718,3.3252203811063206,2.3605420884701087
tot_hi_cred_lim,total_bc_limit,0.4035020463430988,0.4035020463430988,0.061955101049037724,0.0727331430169503,3.3252203811063206,2.3605420884701087
tot_hi_cred_lim,total_il_high_credit_limit,0.4247018120224707,0.4247018120224707,0.061955101049037724,0.012103906507566485,3.3252203811063206,3.3252203811063206
tot_hi_cred_lim,year_issued,0.022741303289547488,0.022741303289547488,0.061955101049037724,0.14600503649089677,3.3252203811063206,0.0
total_bal_ex_mort,total_bc_limit,0.2916822691972299,0.2916822691972299,0.010337636565541718,0.0727331430169503,2.3605420884701087,2.3605420884701087
total_bal_ex_mort,total_il_high_credit_limit,0.8742403352993255,0.8742403352993255,0.010337636565541718,0.012103906507566485,2.3605420884701087,3.3252203811063206
total_bal_ex_mort,year_issued,0.03603259498722728,0.03603259498722728,0.010337636565541718,0.14600503649089677,2.3605420884701087,0.0
total_bc_limit,total_il_high_credit_limit,0.1391355996778727,0.1391355996778727,0.0727331430169503,0.012103906507566485,2.3605420884701087,3.3252203811063206
total_bc_limit,year_issued,0.09783690894019957,0.09783690894019957,0.0727331430169503,0.14600503649089677,2.3605420884701087,0.0
total_il_high_credit_limit,year_issued,0.0554794213009118,0.0554794213009118,0.012103906507566485,0.14600503649089677,3.3252203811063206,0.0
